Busqueda Lineal Paralela,1000,322486,0,-1,1,0.0001871586,0.0001700000,0.0000000000
Busqueda Lineal Paralela,1000,14700764,0,-1,1,0.0000650883,0.0000750000,0.0000000000
Busqueda Lineal Paralela,1000,3128036,0,-1,1,0.0000541210,0.0000560000,0.0000000000
Busqueda Lineal Paralela,1000,6337399,0,-1,1,0.0000710487,0.0000980000,0.0000000000
Busqueda Lineal Paralela,1000,61396,0,-1,1,0.0000870228,0.0001060000,0.0000000000
Busqueda Lineal Paralela,1000,10393545,0,-1,1,0.0000321865,0.0000390000,0.0000000000
Busqueda Lineal Paralela,1000,2147445644,0,-1,1,0.0000319481,0.0000360000,0.0000000000
Busqueda Lineal Paralela,1000,1295390003,0,-1,1,0.0001280308,0.0001130000,0.0000000000
Busqueda Lineal Paralela,1000,450057883,0,-1,1,0.0000338554,0.0000390000,0.0000000000
Busqueda Lineal Paralela,1000,187645041,0,-1,1,0.0000309944,0.0000390000,0.0000000000
Busqueda Lineal Paralela,1000,1980098116,0,-1,1,0.0000269413,0.0000340000,0.0000000000
Busqueda Lineal Paralela,1000,152503,0,-1,1,0.0000319481,0.0000370000,0.0000000000
Busqueda Lineal Paralela,1000,5000,0,-1,1,0.0000309944,0.0000350000,0.0000000000
Busqueda Lineal Paralela,1000,1493283650,0,-1,1,0.0000309944,0.0000350000,0.0000000000
Busqueda Lineal Paralela,1000,214826,0,-1,1,0.0000290871,0.0000360000,0.0000000000
Busqueda Lineal Paralela,1000,1843349527,0,-1,1,0.0000290871,0.0000330000,0.0000000000
Busqueda Lineal Paralela,1000,1360839354,0,-1,1,0.0000259876,0.0000310000,0.0000000000
Busqueda Lineal Paralela,1000,2109248666,0,-1,1,0.0000309944,0.0000380000,0.0000000000
Busqueda Lineal Paralela,1000,2147470852,0,-1,1,0.0000319481,0.0000390000,0.0000000000
Busqueda Lineal Paralela,1000,0,0,-1,1,0.0000278950,0.0000350000,0.0000000000
Busqueda Lineal Paralela,1000,322486,0,-1,2,0.0000970364,0.0000000000,0.0001700000
Busqueda Lineal Paralela,1000,14700764,0,-1,2,0.0000400543,0.0000000000,0.0000640000
Busqueda Lineal Paralela,1000,3128036,0,-1,2,0.0000369549,0.0000000000,0.0000570000
Busqueda Lineal Paralela,1000,6337399,0,-1,2,0.0000319481,0.0000000000,0.0000510000
Busqueda Lineal Paralela,1000,61396,0,-1,2,0.0000360012,0.0000000000,0.0000520000
Busqueda Lineal Paralela,1000,10393545,0,-1,2,0.0000350475,0.0000000000,0.0000540000
Busqueda Lineal Paralela,1000,2147445644,0,-1,2,0.0000429153,0.0000000000,0.0000600000
Busqueda Lineal Paralela,1000,1295390003,0,-1,2,0.0000388622,0.0000000000,0.0000630000
Busqueda Lineal Paralela,1000,450057883,0,-1,2,0.0000350475,0.0000000000,0.0000530000
Busqueda Lineal Paralela,1000,187645041,0,-1,2,0.0000419617,0.0000000000,0.0000570000
Busqueda Lineal Paralela,1000,1980098116,0,-1,2,0.0000329018,0.0000000000,0.0000510000
Busqueda Lineal Paralela,1000,152503,0,-1,2,0.0000329018,0.0000000000,0.0000510000
Busqueda Lineal Paralela,1000,5000,0,-1,2,0.0000331402,0.0000000000,0.0000500000
Busqueda Lineal Paralela,1000,1493283650,0,-1,2,0.0000331402,0.0000000000,0.0000500000
Busqueda Lineal Paralela,1000,214826,0,-1,2,0.0000338554,0.0000000000,0.0000510000
Busqueda Lineal Paralela,1000,1843349527,0,-1,2,0.0000329018,0.0000000000,0.0000500000
Busqueda Lineal Paralela,1000,1360839354,0,-1,2,0.0000309944,0.0000000000,0.0000480000
Busqueda Lineal Paralela,1000,2109248666,0,-1,2,0.0000319481,0.0000000000,0.0000500000
Busqueda Lineal Paralela,1000,2147470852,0,-1,2,0.0000319481,0.0000000000,0.0000510000
Busqueda Lineal Paralela,1000,0,0,-1,2,0.0000329018,0.0000000000,0.0000510000
Busqueda Lineal Paralela,1000,322486,0,-1,4,0.0000939369,0.0000000000,0.0001710000
Busqueda Lineal Paralela,1000,14700764,0,-1,4,0.0000700951,0.0000000000,0.0001450000
Busqueda Lineal Paralela,1000,3128036,0,-1,4,0.0000810623,0.0000000000,0.0001410000
Busqueda Lineal Paralela,1000,6337399,0,-1,4,0.0000820160,0.0000000000,0.0001380000
Busqueda Lineal Paralela,1000,61396,0,-1,4,0.0000851154,0.0000000000,0.0001450000
Busqueda Lineal Paralela,1000,10393545,0,-1,4,0.0000700951,0.0000000000,0.0001130000
Busqueda Lineal Paralela,1000,2147445644,0,-1,4,0.0000560284,0.0000000000,0.0001010000
Busqueda Lineal Paralela,1000,1295390003,0,-1,4,0.0000541210,0.0000000000,0.0001000000
Busqueda Lineal Paralela,1000,450057883,0,-1,4,0.0000569820,0.0000000000,0.0000990000
Busqueda Lineal Paralela,1000,187645041,0,-1,4,0.0000648499,0.0001150000,0.0000000000
Busqueda Lineal Paralela,1000,1980098116,0,-1,4,0.0000550747,0.0001000000,0.0000000000
Busqueda Lineal Paralela,1000,152503,0,-1,4,0.0000538826,0.0000950000,0.0000000000
Busqueda Lineal Paralela,1000,5000,0,-1,4,0.0000560284,0.0000990000,0.0000000000
Busqueda Lineal Paralela,1000,1493283650,0,-1,4,0.0000541210,0.0000950000,0.0000000000
Busqueda Lineal Paralela,1000,214826,0,-1,4,0.0000538826,0.0000950000,0.0000000000
Busqueda Lineal Paralela,1000,1843349527,0,-1,4,0.0000529289,0.0000940000,0.0000000000
Busqueda Lineal Paralela,1000,1360839354,0,-1,4,0.0000538826,0.0000950000,0.0000000000
Busqueda Lineal Paralela,1000,2109248666,0,-1,4,0.0000560284,0.0000590000,0.0000390000
Busqueda Lineal Paralela,1000,2147470852,0,-1,4,0.0000529289,0.0000320000,0.0000650000
Busqueda Lineal Paralela,1000,0,0,-1,4,0.0000669956,0.0000410000,0.0000820000
Busqueda Lineal Paralela,1000,322486,0,-1,8,0.0001940727,0.0000000000,0.0003470000
Busqueda Lineal Paralela,1000,14700764,0,-1,8,0.0001459122,0.0000000000,0.0002900000
Busqueda Lineal Paralela,1000,3128036,0,-1,8,0.0001740456,0.0000000000,0.0003280000
Busqueda Lineal Paralela,1000,6337399,0,-1,8,0.0001218319,0.0000000000,0.0002400000
Busqueda Lineal Paralela,1000,61396,0,-1,8,0.0001089573,0.0000000000,0.0002210000
Busqueda Lineal Paralela,1000,10393545,0,-1,8,0.0001149178,0.0000000000,0.0002130000
Busqueda Lineal Paralela,1000,2147445644,0,-1,8,0.0001270771,0.0000000000,0.0002390000
Busqueda Lineal Paralela,1000,1295390003,0,-1,8,0.0001242161,0.0000000000,0.0002320000
Busqueda Lineal Paralela,1000,450057883,0,-1,8,0.0001239777,0.0000000000,0.0002440000
Busqueda Lineal Paralela,1000,187645041,0,-1,8,0.0001430511,0.0000000000,0.0002490000
Busqueda Lineal Paralela,1000,1980098116,0,-1,8,0.0003328323,0.0000000000,0.0002190000
Busqueda Lineal Paralela,1000,152503,0,-1,8,0.0001001358,0.0000000000,0.0002020000
Busqueda Lineal Paralela,1000,5000,0,-1,8,0.0001070499,0.0000000000,0.0002140000
Busqueda Lineal Paralela,1000,1493283650,0,-1,8,0.0001089573,0.0000000000,0.0002110000
Busqueda Lineal Paralela,1000,214826,0,-1,8,0.0001161098,0.0000000000,0.0001880000
Busqueda Lineal Paralela,1000,1843349527,0,-1,8,0.0001060963,0.0002010000,0.0000000000
Busqueda Lineal Paralela,1000,1360839354,0,-1,8,0.0001418591,0.0002620000,0.0000000000
Busqueda Lineal Paralela,1000,2109248666,0,-1,8,0.0001089573,0.0002200000,0.0000000000
Busqueda Lineal Paralela,1000,2147470852,0,-1,8,0.0001189709,0.0000560000,0.0001590000
Busqueda Lineal Paralela,1000,0,0,-1,8,0.0001151562,0.0000300000,0.0001760000
Busqueda Lineal Paralela,5000,322486,0,-1,1,0.0001339912,0.0000770000,0.0000760000
Busqueda Lineal Paralela,5000,14700764,0,-1,1,0.0000419617,0.0000230000,0.0000230000
Busqueda Lineal Paralela,5000,3128036,0,-1,1,0.0000419617,0.0000220000,0.0000230000
Busqueda Lineal Paralela,5000,6337399,0,-1,1,0.0000400543,0.0000240000,0.0000230000
Busqueda Lineal Paralela,5000,61396,0,-1,1,0.0000529289,0.0000300000,0.0000300000
Busqueda Lineal Paralela,5000,10393545,0,-1,1,0.0000388622,0.0000230000,0.0000230000
Busqueda Lineal Paralela,5000,2147445644,0,-1,1,0.0000350475,0.0000200000,0.0000210000
Busqueda Lineal Paralela,5000,1295390003,0,-1,1,0.0000400543,0.0000220000,0.0000230000
Busqueda Lineal Paralela,5000,450057883,0,-1,1,0.0000510216,0.0000000000,0.0000530000
Busqueda Lineal Paralela,5000,187645041,0,-1,1,0.0000350475,0.0000000000,0.0000420000
Busqueda Lineal Paralela,5000,1980098116,0,-1,1,0.0000381470,0.0000000000,0.0000460000
Busqueda Lineal Paralela,5000,152503,0,-1,1,0.0001459122,0.0000000000,0.0000950000
Busqueda Lineal Paralela,5000,5000,0,-1,1,0.0000488758,0.0000000000,0.0000580000
Busqueda Lineal Paralela,5000,1493283650,0,-1,1,0.0000441074,0.0000000000,0.0000510000
Busqueda Lineal Paralela,5000,214826,0,-1,1,0.0000519753,0.0000000000,0.0000610000
Busqueda Lineal Paralela,5000,1843349527,0,-1,1,0.0000429153,0.0000000000,0.0000500000
Busqueda Lineal Paralela,5000,1360839354,0,-1,1,0.0000400543,0.0000000000,0.0000470000
Busqueda Lineal Paralela,5000,2109248666,0,-1,1,0.0000450611,0.0000000000,0.0000520000
Busqueda Lineal Paralela,5000,2147470852,0,-1,1,0.0000472069,0.0000000000,0.0000540000
Busqueda Lineal Paralela,5000,0,0,-1,1,0.0000438690,0.0000000000,0.0000500000
Busqueda Lineal Paralela,5000,322486,0,-1,2,0.0001010895,0.0001800000,0.0000000000
Busqueda Lineal Paralela,5000,14700764,0,-1,2,0.0000782013,0.0001240000,0.0000000000
Busqueda Lineal Paralela,5000,3128036,0,-1,2,0.0000581741,0.0000870000,0.0000000000
Busqueda Lineal Paralela,5000,6337399,0,-1,2,0.0000510216,0.0000800000,0.0000000000
Busqueda Lineal Paralela,5000,61396,0,-1,2,0.0000450611,0.0000700000,0.0000000000
Busqueda Lineal Paralela,5000,10393545,0,-1,2,0.0000429153,0.0000720000,0.0000000000
Busqueda Lineal Paralela,5000,2147445644,0,-1,2,0.0000379086,0.0000630000,0.0000000000
Busqueda Lineal Paralela,5000,1295390003,0,-1,2,0.0000410080,0.0000660000,0.0000000000
Busqueda Lineal Paralela,5000,450057883,0,-1,2,0.0000391006,0.0000630000,0.0000000000
Busqueda Lineal Paralela,5000,187645041,0,-1,2,0.0000548363,0.0000000000,0.0000780000
Busqueda Lineal Paralela,5000,1980098116,0,-1,2,0.0000479221,0.0000000000,0.0000700000
Busqueda Lineal Paralela,5000,152503,0,-1,2,0.0000398159,0.0000000000,0.0000690000
Busqueda Lineal Paralela,5000,5000,0,-1,2,0.0000422001,0.0000000000,0.0000650000
Busqueda Lineal Paralela,5000,1493283650,0,-1,2,0.0000472069,0.0000000000,0.0000620000
Busqueda Lineal Paralela,5000,214826,0,-1,2,0.0000479221,0.0000000000,0.0000730000
Busqueda Lineal Paralela,5000,1843349527,0,-1,2,0.0000369549,0.0000000000,0.0000610000
Busqueda Lineal Paralela,5000,1360839354,0,-1,2,0.0000410080,0.0000000000,0.0000650000
Busqueda Lineal Paralela,5000,2109248666,0,-1,2,0.0000381470,0.0000000000,0.0000620000
Busqueda Lineal Paralela,5000,2147470852,0,-1,2,0.0000410080,0.0000000000,0.0000640000
Busqueda Lineal Paralela,5000,0,0,-1,2,0.0000360012,0.0000000000,0.0000630000
Busqueda Lineal Paralela,5000,322486,0,-1,4,0.0001149178,0.0000000000,0.0002090000
Busqueda Lineal Paralela,5000,14700764,0,-1,4,0.0000770092,0.0000000000,0.0001520000
Busqueda Lineal Paralela,5000,3128036,0,-1,4,0.0000691414,0.0000000000,0.0001300000
Busqueda Lineal Paralela,5000,6337399,0,-1,4,0.0001370907,0.0000000000,0.0003120000
Busqueda Lineal Paralela,5000,61396,0,-1,4,0.0000917912,0.0000000000,0.0001610000
Busqueda Lineal Paralela,5000,10393545,0,-1,4,0.0000720024,0.0000000000,0.0001380000
Busqueda Lineal Paralela,5000,2147445644,0,-1,4,0.0000758171,0.0000000000,0.0001390000
Busqueda Lineal Paralela,5000,1295390003,0,-1,4,0.0000889301,0.0000000000,0.0001620000
Busqueda Lineal Paralela,5000,450057883,0,-1,4,0.0000820160,0.0000000000,0.0001700000
Busqueda Lineal Paralela,5000,187645041,0,-1,4,0.0000700951,0.0000000000,0.0001300000
Busqueda Lineal Paralela,5000,1980098116,0,-1,4,0.0000591278,0.0000000000,0.0001140000
Busqueda Lineal Paralela,5000,152503,0,-1,4,0.0000700951,0.0000000000,0.0001310000
Busqueda Lineal Paralela,5000,5000,0,-1,4,0.0000789165,0.0000000000,0.0001560000
Busqueda Lineal Paralela,5000,1493283650,0,-1,4,0.0000979900,0.0001540000,0.0000000000
Busqueda Lineal Paralela,5000,214826,0,-1,4,0.0000801086,0.0001580000,0.0000000000
Busqueda Lineal Paralela,5000,1843349527,0,-1,4,0.0000700951,0.0001360000,0.0000000000
Busqueda Lineal Paralela,5000,1360839354,0,-1,4,0.0000669956,0.0001280000,0.0000000000
Busqueda Lineal Paralela,5000,2109248666,0,-1,4,0.0000839233,0.0001560000,0.0000000000
Busqueda Lineal Paralela,5000,2147470852,0,-1,4,0.0000638962,0.0000380000,0.0000790000
Busqueda Lineal Paralela,5000,0,0,-1,4,0.0000588894,0.0000220000,0.0000880000
Busqueda Lineal Paralela,5000,322486,0,-1,8,0.0002851486,0.0002600000,0.0002570000
Busqueda Lineal Paralela,5000,14700764,0,-1,8,0.0001580715,0.0001760000,0.0001740000
Busqueda Lineal Paralela,5000,3128036,0,-1,8,0.0001168251,0.0001140000,0.0001140000
Busqueda Lineal Paralela,5000,6337399,0,-1,8,0.0001029968,0.0001000000,0.0000980000
Busqueda Lineal Paralela,5000,61396,0,-1,8,0.0000989437,0.0000970000,0.0000960000
Busqueda Lineal Paralela,5000,10393545,0,-1,8,0.0001199245,0.0000940000,0.0001080000
Busqueda Lineal Paralela,5000,2147445644,0,-1,8,0.0001568794,0.0001400000,0.0001410000
Busqueda Lineal Paralela,5000,1295390003,0,-1,8,0.0001130104,0.0001180000,0.0001170000
Busqueda Lineal Paralela,5000,450057883,0,-1,8,0.0001008511,0.0000970000,0.0000970000
Busqueda Lineal Paralela,5000,187645041,0,-1,8,0.0001010895,0.0000990000,0.0001000000
Busqueda Lineal Paralela,5000,1980098116,0,-1,8,0.0001039505,0.0001020000,0.0001010000
Busqueda Lineal Paralela,5000,152503,0,-1,8,0.0001029968,0.0000980000,0.0000980000
Busqueda Lineal Paralela,5000,5000,0,-1,8,0.0001101494,0.0001040000,0.0001040000
Busqueda Lineal Paralela,5000,1493283650,0,-1,8,0.0001089573,0.0000000000,0.0002040000
Busqueda Lineal Paralela,5000,214826,0,-1,8,0.0001039505,0.0000000000,0.0002050000
Busqueda Lineal Paralela,5000,1843349527,0,-1,8,0.0001020432,0.0000000000,0.0002020000
Busqueda Lineal Paralela,5000,1360839354,0,-1,8,0.0001041889,0.0000000000,0.0002010000
Busqueda Lineal Paralela,5000,2109248666,0,-1,8,0.0001008511,0.0000000000,0.0001970000
Busqueda Lineal Paralela,5000,2147470852,0,-1,8,0.0001029968,0.0000000000,0.0001980000
Busqueda Lineal Paralela,5000,0,0,-1,8,0.0001049042,0.0000000000,0.0002000000
Busqueda Lineal Paralela,10000,322486,0,-1,1,0.0001859665,0.0000000000,0.0002070000
Busqueda Lineal Paralela,10000,14700764,0,-1,1,0.0000901222,0.0000000000,0.0001010000
Busqueda Lineal Paralela,10000,3128036,0,-1,1,0.0000569820,0.0000000000,0.0000620000
Busqueda Lineal Paralela,10000,6337399,0,-1,1,0.0000579357,0.0000000000,0.0000620000
Busqueda Lineal Paralela,10000,61396,0,-1,1,0.0000710487,0.0000000000,0.0000750000
Busqueda Lineal Paralela,10000,10393545,0,-1,1,0.0000510216,0.0000000000,0.0000560000
Busqueda Lineal Paralela,10000,2147445644,0,-1,1,0.0000488758,0.0000000000,0.0000520000
Busqueda Lineal Paralela,10000,1295390003,0,-1,1,0.0000450611,0.0000000000,0.0000480000
Busqueda Lineal Paralela,10000,450057883,0,-1,1,0.0000450611,0.0000000000,0.0000490000
Busqueda Lineal Paralela,10000,187645041,0,-1,1,0.0000448227,0.0000000000,0.0000510000
Busqueda Lineal Paralela,10000,1980098116,0,-1,1,0.0000450611,0.0000000000,0.0000480000
Busqueda Lineal Paralela,10000,152503,0,-1,1,0.0000491142,0.0000000000,0.0000520000
Busqueda Lineal Paralela,10000,5000,0,-1,1,0.0000450611,0.0000000000,0.0000510000
Busqueda Lineal Paralela,10000,1493283650,0,-1,1,0.0000491142,0.0000000000,0.0000550000
Busqueda Lineal Paralela,10000,214826,0,-1,1,0.0000488758,0.0000000000,0.0000530000
Busqueda Lineal Paralela,10000,1843349527,0,-1,1,0.0000481606,0.0000000000,0.0000530000
Busqueda Lineal Paralela,10000,1360839354,0,-1,1,0.0000591278,0.0000000000,0.0000650000
Busqueda Lineal Paralela,10000,2109248666,0,-1,1,0.0000569820,0.0000000000,0.0000670000
Busqueda Lineal Paralela,10000,2147470852,0,-1,1,0.0000579357,0.0000000000,0.0000620000
Busqueda Lineal Paralela,10000,0,0,-1,1,0.0000529289,0.0000000000,0.0000610000
Busqueda Lineal Paralela,10000,322486,0,-1,2,0.0001239777,0.0001040000,0.0001070000
Busqueda Lineal Paralela,10000,14700764,0,-1,2,0.0000669956,0.0000490000,0.0000510000
Busqueda Lineal Paralela,10000,3128036,0,-1,2,0.0000510216,0.0000410000,0.0000420000
Busqueda Lineal Paralela,10000,6337399,0,-1,2,0.0000450611,0.0000360000,0.0000370000
Busqueda Lineal Paralela,10000,61396,0,-1,2,0.0000419617,0.0000360000,0.0000360000
Busqueda Lineal Paralela,10000,10393545,0,-1,2,0.0000398159,0.0000350000,0.0000350000
Busqueda Lineal Paralela,10000,2147445644,0,-1,2,0.0000522137,0.0000000000,0.0000830000
Busqueda Lineal Paralela,10000,1295390003,0,-1,2,0.0000500679,0.0000000000,0.0000780000
Busqueda Lineal Paralela,10000,450057883,0,-1,2,0.0000450611,0.0000000000,0.0000830000
Busqueda Lineal Paralela,10000,187645041,0,-1,2,0.0000600815,0.0000000000,0.0000930000
Busqueda Lineal Paralela,10000,1980098116,0,-1,2,0.0000591278,0.0000000000,0.0000980000
Busqueda Lineal Paralela,10000,152503,0,-1,2,0.0000598431,0.0000000000,0.0000900000
Busqueda Lineal Paralela,10000,5000,0,-1,2,0.0000569820,0.0000000000,0.0000950000
Busqueda Lineal Paralela,10000,1493283650,0,-1,2,0.0000538826,0.0000000000,0.0000910000
Busqueda Lineal Paralela,10000,214826,0,-1,2,0.0000531673,0.0000000000,0.0000880000
Busqueda Lineal Paralela,10000,1843349527,0,-1,2,0.0000541210,0.0000000000,0.0000910000
Busqueda Lineal Paralela,10000,1360839354,0,-1,2,0.0000610352,0.0000000000,0.0000980000
Busqueda Lineal Paralela,10000,2109248666,0,-1,2,0.0000720024,0.0000360000,0.0000740000
Busqueda Lineal Paralela,10000,2147470852,0,-1,2,0.0000600815,0.0000320000,0.0000660000
Busqueda Lineal Paralela,10000,0,0,-1,2,0.0000789165,0.0000960000,0.0000000000
Busqueda Lineal Paralela,10000,322486,0,-1,4,0.0002489090,0.0004570000,0.0000000000
Busqueda Lineal Paralela,10000,14700764,0,-1,4,0.0000989437,0.0001920000,0.0000000000
Busqueda Lineal Paralela,10000,3128036,0,-1,4,0.0000889301,0.0000000000,0.0001740000
Busqueda Lineal Paralela,10000,6337399,0,-1,4,0.0001409054,0.0000000000,0.0003430000
Busqueda Lineal Paralela,10000,61396,0,-1,4,0.0001859665,0.0000000000,0.0004030000
Busqueda Lineal Paralela,10000,10393545,0,-1,4,0.0001091957,0.0000000000,0.0001950000
Busqueda Lineal Paralela,10000,2147445644,0,-1,4,0.0000751019,0.0000000000,0.0001570000
Busqueda Lineal Paralela,10000,1295390003,0,-1,4,0.0000700951,0.0000660000,0.0000760000
Busqueda Lineal Paralela,10000,450057883,0,-1,4,0.0000710487,0.0000850000,0.0000420000
Busqueda Lineal Paralela,10000,187645041,0,-1,4,0.0000779629,0.0000920000,0.0000460000
Busqueda Lineal Paralela,10000,1980098116,0,-1,4,0.0000948906,0.0001430000,0.0000000000
Busqueda Lineal Paralela,10000,152503,0,-1,4,0.0001049042,0.0001850000,0.0000000000
Busqueda Lineal Paralela,10000,5000,0,-1,4,0.0000951290,0.0001750000,0.0000000000
Busqueda Lineal Paralela,10000,1493283650,0,-1,4,0.0000638962,0.0001260000,0.0000000000
Busqueda Lineal Paralela,10000,214826,0,-1,4,0.0000669956,0.0001230000,0.0000000000
Busqueda Lineal Paralela,10000,1843349527,0,-1,4,0.0000689030,0.0001410000,0.0000000000
Busqueda Lineal Paralela,10000,1360839354,0,-1,4,0.0000748634,0.0001320000,0.0000000000
Busqueda Lineal Paralela,10000,2109248666,0,-1,4,0.0000669956,0.0001230000,0.0000000000
Busqueda Lineal Paralela,10000,2147470852,0,-1,4,0.0000710487,0.0001280000,0.0000000000
Busqueda Lineal Paralela,10000,0,0,-1,4,0.0000679493,0.0001380000,0.0000000000
Busqueda Lineal Paralela,10000,322486,0,-1,8,0.0003590584,0.0000000000,0.0008740000
Busqueda Lineal Paralela,10000,14700764,0,-1,8,0.0001771450,0.0000000000,0.0003700000
Busqueda Lineal Paralela,10000,3128036,0,-1,8,0.0001151562,0.0000000000,0.0002430000
Busqueda Lineal Paralela,10000,6337399,0,-1,8,0.0001161098,0.0000040000,0.0002290000
Busqueda Lineal Paralela,10000,61396,0,-1,8,0.0001058578,0.0001180000,0.0001170000
Busqueda Lineal Paralela,10000,10393545,0,-1,8,0.0001251698,0.0001220000,0.0001270000
Busqueda Lineal Paralela,10000,2147445644,0,-1,8,0.0001389980,0.0001420000,0.0001400000
Busqueda Lineal Paralela,10000,1295390003,0,-1,8,0.0001411438,0.0001530000,0.0001510000
Busqueda Lineal Paralela,10000,450057883,0,-1,8,0.0001749992,0.0001840000,0.0001840000
Busqueda Lineal Paralela,10000,187645041,0,-1,8,0.0001409054,0.0001420000,0.0001420000
Busqueda Lineal Paralela,10000,1980098116,0,-1,8,0.0001389980,0.0001330000,0.0001320000
Busqueda Lineal Paralela,10000,152503,0,-1,8,0.0001161098,0.0001280000,0.0001270000
Busqueda Lineal Paralela,10000,5000,0,-1,8,0.0001199245,0.0002510000,0.0000000000
Busqueda Lineal Paralela,10000,1493283650,0,-1,8,0.0001120567,0.0002340000,0.0000000000
Busqueda Lineal Paralela,10000,214826,0,-1,8,0.0001049042,0.0002290000,0.0000000000
Busqueda Lineal Paralela,10000,1843349527,0,-1,8,0.0001142025,0.0002380000,0.0000000000
Busqueda Lineal Paralela,10000,1360839354,0,-1,8,0.0001208782,0.0002440000,0.0000000000
Busqueda Lineal Paralela,10000,2109248666,0,-1,8,0.0001089573,0.0002300000,0.0000000000
Busqueda Lineal Paralela,10000,2147470852,0,-1,8,0.0001420975,0.0001680000,0.0001110000
Busqueda Lineal Paralela,10000,0,0,-1,8,0.0001490116,0.0000000000,0.0002600000
Busqueda Lineal Paralela,50000,322486,0,-1,1,0.0002450943,0.0002590000,0.0000000000
Busqueda Lineal Paralela,50000,14700764,0,-1,1,0.0001909733,0.0001940000,0.0000000000
Busqueda Lineal Paralela,50000,3128036,0,-1,1,0.0002820492,0.0002400000,0.0000000000
Busqueda Lineal Paralela,50000,6337399,0,-1,1,0.0002040863,0.0002080000,0.0000000000
Busqueda Lineal Paralela,50000,61396,0,-1,1,0.0001618862,0.0001650000,0.0000000000
Busqueda Lineal Paralela,50000,10393545,0,-1,1,0.0001468658,0.0001760000,0.0000000000
Busqueda Lineal Paralela,50000,2147445644,0,-1,1,0.0002591610,0.0000000000,0.0002390000
Busqueda Lineal Paralela,50000,1295390003,0,-1,1,0.0002458096,0.0000000000,0.0002720000
Busqueda Lineal Paralela,50000,450057883,0,-1,1,0.0001389980,0.0000000000,0.0001410000
Busqueda Lineal Paralela,50000,187645041,0,-1,1,0.0001521111,0.0000000000,0.0001540000
Busqueda Lineal Paralela,50000,1980098116,0,-1,1,0.0002610683,0.0002090000,0.0000530000
Busqueda Lineal Paralela,50000,152503,0,-1,1,0.0003240108,0.0002950000,0.0000380000
Busqueda Lineal Paralela,50000,5000,0,-1,1,0.0001947880,0.0001800000,0.0000230000
Busqueda Lineal Paralela,50000,1493283650,0,-1,1,0.0001997948,0.0001840000,0.0000230000
Busqueda Lineal Paralela,50000,214826,0,-1,1,0.0002000332,0.0002010000,0.0000000000
Busqueda Lineal Paralela,50000,1843349527,0,-1,1,0.0002770424,0.0002500000,0.0000000000
Busqueda Lineal Paralela,50000,1360839354,0,-1,1,0.0001568794,0.0001600000,0.0000000000
Busqueda Lineal Paralela,50000,2109248666,0,-1,1,0.0001440048,0.0001480000,0.0000000000
Busqueda Lineal Paralela,50000,2147470852,0,-1,1,0.0001230240,0.0001270000,0.0000000000
Busqueda Lineal Paralela,50000,0,0,-1,1,0.0001959801,0.0001570000,0.0000000000
Busqueda Lineal Paralela,50000,322486,0,-1,2,0.0002288818,0.0000000000,0.0002860000
Busqueda Lineal Paralela,50000,14700764,0,-1,2,0.0001568794,0.0000000000,0.0002940000
Busqueda Lineal Paralela,50000,3128036,0,-1,2,0.0002348423,0.0000280000,0.0004140000
Busqueda Lineal Paralela,50000,6337399,0,-1,2,0.0001540184,0.0001500000,0.0001150000
Busqueda Lineal Paralela,50000,61396,0,-1,2,0.0001029968,0.0001100000,0.0000840000
Busqueda Lineal Paralela,50000,10393545,0,-1,2,0.0002119541,0.0000000000,0.0003300000
Busqueda Lineal Paralela,50000,2147445644,0,-1,2,0.0002238750,0.0000000000,0.0004110000
Busqueda Lineal Paralela,50000,1295390003,0,-1,2,0.0002088547,0.0000160000,0.0003670000
Busqueda Lineal Paralela,50000,450057883,0,-1,2,0.0001058578,0.0000920000,0.0000930000
Busqueda Lineal Paralela,50000,187645041,0,-1,2,0.0001089573,0.0000930000,0.0000960000
Busqueda Lineal Paralela,50000,1980098116,0,-1,2,0.0001709461,0.0002460000,0.0000000000
Busqueda Lineal Paralela,50000,152503,0,-1,2,0.0001339912,0.0002310000,0.0000000000
Busqueda Lineal Paralela,50000,5000,0,-1,2,0.0001339912,0.0002300000,0.0000000000
Busqueda Lineal Paralela,50000,1493283650,0,-1,2,0.0001480579,0.0002430000,0.0000000000
Busqueda Lineal Paralela,50000,214826,0,-1,2,0.0001161098,0.0001900000,0.0000000000
Busqueda Lineal Paralela,50000,1843349527,0,-1,2,0.0000951290,0.0001750000,0.0000000000
Busqueda Lineal Paralela,50000,1360839354,0,-1,2,0.0001029968,0.0001860000,0.0000000000
Busqueda Lineal Paralela,50000,2109248666,0,-1,2,0.0001239777,0.0002000000,0.0000000000
Busqueda Lineal Paralela,50000,2147470852,0,-1,2,0.0001089573,0.0001980000,0.0000000000
Busqueda Lineal Paralela,50000,0,0,-1,2,0.0001239777,0.0002100000,0.0000000000
Busqueda Lineal Paralela,50000,322486,0,-1,4,0.0002298355,0.0005560000,0.0000000000
Busqueda Lineal Paralela,50000,14700764,0,-1,4,0.0001201630,0.0000000000,0.0002780000
Busqueda Lineal Paralela,50000,3128036,0,-1,4,0.0001149178,0.0000000000,0.0003330000
Busqueda Lineal Paralela,50000,6337399,0,-1,4,0.0001099110,0.0002000000,0.0000780000
Busqueda Lineal Paralela,50000,61396,0,-1,4,0.0000948906,0.0002160000,0.0000270000
Busqueda Lineal Paralela,50000,10393545,0,-1,4,0.0000829697,0.0001940000,0.0000240000
Busqueda Lineal Paralela,50000,2147445644,0,-1,4,0.0001008511,0.0002020000,0.0000260000
Busqueda Lineal Paralela,50000,1295390003,0,-1,4,0.0000820160,0.0001910000,0.0000230000
Busqueda Lineal Paralela,50000,450057883,0,-1,4,0.0000808239,0.0001910000,0.0000230000
Busqueda Lineal Paralela,50000,187645041,0,-1,4,0.0000979900,0.0002050000,0.0000260000
Busqueda Lineal Paralela,50000,1980098116,0,-1,4,0.0000979900,0.0000000000,0.0002330000
Busqueda Lineal Paralela,50000,152503,0,-1,4,0.0000929832,0.0000000000,0.0002250000
Busqueda Lineal Paralela,50000,5000,0,-1,4,0.0000958443,0.0001550000,0.0000760000
Busqueda Lineal Paralela,50000,1493283650,0,-1,4,0.0000879765,0.0001910000,0.0000380000
Busqueda Lineal Paralela,50000,214826,0,-1,4,0.0000951290,0.0001910000,0.0000380000
Busqueda Lineal Paralela,50000,1843349527,0,-1,4,0.0000889301,0.0001810000,0.0000370000
Busqueda Lineal Paralela,50000,1360839354,0,-1,4,0.0000810623,0.0001500000,0.0000300000
Busqueda Lineal Paralela,50000,2109248666,0,-1,4,0.0001029968,0.0002050000,0.0000410000
Busqueda Lineal Paralela,50000,2147470852,0,-1,4,0.0000820160,0.0001870000,0.0000380000
Busqueda Lineal Paralela,50000,0,0,-1,4,0.0000851154,0.0001790000,0.0000360000
Busqueda Lineal Paralela,50000,322486,0,-1,8,0.0002851486,0.0000000000,0.0006010000
Busqueda Lineal Paralela,50000,14700764,0,-1,8,0.0001759529,0.0000000000,0.0005120000
Busqueda Lineal Paralela,50000,3128036,0,-1,8,0.0001490116,0.0000000000,0.0004090000
Busqueda Lineal Paralela,50000,6337399,0,-1,8,0.0001289845,0.0000800000,0.0002600000
Busqueda Lineal Paralela,50000,61396,0,-1,8,0.0001330376,0.0002680000,0.0000900000
Busqueda Lineal Paralela,50000,10393545,0,-1,8,0.0001480579,0.0002660000,0.0000890000
Busqueda Lineal Paralela,50000,2147445644,0,-1,8,0.0001940727,0.0000850000,0.0002860000
Busqueda Lineal Paralela,50000,1295390003,0,-1,8,0.0001349449,0.0002550000,0.0000960000
Busqueda Lineal Paralela,50000,450057883,0,-1,8,0.0001258850,0.0002520000,0.0000940000
Busqueda Lineal Paralela,50000,187645041,0,-1,8,0.0001111031,0.0002130000,0.0000800000
Busqueda Lineal Paralela,50000,1980098116,0,-1,8,0.0001239777,0.0002240000,0.0000840000
Busqueda Lineal Paralela,50000,152503,0,-1,8,0.0003349781,0.0002490000,0.0000930000
Busqueda Lineal Paralela,50000,5000,0,-1,8,0.0001609325,0.0003000000,0.0001120000
Busqueda Lineal Paralela,50000,1493283650,0,-1,8,0.0001449585,0.0002920000,0.0001090000
Busqueda Lineal Paralela,50000,214826,0,-1,8,0.0006639957,0.0002800000,0.0001050000
Busqueda Lineal Paralela,50000,1843349527,0,-1,8,0.0001668930,0.0002990000,0.0001120000
Busqueda Lineal Paralela,50000,1360839354,0,-1,8,0.0001518726,0.0003040000,0.0001140000
Busqueda Lineal Paralela,50000,2109248666,0,-1,8,0.0001330376,0.0002500000,0.0000940000
Busqueda Lineal Paralela,50000,2147470852,0,-1,8,0.0001249313,0.0002370000,0.0000890000
Busqueda Lineal Paralela,50000,0,0,-1,8,0.0001630783,0.0002980000,0.0001120000
Busqueda Lineal Paralela,100000,322486,0,-1,1,0.0003650188,0.0003820000,0.0000000000
Busqueda Lineal Paralela,100000,14700764,0,-1,1,0.0002801418,0.0002580000,0.0000000000
Busqueda Lineal Paralela,100000,3128036,0,-1,1,0.0002381802,0.0002450000,0.0000000000
Busqueda Lineal Paralela,100000,6337399,0,-1,1,0.0002620220,0.0002380000,0.0000000000
Busqueda Lineal Paralela,100000,61396,0,-1,1,0.0002460480,0.0002540000,0.0000000000
Busqueda Lineal Paralela,100000,10393545,0,-1,1,0.0002720356,0.0002440000,0.0000000000
Busqueda Lineal Paralela,100000,2147445644,0,-1,1,0.0003108978,0.0002830000,0.0000000000
Busqueda Lineal Paralela,100000,1295390003,0,-1,1,0.0002419949,0.0002510000,0.0000000000
Busqueda Lineal Paralela,100000,450057883,0,-1,1,0.0003240108,0.0002940000,0.0000000000
Busqueda Lineal Paralela,100000,187645041,0,-1,1,0.0002880096,0.0002630000,0.0000000000
Busqueda Lineal Paralela,100000,1980098116,0,-1,1,0.0002679825,0.0002280000,0.0000000000
Busqueda Lineal Paralela,100000,152503,0,-1,1,0.0002942085,0.0003000000,0.0000000000
Busqueda Lineal Paralela,100000,5000,0,-1,1,0.0003178120,0.0003200000,0.0000000000
Busqueda Lineal Paralela,100000,1493283650,0,-1,1,0.0002341270,0.0002420000,0.0000000000
Busqueda Lineal Paralela,100000,214826,0,-1,1,0.0002501011,0.0002550000,0.0000000000
Busqueda Lineal Paralela,100000,1843349527,0,-1,1,0.0003278255,0.0002850000,0.0000000000
Busqueda Lineal Paralela,100000,1360839354,0,-1,1,0.0002608299,0.0002450000,0.0000000000
Busqueda Lineal Paralela,100000,2109248666,0,-1,1,0.0002460480,0.0002510000,0.0000000000
Busqueda Lineal Paralela,100000,2147470852,0,-1,1,0.0002219677,0.0002280000,0.0000000000
Busqueda Lineal Paralela,100000,0,0,-1,1,0.0002820492,0.0002480000,0.0000000000
Busqueda Lineal Paralela,100000,322486,0,-1,2,0.0002419949,0.0003530000,0.0000880000
Busqueda Lineal Paralela,100000,14700764,0,-1,2,0.0002260208,0.0003260000,0.0000810000
Busqueda Lineal Paralela,100000,3128036,0,-1,2,0.0002090931,0.0002920000,0.0000000000
Busqueda Lineal Paralela,100000,6337399,0,-1,2,0.0002269745,0.0003330000,0.0000000000
Busqueda Lineal Paralela,100000,61396,0,-1,2,0.0002160072,0.0003460000,0.0000000000
Busqueda Lineal Paralela,100000,10393545,0,-1,2,0.0001800060,0.0002860000,0.0000000000
Busqueda Lineal Paralela,100000,2147445644,0,-1,2,0.0001420975,0.0002670000,0.0000000000
Busqueda Lineal Paralela,100000,1295390003,0,-1,2,0.0001721382,0.0000000000,0.0002780000
Busqueda Lineal Paralela,100000,450057883,0,-1,2,0.0001900196,0.0000000000,0.0002950000
Busqueda Lineal Paralela,100000,187645041,0,-1,2,0.0002009869,0.0002210000,0.0000880000
Busqueda Lineal Paralela,100000,1980098116,0,-1,2,0.0001668930,0.0002150000,0.0000580000
Busqueda Lineal Paralela,100000,152503,0,-1,2,0.0001411438,0.0002070000,0.0000560000
Busqueda Lineal Paralela,100000,5000,0,-1,2,0.0001680851,0.0002800000,0.0000000000
Busqueda Lineal Paralela,100000,1493283650,0,-1,2,0.0001640320,0.0002710000,0.0000000000
Busqueda Lineal Paralela,100000,214826,0,-1,2,0.0001630783,0.0002630000,0.0000000000
Busqueda Lineal Paralela,100000,1843349527,0,-1,2,0.0001490116,0.0002700000,0.0000000000
Busqueda Lineal Paralela,100000,1360839354,0,-1,2,0.0001568794,0.0002550000,0.0000000000
Busqueda Lineal Paralela,100000,2109248666,0,-1,2,0.0001480579,0.0002730000,0.0000000000
Busqueda Lineal Paralela,100000,2147470852,0,-1,2,0.0001680851,0.0002630000,0.0000000000
Busqueda Lineal Paralela,100000,0,0,-1,2,0.0002088547,0.0003900000,0.0000000000
Busqueda Lineal Paralela,100000,322486,0,-1,4,0.0002188683,0.0000000000,0.0006090000
Busqueda Lineal Paralela,100000,14700764,0,-1,4,0.0002050400,0.0000850000,0.0003750000
Busqueda Lineal Paralela,100000,3128036,0,-1,4,0.0001740456,0.0003960000,0.0000990000
Busqueda Lineal Paralela,100000,6337399,0,-1,4,0.0001518726,0.0003270000,0.0000810000
Busqueda Lineal Paralela,100000,61396,0,-1,4,0.0001261234,0.0002780000,0.0000690000
Busqueda Lineal Paralela,100000,10393545,0,-1,4,0.0001242161,0.0002830000,0.0000710000
Busqueda Lineal Paralela,100000,2147445644,0,-1,4,0.0001270771,0.0003540000,0.0000000000
Busqueda Lineal Paralela,100000,1295390003,0,-1,4,0.0001161098,0.0003510000,0.0000000000
Busqueda Lineal Paralela,100000,450057883,0,-1,4,0.0001370907,0.0003540000,0.0000000000
Busqueda Lineal Paralela,100000,187645041,0,-1,4,0.0001161098,0.0003470000,0.0000000000
Busqueda Lineal Paralela,100000,1980098116,0,-1,4,0.0001120567,0.0003330000,0.0000000000
Busqueda Lineal Paralela,100000,152503,0,-1,4,0.0001029968,0.0003050000,0.0000000000
Busqueda Lineal Paralela,100000,5000,0,-1,4,0.0001099110,0.0003210000,0.0000000000
Busqueda Lineal Paralela,100000,1493283650,0,-1,4,0.0001261234,0.0003300000,0.0000000000
Busqueda Lineal Paralela,100000,214826,0,-1,4,0.0001289845,0.0000000000,0.0003470000
Busqueda Lineal Paralela,100000,1843349527,0,-1,4,0.0001199245,0.0000000000,0.0003230000
Busqueda Lineal Paralela,100000,1360839354,0,-1,4,0.0001230240,0.0000000000,0.0003550000
Busqueda Lineal Paralela,100000,2109248666,0,-1,4,0.0001418591,0.0000310000,0.0003480000
Busqueda Lineal Paralela,100000,2147470852,0,-1,4,0.0001158714,0.0002480000,0.0000770000
Busqueda Lineal Paralela,100000,0,0,-1,4,0.0001230240,0.0002490000,0.0000770000
Busqueda Lineal Paralela,100000,322486,0,-1,8,0.0002620220,0.0008680000,0.0001070000
Busqueda Lineal Paralela,100000,14700764,0,-1,8,0.0001478195,0.0005660000,0.0000700000
Busqueda Lineal Paralela,100000,3128036,0,-1,8,0.0001821518,0.0000000000,0.0005340000
Busqueda Lineal Paralela,100000,6337399,0,-1,8,0.0001518726,0.0000000000,0.0005870000
Busqueda Lineal Paralela,100000,61396,0,-1,8,0.0001370907,0.0000000000,0.0004920000
Busqueda Lineal Paralela,100000,10393545,0,-1,8,0.0001668930,0.0004610000,0.0001700000
Busqueda Lineal Paralela,100000,2147445644,0,-1,8,0.0001530647,0.0004080000,0.0001210000
Busqueda Lineal Paralela,100000,1295390003,0,-1,8,0.0001461506,0.0003840000,0.0001150000
Busqueda Lineal Paralela,100000,450057883,0,-1,8,0.0001530647,0.0000000000,0.0004920000
Busqueda Lineal Paralela,100000,187645041,0,-1,8,0.0001678467,0.0000000000,0.0005710000
Busqueda Lineal Paralela,100000,1980098116,0,-1,8,0.0001370907,0.0001780000,0.0002670000
Busqueda Lineal Paralela,100000,152503,0,-1,8,0.0001451969,0.0003420000,0.0001420000
Busqueda Lineal Paralela,100000,5000,0,-1,8,0.0001480579,0.0003310000,0.0001370000
Busqueda Lineal Paralela,100000,1493283650,0,-1,8,0.0001468658,0.0003370000,0.0001400000
Busqueda Lineal Paralela,100000,214826,0,-1,8,0.0001769066,0.0004920000,0.0000000000
Busqueda Lineal Paralela,100000,1843349527,0,-1,8,0.0001509190,0.0003320000,0.0001320000
Busqueda Lineal Paralela,100000,1360839354,0,-1,8,0.0001330376,0.0002960000,0.0001170000
Busqueda Lineal Paralela,100000,2109248666,0,-1,8,0.0001409054,0.0003160000,0.0001260000
Busqueda Lineal Paralela,100000,2147470852,0,-1,8,0.0001409054,0.0003100000,0.0001230000
Busqueda Lineal Paralela,100000,0,0,-1,8,0.0001461506,0.0003160000,0.0001260000
Busqueda Lineal Paralela,500000,322486,0,-1,1,0.0011730194,0.0011550000,0.0000080000
Busqueda Lineal Paralela,500000,14700764,0,-1,1,0.0011429787,0.0011100000,0.0000040000
Busqueda Lineal Paralela,500000,3128036,0,-1,1,0.0011210442,0.0010810000,0.0000030000
Busqueda Lineal Paralela,500000,6337399,0,-1,1,0.0011150837,0.0010840000,0.0000030000
Busqueda Lineal Paralela,500000,61396,0,-1,1,0.0011448860,0.0011090000,0.0000040000
Busqueda Lineal Paralela,500000,10393545,0,-1,1,0.0011639595,0.0011310000,0.0000050000
Busqueda Lineal Paralela,500000,2147445644,0,-1,1,0.0011298656,0.0010990000,0.0000030000
Busqueda Lineal Paralela,500000,1295390003,0,-1,1,0.0011391640,0.0011070000,0.0000030000
Busqueda Lineal Paralela,500000,450057883,0,-1,1,0.0011169910,0.0011090000,0.0000000000
Busqueda Lineal Paralela,500000,187645041,0,-1,1,0.0011379719,0.0011080000,0.0000000000
Busqueda Lineal Paralela,500000,1980098116,0,-1,1,0.0011439323,0.0011110000,0.0000000000
Busqueda Lineal Paralela,500000,152503,0,-1,1,0.0011169910,0.0011200000,0.0000000000
Busqueda Lineal Paralela,500000,5000,0,-1,1,0.0011818409,0.0011540000,0.0000000000
Busqueda Lineal Paralela,500000,1493283650,0,-1,1,0.0012049675,0.0011710000,0.0000000000
Busqueda Lineal Paralela,500000,214826,0,-1,1,0.0012660027,0.0012390000,0.0000000000
Busqueda Lineal Paralela,500000,1843349527,0,-1,1,0.0012280941,0.0011970000,0.0000000000
Busqueda Lineal Paralela,500000,1360839354,0,-1,1,0.0011379719,0.0011410000,0.0000000000
Busqueda Lineal Paralela,500000,2109248666,0,-1,1,0.0012011528,0.0011610000,0.0000000000
Busqueda Lineal Paralela,500000,2147470852,0,-1,1,0.0011448860,0.0001580000,0.0009560000
Busqueda Lineal Paralela,500000,0,0,-1,1,0.0011510849,0.0011250000,0.0000060000
Busqueda Lineal Paralela,500000,322486,0,-1,2,0.0008270741,0.0014620000,0.0000000000
Busqueda Lineal Paralela,500000,14700764,0,-1,2,0.0006308556,0.0011600000,0.0000000000
Busqueda Lineal Paralela,500000,3128036,0,-1,2,0.0006489754,0.0011020000,0.0000710000
Busqueda Lineal Paralela,500000,6337399,0,-1,2,0.0006320477,0.0012290000,0.0000000000
Busqueda Lineal Paralela,500000,61396,0,-1,2,0.0007920265,0.0013080000,0.0000000000
Busqueda Lineal Paralela,500000,10393545,0,-1,2,0.0006210804,0.0011050000,0.0000550000
Busqueda Lineal Paralela,500000,2147445644,0,-1,2,0.0006039143,0.0011460000,0.0000000000
Busqueda Lineal Paralela,500000,1295390003,0,-1,2,0.0006160736,0.0011960000,0.0000000000
Busqueda Lineal Paralela,500000,450057883,0,-1,2,0.0006248951,0.0011490000,0.0000000000
Busqueda Lineal Paralela,500000,187645041,0,-1,2,0.0006721020,0.0011870000,0.0000000000
Busqueda Lineal Paralela,500000,1980098116,0,-1,2,0.0005919933,0.0011460000,0.0000000000
Busqueda Lineal Paralela,500000,152503,0,-1,2,0.0005850792,0.0000980000,0.0009910000
Busqueda Lineal Paralela,500000,5000,0,-1,2,0.0006039143,0.0011300000,0.0000000000
Busqueda Lineal Paralela,500000,1493283650,0,-1,2,0.0006029606,0.0011350000,0.0000220000
Busqueda Lineal Paralela,500000,214826,0,-1,2,0.0005710125,0.0010670000,0.0000000000
Busqueda Lineal Paralela,500000,1843349527,0,-1,2,0.0006489754,0.0000000000,0.0011650000
Busqueda Lineal Paralela,500000,1360839354,0,-1,2,0.0006699562,0.0004150000,0.0008070000
Busqueda Lineal Paralela,500000,2109248666,0,-1,2,0.0005848408,0.0011260000,0.0000000000
Busqueda Lineal Paralela,500000,2147470852,0,-1,2,0.0007479191,0.0012410000,0.0000000000
Busqueda Lineal Paralela,500000,0,0,-1,2,0.0006608963,0.0011020000,0.0000540000
Busqueda Lineal Paralela,500000,322486,0,-1,4,0.0004520416,0.0013320000,0.0000970000
Busqueda Lineal Paralela,500000,14700764,0,-1,4,0.0003800392,0.0012330000,0.0000900000
Busqueda Lineal Paralela,500000,3128036,0,-1,4,0.0003299713,0.0002500000,0.0008800000
Busqueda Lineal Paralela,500000,6337399,0,-1,4,0.0003662109,0.0012390000,0.0001160000
Busqueda Lineal Paralela,500000,61396,0,-1,4,0.0003609657,0.0012830000,0.0000000000
Busqueda Lineal Paralela,500000,10393545,0,-1,4,0.0003759861,0.0013110000,0.0000000000
Busqueda Lineal Paralela,500000,2147445644,0,-1,4,0.0003368855,0.0011980000,0.0000000000
Busqueda Lineal Paralela,500000,1295390003,0,-1,4,0.0003159046,0.0011040000,0.0000000000
Busqueda Lineal Paralela,500000,450057883,0,-1,4,0.0003359318,0.0011620000,0.0000000000
Busqueda Lineal Paralela,500000,187645041,0,-1,4,0.0003249645,0.0011250000,0.0000000000
Busqueda Lineal Paralela,500000,1980098116,0,-1,4,0.0003278255,0.0011300000,0.0000000000
Busqueda Lineal Paralela,500000,152503,0,-1,4,0.0003261566,0.0011290000,0.0000000000
Busqueda Lineal Paralela,500000,5000,0,-1,4,0.0003230572,0.0011240000,0.0000000000
Busqueda Lineal Paralela,500000,1493283650,0,-1,4,0.0003249645,0.0011360000,0.0000000000
Busqueda Lineal Paralela,500000,214826,0,-1,4,0.0003478527,0.0012120000,0.0000000000
Busqueda Lineal Paralela,500000,1843349527,0,-1,4,0.0003371239,0.0011980000,0.0000000000
Busqueda Lineal Paralela,500000,1360839354,0,-1,4,0.0003309250,0.0011530000,0.0000000000
Busqueda Lineal Paralela,500000,2109248666,0,-1,4,0.0003380775,0.0011700000,0.0000000000
Busqueda Lineal Paralela,500000,2147470852,0,-1,4,0.0003218651,0.0011250000,0.0000000000
Busqueda Lineal Paralela,500000,0,0,-1,4,0.0003268719,0.0011550000,0.0000000000
Busqueda Lineal Paralela,500000,322486,0,-1,8,0.0004220009,0.0019500000,0.0000460000
Busqueda Lineal Paralela,500000,14700764,0,-1,8,0.0003919601,0.0017480000,0.0000000000
Busqueda Lineal Paralela,500000,3128036,0,-1,8,0.0003819466,0.0018740000,0.0000000000
Busqueda Lineal Paralela,500000,6337399,0,-1,8,0.0003390312,0.0019100000,0.0000000000
Busqueda Lineal Paralela,500000,61396,0,-1,8,0.0003111362,0.0007970000,0.0008820000
Busqueda Lineal Paralela,500000,10393545,0,-1,8,0.0002961159,0.0015850000,0.0000590000
Busqueda Lineal Paralela,500000,2147445644,0,-1,8,0.0003368855,0.0017040000,0.0000640000
Busqueda Lineal Paralela,500000,1295390003,0,-1,8,0.0002999306,0.0006620000,0.0008920000
Busqueda Lineal Paralela,500000,450057883,0,-1,8,0.0003058910,0.0015190000,0.0000810000
Busqueda Lineal Paralela,500000,187645041,0,-1,8,0.0003361702,0.0015410000,0.0000820000
Busqueda Lineal Paralela,500000,1980098116,0,-1,8,0.0003199577,0.0008330000,0.0007510000
Busqueda Lineal Paralela,500000,152503,0,-1,8,0.0003330708,0.0016580000,0.0001080000
Busqueda Lineal Paralela,500000,5000,0,-1,8,0.0003230572,0.0015440000,0.0001020000
Busqueda Lineal Paralela,500000,1493283650,0,-1,8,0.0003070831,0.0008890000,0.0007710000
Busqueda Lineal Paralela,500000,214826,0,-1,8,0.0029048920,0.0016180000,0.0000490000
Busqueda Lineal Paralela,500000,1843349527,0,-1,8,0.0003709793,0.0019640000,0.0001490000
Busqueda Lineal Paralela,500000,1360839354,0,-1,8,0.0003437996,0.0016720000,0.0001270000
Busqueda Lineal Paralela,500000,2109248666,0,-1,8,0.0003328323,0.0000000000,0.0016450000
Busqueda Lineal Paralela,500000,2147470852,0,-1,8,0.0003440380,0.0017590000,0.0001760000
Busqueda Lineal Paralela,500000,0,0,-1,8,0.0003459454,0.0016460000,0.0001640000
Busqueda Lineal Paralela,1000000,322486,0,-1,1,0.0022168159,0.0012430000,0.0009470000
Busqueda Lineal Paralela,1000000,14700764,0,-1,1,0.0021958351,0.0021500000,0.0000120000
Busqueda Lineal Paralela,1000000,3128036,0,-1,1,0.0021779537,0.0021270000,0.0000100000
Busqueda Lineal Paralela,1000000,6337399,0,-1,1,0.0021729469,0.0021130000,0.0000080000
Busqueda Lineal Paralela,1000000,61396,0,-1,1,0.0022389889,0.0021910000,0.0000000000
Busqueda Lineal Paralela,1000000,10393545,0,-1,1,0.0022070408,0.0021820000,0.0000000000
Busqueda Lineal Paralela,1000000,2147445644,0,-1,1,0.0023219585,0.0022840000,0.0000000000
Busqueda Lineal Paralela,1000000,1295390003,0,-1,1,0.0021479130,0.0020890000,0.0000000000
Busqueda Lineal Paralela,1000000,450057883,0,-1,1,0.0022890568,0.0022380000,0.0000000000
Busqueda Lineal Paralela,1000000,187645041,0,-1,1,0.0022888184,0.0022380000,0.0000000000
Busqueda Lineal Paralela,1000000,1980098116,0,-1,1,0.0021529198,0.0021070000,0.0000000000
Busqueda Lineal Paralela,1000000,152503,0,-1,1,0.0023870468,0.0014130000,0.0009340000
Busqueda Lineal Paralela,1000000,5000,0,-1,1,0.0023539066,0.0022960000,0.0000210000
Busqueda Lineal Paralela,1000000,1493283650,1,542694,1,0.0012638569,0.0012120000,0.0000150000
Busqueda Lineal Paralela,1000000,214826,0,-1,1,0.0022480488,0.0021980000,0.0000130000
Busqueda Lineal Paralela,1000000,1843349527,0,-1,1,0.0024061203,0.0014460000,0.0009380000
Busqueda Lineal Paralela,1000000,1360839354,0,-1,1,0.0023458004,0.0022930000,0.0000220000
Busqueda Lineal Paralela,1000000,2109248666,0,-1,1,0.0022759438,0.0022350000,0.0000000000
Busqueda Lineal Paralela,1000000,2147470852,0,-1,1,0.0023820400,0.0023190000,0.0000000000
Busqueda Lineal Paralela,1000000,0,0,-1,1,0.0022749901,0.0022390000,0.0000000000
Busqueda Lineal Paralela,1000000,322486,0,-1,2,0.0012590885,0.0023480000,0.0000210000
Busqueda Lineal Paralela,1000000,14700764,0,-1,2,0.0011301041,0.0021740000,0.0000090000
Busqueda Lineal Paralela,1000000,3128036,0,-1,2,0.0011260509,0.0021580000,0.0000090000
Busqueda Lineal Paralela,1000000,6337399,0,-1,2,0.0011210442,0.0021630000,0.0000090000
Busqueda Lineal Paralela,1000000,61396,0,-1,2,0.0011010170,0.0021240000,0.0000060000
Busqueda Lineal Paralela,1000000,10393545,0,-1,2,0.0010759830,0.0021020000,0.0000040000
Busqueda Lineal Paralela,1000000,2147445644,0,-1,2,0.0012130737,0.0022510000,0.0000000000
Busqueda Lineal Paralela,1000000,1295390003,0,-1,2,0.0011420250,0.0021930000,0.0000000000
Busqueda Lineal Paralela,1000000,450057883,0,-1,2,0.0011520386,0.0022190000,0.0000000000
Busqueda Lineal Paralela,1000000,187645041,0,-1,2,0.0010900497,0.0020980000,0.0000000000
Busqueda Lineal Paralela,1000000,1980098116,0,-1,2,0.0010929108,0.0021100000,0.0000000000
Busqueda Lineal Paralela,1000000,152503,0,-1,2,0.0012290478,0.0023530000,0.0000090000
Busqueda Lineal Paralela,1000000,5000,0,-1,2,0.0011279583,0.0000000000,0.0022050000
Busqueda Lineal Paralela,1000000,1493283650,1,542694,2,0.0002169609,0.0000000000,0.0004140000
Busqueda Lineal Paralela,1000000,214826,0,-1,2,0.0012500286,0.0021400000,0.0002280000
Busqueda Lineal Paralela,1000000,1843349527,0,-1,2,0.0011980534,0.0022890000,0.0000210000
Busqueda Lineal Paralela,1000000,1360839354,0,-1,2,0.0011749268,0.0022740000,0.0000190000
Busqueda Lineal Paralela,1000000,2109248666,0,-1,2,0.0011808872,0.0013500000,0.0009530000
Busqueda Lineal Paralela,1000000,2147470852,0,-1,2,0.0015177727,0.0025710000,0.0000410000
Busqueda Lineal Paralela,1000000,0,0,-1,2,0.0011579990,0.0022010000,0.0000130000
Busqueda Lineal Paralela,1000000,322486,0,-1,4,0.0007410049,0.0024630000,0.0000000000
Busqueda Lineal Paralela,1000000,14700764,0,-1,4,0.0007328987,0.0025540000,0.0000370000
Busqueda Lineal Paralela,1000000,3128036,0,-1,4,0.0005898476,0.0021920000,0.0000000000
Busqueda Lineal Paralela,1000000,6337399,0,-1,4,0.0006279945,0.0022030000,0.0000000000
Busqueda Lineal Paralela,1000000,61396,0,-1,4,0.0005810261,0.0021950000,0.0000000000
Busqueda Lineal Paralela,1000000,10393545,0,-1,4,0.0005760193,0.0021600000,0.0000000000
Busqueda Lineal Paralela,1000000,2147445644,0,-1,4,0.0005879402,0.0022350000,0.0000000000
Busqueda Lineal Paralela,1000000,1295390003,0,-1,4,0.0007061958,0.0004970000,0.0018870000
Busqueda Lineal Paralela,1000000,450057883,0,-1,4,0.0006120205,0.0023040000,0.0000000000
Busqueda Lineal Paralela,1000000,187645041,0,-1,4,0.0006151199,0.0022420000,0.0000310000
Busqueda Lineal Paralela,1000000,1980098116,0,-1,4,0.0005979538,0.0003860000,0.0018040000
Busqueda Lineal Paralela,1000000,152503,0,-1,4,0.0006468296,0.0022040000,0.0000000000
Busqueda Lineal Paralela,1000000,5000,0,-1,4,0.0006430149,0.0023820000,0.0000480000
Busqueda Lineal Paralela,1000000,1493283650,1,542694,4,0.0002710819,0.0008770000,0.0000000000
Busqueda Lineal Paralela,1000000,214826,0,-1,4,0.0010688305,0.0032350000,0.0000000000
Busqueda Lineal Paralela,1000000,1843349527,0,-1,4,0.0006780624,0.0023870000,0.0001010000
Busqueda Lineal Paralela,1000000,1360839354,0,-1,4,0.0006780624,0.0003680000,0.0019220000
Busqueda Lineal Paralela,1000000,2109248666,0,-1,4,0.0006041527,0.0022510000,0.0000000000
Busqueda Lineal Paralela,1000000,2147470852,0,-1,4,0.0008308887,0.0025950000,0.0000000000
Busqueda Lineal Paralela,1000000,0,0,-1,4,0.0010840893,0.0031060000,0.0000820000
Busqueda Lineal Paralela,1000000,322486,0,-1,8,0.0006849766,0.0033870000,0.0001180000
Busqueda Lineal Paralela,1000000,14700764,0,-1,8,0.0005779266,0.0023530000,0.0008600000
Busqueda Lineal Paralela,1000000,3128036,0,-1,8,0.0006408691,0.0041540000,0.0000000000
Busqueda Lineal Paralela,1000000,6337399,0,-1,8,0.0006399155,0.0034550000,0.0000710000
Busqueda Lineal Paralela,1000000,61396,0,-1,8,0.0005769730,0.0032150000,0.0000000000
Busqueda Lineal Paralela,1000000,10393545,0,-1,8,0.0006661415,0.0017720000,0.0017290000
Busqueda Lineal Paralela,1000000,2147445644,0,-1,8,0.0006549358,0.0034160000,0.0001900000
Busqueda Lineal Paralela,1000000,1295390003,0,-1,8,0.0006070137,0.0032700000,0.0000000000
Busqueda Lineal Paralela,1000000,450057883,0,-1,8,0.0006091595,0.0035980000,0.0000000000
Busqueda Lineal Paralela,1000000,187645041,0,-1,8,0.0007250309,0.0038580000,0.0000960000
Busqueda Lineal Paralela,1000000,1980098116,0,-1,8,0.0005850792,0.0033630000,0.0000000000
Busqueda Lineal Paralela,1000000,152503,0,-1,8,0.0006468296,0.0033870000,0.0000000000
Busqueda Lineal Paralela,1000000,5000,0,-1,8,0.0006661415,0.0034680000,0.0000580000
Busqueda Lineal Paralela,1000000,1493283650,1,542694,8,0.0001831055,0.0010200000,0.0000490000
Busqueda Lineal Paralela,1000000,214826,0,-1,8,0.0006299019,0.0014350000,0.0018240000
Busqueda Lineal Paralela,1000000,1843349527,0,-1,8,0.0006160736,0.0034480000,0.0000000000
Busqueda Lineal Paralela,1000000,1360839354,0,-1,8,0.0012562275,0.0038500000,0.0000210000
Busqueda Lineal Paralela,1000000,2109248666,0,-1,8,0.0006449223,0.0035550000,0.0000000000
Busqueda Lineal Paralela,1000000,2147470852,0,-1,8,0.0006730556,0.0032940000,0.0001650000
Busqueda Lineal Paralela,1000000,0,0,-1,8,0.0005898476,0.0032690000,0.0000000000
Busqueda Lineal Paralela,5000000,322486,0,-1,1,0.0113499165,0.0112150000,0.0000130000
Busqueda Lineal Paralela,5000000,14700764,0,-1,1,0.0123658180,0.0119350000,0.0000140000
Busqueda Lineal Paralela,5000000,3128036,1,1368035,1,0.0033428669,0.0032630000,0.0000110000
Busqueda Lineal Paralela,5000000,6337399,0,-1,1,0.0123600960,0.0121170000,0.0000000000
Busqueda Lineal Paralela,5000000,61396,0,-1,1,0.0122489929,0.0119160000,0.0000000000
Busqueda Lineal Paralela,5000000,10393545,0,-1,1,0.0112819672,0.0111640000,0.0000000000
Busqueda Lineal Paralela,5000000,2147445644,0,-1,1,0.0119109154,0.0117320000,0.0000000000
Busqueda Lineal Paralela,5000000,1295390003,0,-1,1,0.0126419067,0.0123540000,0.0000000000
Busqueda Lineal Paralela,5000000,450057883,0,-1,1,0.0115029812,0.0113700000,0.0000000000
Busqueda Lineal Paralela,5000000,187645041,0,-1,1,0.0106008053,0.0104630000,0.0000070000
Busqueda Lineal Paralela,5000000,1980098116,0,-1,1,0.0123548508,0.0112880000,0.0009730000
Busqueda Lineal Paralela,5000000,152503,0,-1,1,0.0108919144,0.0105440000,0.0000270000
Busqueda Lineal Paralela,5000000,5000,0,-1,1,0.0106840134,0.0096730000,0.0009420000
Busqueda Lineal Paralela,5000000,1493283650,1,542694,1,0.0012819767,0.0012280000,0.0000080000
Busqueda Lineal Paralela,5000000,214826,0,-1,1,0.0108709335,0.0106580000,0.0000260000
Busqueda Lineal Paralela,5000000,1843349527,1,2415203,1,0.0055150986,0.0054600000,0.0000000000
Busqueda Lineal Paralela,5000000,1360839354,0,-1,1,0.0109219551,0.0108380000,0.0000000000
Busqueda Lineal Paralela,5000000,2109248666,0,-1,1,0.0110068321,0.0107750000,0.0000000000
Busqueda Lineal Paralela,5000000,2147470852,0,-1,1,0.0121128559,0.0119990000,0.0000000000
Busqueda Lineal Paralela,5000000,0,0,-1,1,0.0107159615,0.0106250000,0.0000000000
Busqueda Lineal Paralela,5000000,322486,0,-1,2,0.0061869621,0.0112800000,0.0000090000
Busqueda Lineal Paralela,5000000,14700764,0,-1,2,0.0069448948,0.0119070000,0.0009720000
Busqueda Lineal Paralela,5000000,3128036,1,1368035,2,0.0043730736,0.0073600000,0.0009830000
Busqueda Lineal Paralela,5000000,6337399,0,-1,2,0.0075778961,0.0136510000,0.0000280000
Busqueda Lineal Paralela,5000000,61396,0,-1,2,0.0078451633,0.0129070000,0.0010030000
Busqueda Lineal Paralela,5000000,10393545,0,-1,2,0.0074710846,0.0139170000,0.0000000000
Busqueda Lineal Paralela,5000000,2147445644,0,-1,2,0.0075340271,0.0141890000,0.0000000000
Busqueda Lineal Paralela,5000000,1295390003,0,-1,2,0.0094799995,0.0147160000,0.0009330000
Busqueda Lineal Paralela,5000000,450057883,0,-1,2,0.0072870255,0.0137900000,0.0000000000
Busqueda Lineal Paralela,5000000,187645041,0,-1,2,0.0064709187,0.0119640000,0.0000000000
Busqueda Lineal Paralela,5000000,1980098116,0,-1,2,0.0064339638,0.0116830000,0.0000000000
Busqueda Lineal Paralela,5000000,152503,0,-1,2,0.0066030025,0.0109460000,0.0009630000
Busqueda Lineal Paralela,5000000,5000,0,-1,2,0.0062777996,0.0117010000,0.0000000000
Busqueda Lineal Paralela,5000000,1493283650,1,542694,2,0.0013749599,0.0027010000,0.0000000000
Busqueda Lineal Paralela,5000000,214826,0,-1,2,0.0070588589,0.0123280000,0.0000000000
Busqueda Lineal Paralela,5000000,1843349527,1,2415203,2,0.0052230358,0.0103410000,0.0000000000
Busqueda Lineal Paralela,5000000,1360839354,0,-1,2,0.0063879490,0.0117880000,0.0000000000
Busqueda Lineal Paralela,5000000,2109248666,0,-1,2,0.0063757896,0.0119240000,0.0000000000
Busqueda Lineal Paralela,5000000,2147470852,0,-1,2,0.0064821243,0.0125670000,0.0000100000
Busqueda Lineal Paralela,5000000,0,0,-1,2,0.0064570904,0.0119450000,0.0000010000
Busqueda Lineal Paralela,5000000,322486,0,-1,4,0.0027508736,0.0107250000,0.0000000000
Busqueda Lineal Paralela,5000000,14700764,0,-1,4,0.0032589436,0.0118410000,0.0000000000
Busqueda Lineal Paralela,5000000,3128036,1,1368035,4,0.0003390312,0.0011940000,0.0000000000
Busqueda Lineal Paralela,5000000,6337399,0,-1,4,0.0037748814,0.0111760000,0.0008830000
Busqueda Lineal Paralela,5000000,61396,0,-1,4,0.0029530525,0.0101490000,0.0010070000
Busqueda Lineal Paralela,5000000,10393545,0,-1,4,0.0039041042,0.0124880000,0.0010100000
Busqueda Lineal Paralela,5000000,2147445644,0,-1,4,0.0037961006,0.0118400000,0.0009800000
Busqueda Lineal Paralela,5000000,1295390003,0,-1,4,0.0058119297,0.0184720000,0.0000000000
Busqueda Lineal Paralela,5000000,450057883,0,-1,4,0.0035159588,0.0127460000,0.0000000000
Busqueda Lineal Paralela,5000000,187645041,0,-1,4,0.0039911270,0.0136450000,0.0000000000
Busqueda Lineal Paralela,5000000,1980098116,0,-1,4,0.0038158894,0.0120710000,0.0009810000
Busqueda Lineal Paralela,5000000,152503,0,-1,4,0.0034570694,0.0127810000,0.0000370000
Busqueda Lineal Paralela,5000000,5000,0,-1,4,0.0031991005,0.0119950000,0.0000030000
Busqueda Lineal Paralela,5000000,1493283650,1,542694,4,0.0013711452,0.0051540000,0.0000000000
Busqueda Lineal Paralela,5000000,214826,0,-1,4,0.0038790703,0.0135590000,0.0000000000
Busqueda Lineal Paralela,5000000,1843349527,1,2415203,4,0.0030739307,0.0117450000,0.0000000000
Busqueda Lineal Paralela,5000000,1360839354,0,-1,4,0.0038390160,0.0135090000,0.0000000000
Busqueda Lineal Paralela,5000000,2109248666,0,-1,4,0.0039680004,0.0132810000,0.0000000000
Busqueda Lineal Paralela,5000000,2147470852,0,-1,4,0.0059928894,0.0191560000,0.0000000000
Busqueda Lineal Paralela,5000000,0,0,-1,4,0.0044119358,0.0147580000,0.0000120000
Busqueda Lineal Paralela,5000000,322486,0,-1,8,0.0029139519,0.0153500000,0.0009200000
Busqueda Lineal Paralela,5000000,14700764,0,-1,8,0.0028409958,0.0161430000,0.0000000000
Busqueda Lineal Paralela,5000000,3128036,1,1368035,8,0.0006248951,0.0040450000,0.0000000000
Busqueda Lineal Paralela,5000000,6337399,0,-1,8,0.0026741028,0.0185620000,0.0000000000
Busqueda Lineal Paralela,5000000,61396,0,-1,8,0.0027449131,0.0194730000,0.0009940000
Busqueda Lineal Paralela,5000000,10393545,0,-1,8,0.0027241707,0.0160730000,0.0000000000
Busqueda Lineal Paralela,5000000,2147445644,0,-1,8,0.0027649403,0.0169780000,0.0000000000
Busqueda Lineal Paralela,5000000,1295390003,0,-1,8,0.0029280186,0.0177000000,0.0000000000
Busqueda Lineal Paralela,5000000,450057883,0,-1,8,0.0041642189,0.0190290000,0.0000000000
Busqueda Lineal Paralela,5000000,187645041,0,-1,8,0.0030729771,0.0176760000,0.0000000000
Busqueda Lineal Paralela,5000000,1980098116,0,-1,8,0.0028381348,0.0187730000,0.0000000000
Busqueda Lineal Paralela,5000000,152503,0,-1,8,0.0030181408,0.0180390000,0.0000000000
Busqueda Lineal Paralela,5000000,5000,0,-1,8,0.0041260719,0.0171830000,0.0000000000
Busqueda Lineal Paralela,5000000,1493283650,1,542694,8,0.0024518967,0.0150170000,0.0000000000
Busqueda Lineal Paralela,5000000,214826,0,-1,8,0.0032029152,0.0182890000,0.0000000000
Busqueda Lineal Paralela,5000000,1843349527,1,2415203,8,0.0026721954,0.0156540000,0.0000000000
Busqueda Lineal Paralela,5000000,1360839354,0,-1,8,0.0027689934,0.0156310000,0.0012670000
Busqueda Lineal Paralela,5000000,2109248666,0,-1,8,0.0029861927,0.0200190000,0.0001290000
Busqueda Lineal Paralela,5000000,2147470852,0,-1,8,0.0029859543,0.0176180000,0.0000380000
Busqueda Lineal Paralela,5000000,0,0,-1,8,0.0028080940,0.0172410000,0.0001210000
Busqueda Lineal Paralela,10000000,322486,1,8674905,1,0.0201969147,0.0200170000,0.0000070000
Busqueda Lineal Paralela,10000000,14700764,0,-1,1,0.0229189396,0.0228040000,0.0000000000
Busqueda Lineal Paralela,10000000,3128036,1,1368035,1,0.0030789375,0.0030440000,0.0000000000
Busqueda Lineal Paralela,10000000,6337399,1,6334598,1,0.0138950348,0.0138200000,0.0000000000
Busqueda Lineal Paralela,10000000,61396,0,-1,1,0.0208199024,0.0207150000,0.0000000000
Busqueda Lineal Paralela,10000000,10393545,1,6936855,1,0.0156438351,0.0155390000,0.0000140000
Busqueda Lineal Paralela,10000000,2147445644,0,-1,1,0.0208218098,0.0206540000,0.0000000000
Busqueda Lineal Paralela,10000000,1295390003,1,8313715,1,0.0176229477,0.0175030000,0.0000000000
Busqueda Lineal Paralela,10000000,450057883,0,-1,1,0.0218169689,0.0216800000,0.0000000000
Busqueda Lineal Paralela,10000000,187645041,0,-1,1,0.0230050087,0.0228510000,0.0000000000
Busqueda Lineal Paralela,10000000,1980098116,0,-1,1,0.0206921101,0.0206070000,0.0000000000
Busqueda Lineal Paralela,10000000,152503,0,-1,1,0.0211141109,0.0189390000,0.0019590000
Busqueda Lineal Paralela,10000000,5000,0,-1,1,0.0220339298,0.0219320000,0.0000010000
Busqueda Lineal Paralela,10000000,1493283650,1,542694,1,0.0012838840,0.0012460000,0.0000080000
Busqueda Lineal Paralela,10000000,214826,0,-1,1,0.0212261677,0.0210620000,0.0000070000
Busqueda Lineal Paralela,10000000,1843349527,1,2415203,1,0.0051028728,0.0050580000,0.0000020000
Busqueda Lineal Paralela,10000000,1360839354,0,-1,1,0.0221281052,0.0220190000,0.0000030000
Busqueda Lineal Paralela,10000000,2109248666,1,6630039,1,0.0144491196,0.0143250000,0.0000140000
Busqueda Lineal Paralela,10000000,2147470852,1,7902795,1,0.0166540146,0.0165670000,0.0000000000
Busqueda Lineal Paralela,10000000,0,0,-1,1,0.0218029022,0.0216470000,0.0000000000
Busqueda Lineal Paralela,10000000,322486,1,8674905,2,0.0080249310,0.0157560000,0.0000000000
Busqueda Lineal Paralela,10000000,14700764,0,-1,2,0.0139570236,0.0269400000,0.0000060000
Busqueda Lineal Paralela,10000000,3128036,1,1368035,2,0.0037379265,0.0071430000,0.0000000000
Busqueda Lineal Paralela,10000000,6337399,1,6334598,2,0.0036988258,0.0053200000,0.0018410000
Busqueda Lineal Paralela,10000000,61396,0,-1,2,0.0126869678,0.0244240000,0.0000430000
Busqueda Lineal Paralela,10000000,10393545,1,6936855,2,0.0044729710,0.0088390000,0.0000000000
Busqueda Lineal Paralela,10000000,2147445644,0,-1,2,0.0125651360,0.0237310000,0.0000000000
Busqueda Lineal Paralela,10000000,1295390003,1,8313715,2,0.0075340271,0.0148710000,0.0000000000
Busqueda Lineal Paralela,10000000,450057883,0,-1,2,0.0118708611,0.0230320000,0.0000130000
Busqueda Lineal Paralela,10000000,187645041,0,-1,2,0.0114009380,0.0223290000,0.0000190000
Busqueda Lineal Paralela,10000000,1980098116,0,-1,2,0.0127029419,0.0236430000,0.0000000000
Busqueda Lineal Paralela,10000000,152503,0,-1,2,0.0115261078,0.0216140000,0.0009150000
Busqueda Lineal Paralela,10000000,5000,0,-1,2,0.0113148689,0.0222410000,0.0000180000
Busqueda Lineal Paralela,10000000,1493283650,1,542694,2,0.0014870167,0.0028360000,0.0000330000
Busqueda Lineal Paralela,10000000,214826,0,-1,2,0.0112528801,0.0212390000,0.0009170000
Busqueda Lineal Paralela,10000000,1843349527,1,2415203,2,0.0055031776,0.0107800000,0.0000330000
Busqueda Lineal Paralela,10000000,1360839354,0,-1,2,0.0130348206,0.0237630000,0.0000000000
Busqueda Lineal Paralela,10000000,2109248666,1,6630039,2,0.0041210651,0.0062360000,0.0019220000
Busqueda Lineal Paralela,10000000,2147470852,1,7902795,2,0.0066030025,0.0130780000,0.0000440000
Busqueda Lineal Paralela,10000000,0,0,-1,2,0.0114820004,0.0220390000,0.0000000000
Busqueda Lineal Paralela,10000000,322486,1,8674905,4,0.0027260780,0.0101430000,0.0000000000
Busqueda Lineal Paralela,10000000,14700764,0,-1,4,0.0070719719,0.0243910000,0.0000000000
Busqueda Lineal Paralela,10000000,3128036,1,1368035,4,0.0036029816,0.0136810000,0.0000000000
Busqueda Lineal Paralela,10000000,6337399,1,6334598,4,0.0038800240,0.0122100000,0.0028100000
Busqueda Lineal Paralela,10000000,61396,0,-1,4,0.0074160099,0.0256100000,0.0000340000
Busqueda Lineal Paralela,10000000,10393545,1,6936855,4,0.0045619011,0.0177200000,0.0000000000
Busqueda Lineal Paralela,10000000,2147445644,0,-1,4,0.0066590309,0.0244270000,0.0000000000
Busqueda Lineal Paralela,10000000,1295390003,1,8313715,4,0.0025339127,0.0087590000,0.0009950000
Busqueda Lineal Paralela,10000000,450057883,0,-1,4,0.0069289207,0.0241720000,0.0000000000
Busqueda Lineal Paralela,10000000,187645041,0,-1,4,0.0066359043,0.0246470000,0.0000000000
Busqueda Lineal Paralela,10000000,1980098116,0,-1,4,0.0070900917,0.0247480000,0.0000040000
Busqueda Lineal Paralela,10000000,152503,0,-1,4,0.0064258575,0.0246320000,0.0000320000
Busqueda Lineal Paralela,10000000,5000,0,-1,4,0.0077569485,0.0244080000,0.0009510000
Busqueda Lineal Paralela,10000000,1493283650,1,542694,4,0.0014948845,0.0053790000,0.0000000000
Busqueda Lineal Paralela,10000000,214826,0,-1,4,0.0123829842,0.0387730000,0.0000000000
Busqueda Lineal Paralela,10000000,1843349527,1,2415203,4,0.0053520203,0.0210760000,0.0000000000
Busqueda Lineal Paralela,10000000,1360839354,0,-1,4,0.0068640709,0.0231960000,0.0010240000
Busqueda Lineal Paralela,10000000,2109248666,1,6630039,4,0.0068318844,0.0244710000,0.0000000000
Busqueda Lineal Paralela,10000000,2147470852,1,7902795,4,0.0018439293,0.0071420000,0.0000000000
Busqueda Lineal Paralela,10000000,0,0,-1,4,0.0087959766,0.0231870000,0.0000000000
Busqueda Lineal Paralela,10000000,322486,1,8674905,8,0.0052199364,0.0309530000,0.0000000000
Busqueda Lineal Paralela,10000000,14700764,0,-1,8,0.0054540634,0.0332500000,0.0000000000
Busqueda Lineal Paralela,10000000,3128036,1,1368035,8,0.0006680489,0.0030570000,0.0000000000
Busqueda Lineal Paralela,10000000,6337399,1,6334598,8,0.0005168915,0.0032490000,0.0000830000
Busqueda Lineal Paralela,10000000,61396,0,-1,8,0.0059161186,0.0387070000,0.0000000000
Busqueda Lineal Paralela,10000000,10393545,1,6936855,8,0.0029060841,0.0224080000,0.0000000000
Busqueda Lineal Paralela,10000000,2147445644,0,-1,8,0.0057110786,0.0395450000,0.0000000000
Busqueda Lineal Paralela,10000000,1295390003,1,8313715,8,0.0021290779,0.0162120000,0.0000000000
Busqueda Lineal Paralela,10000000,450057883,0,-1,8,0.0059089661,0.0390940000,0.0000000000
Busqueda Lineal Paralela,10000000,187645041,0,-1,8,0.0057189465,0.0399850000,0.0000000000
Busqueda Lineal Paralela,10000000,1980098116,0,-1,8,0.0057120323,0.0349430000,0.0000000000
Busqueda Lineal Paralela,10000000,152503,0,-1,8,0.0072808266,0.0413840000,0.0016760000
Busqueda Lineal Paralela,10000000,5000,0,-1,8,0.0055570602,0.0381030000,0.0000740000
Busqueda Lineal Paralela,10000000,1493283650,1,542694,8,0.0017759800,0.0122170000,0.0010480000
Busqueda Lineal Paralela,10000000,214826,0,-1,8,0.0055630207,0.0385470000,0.0000000000
Busqueda Lineal Paralela,10000000,1843349527,1,2415203,8,0.0051960945,0.0364330000,0.0000000000
Busqueda Lineal Paralela,10000000,1360839354,0,-1,8,0.0056228638,0.0390540000,0.0000000000
Busqueda Lineal Paralela,10000000,2109248666,1,6630039,8,0.0013589859,0.0099560000,0.0000000000
Busqueda Lineal Paralela,10000000,2147470852,1,7902795,8,0.0019159317,0.0126100000,0.0000000000
Busqueda Lineal Paralela,10000000,0,0,-1,8,0.0056188107,0.0396490000,0.0000000000
Busqueda Binaria Paralela,1000,322486,0,-1,1,0.0001270771,0.0000000000,0.0001120000
Busqueda Binaria Paralela,1000,14700764,0,-1,1,0.0000660419,0.0000000000,0.0000750000
Busqueda Binaria Paralela,1000,3128036,0,-1,1,0.0000967979,0.0000000000,0.0001040000
Busqueda Binaria Paralela,1000,6337399,0,-1,1,0.0000410080,0.0000000000,0.0000480000
Busqueda Binaria Paralela,1000,61396,0,-1,1,0.0000278950,0.0000000000,0.0000350000
Busqueda Binaria Paralela,1000,10393545,0,-1,1,0.0000278950,0.0000000000,0.0000350000
Busqueda Binaria Paralela,1000,2147445644,0,-1,1,0.0000281334,0.0000000000,0.0000350000
Busqueda Binaria Paralela,1000,1295390003,0,-1,1,0.0000281334,0.0000000000,0.0000340000
Busqueda Binaria Paralela,1000,450057883,0,-1,1,0.0000410080,0.0000000000,0.0000480000
Busqueda Binaria Paralela,1000,187645041,0,-1,1,0.0000419617,0.0000000000,0.0000460000
Busqueda Binaria Paralela,1000,1980098116,0,-1,1,0.0000350475,0.0000000000,0.0000400000
Busqueda Binaria Paralela,1000,152503,0,-1,1,0.0000309944,0.0000000000,0.0000390000
Busqueda Binaria Paralela,1000,5000,0,-1,1,0.0000288486,0.0000000000,0.0000360000
Busqueda Binaria Paralela,1000,1493283650,0,-1,1,0.0000338554,0.0000000000,0.0000420000
Busqueda Binaria Paralela,1000,214826,0,-1,1,0.0000319481,0.0000000000,0.0000400000
Busqueda Binaria Paralela,1000,1843349527,0,-1,1,0.0000331402,0.0000000000,0.0000400000
Busqueda Binaria Paralela,1000,1360839354,0,-1,1,0.0000290871,0.0000000000,0.0000360000
Busqueda Binaria Paralela,1000,2109248666,0,-1,1,0.0000278950,0.0000000000,0.0000350000
Busqueda Binaria Paralela,1000,2147470852,0,-1,1,0.0000309944,0.0000000000,0.0000390000
Busqueda Binaria Paralela,1000,0,0,-1,1,0.0000290871,0.0000000000,0.0000360000
Busqueda Binaria Paralela,1000,322486,0,-1,2,0.0000808239,0.0000000000,0.0001360000
Busqueda Binaria Paralela,1000,14700764,0,-1,2,0.0000820160,0.0000000000,0.0001490000
Busqueda Binaria Paralela,1000,3128036,0,-1,2,0.0000369549,0.0000000000,0.0000600000
Busqueda Binaria Paralela,1000,6337399,0,-1,2,0.0000350475,0.0000000000,0.0000570000
Busqueda Binaria Paralela,1000,61396,0,-1,2,0.0000469685,0.0000000000,0.0000760000
Busqueda Binaria Paralela,1000,10393545,0,-1,2,0.0000371933,0.0000000000,0.0000630000
Busqueda Binaria Paralela,1000,2147445644,0,-1,2,0.0000379086,0.0000000000,0.0000580000
Busqueda Binaria Paralela,1000,1295390003,0,-1,2,0.0000350475,0.0000000000,0.0000550000
Busqueda Binaria Paralela,1000,450057883,0,-1,2,0.0000569820,0.0000000000,0.0000720000
Busqueda Binaria Paralela,1000,187645041,0,-1,2,0.0000371933,0.0000000000,0.0000560000
Busqueda Binaria Paralela,1000,1980098116,0,-1,2,0.0000340939,0.0000000000,0.0000520000
Busqueda Binaria Paralela,1000,152503,0,-1,2,0.0000338554,0.0000000000,0.0000500000
Busqueda Binaria Paralela,1000,5000,0,-1,2,0.0000340939,0.0000000000,0.0000510000
Busqueda Binaria Paralela,1000,1493283650,0,-1,2,0.0000331402,0.0000000000,0.0000510000
Busqueda Binaria Paralela,1000,214826,0,-1,2,0.0000338554,0.0000000000,0.0000500000
Busqueda Binaria Paralela,1000,1843349527,0,-1,2,0.0000400543,0.0000000000,0.0000570000
Busqueda Binaria Paralela,1000,1360839354,0,-1,2,0.0000338554,0.0000000000,0.0000510000
Busqueda Binaria Paralela,1000,2109248666,0,-1,2,0.0000319481,0.0000000000,0.0000490000
Busqueda Binaria Paralela,1000,2147470852,0,-1,2,0.0000340939,0.0000000000,0.0000500000
Busqueda Binaria Paralela,1000,0,0,-1,2,0.0000331402,0.0000000000,0.0000500000
Busqueda Binaria Paralela,1000,322486,0,-1,4,0.0001080036,0.0000000000,0.0002040000
Busqueda Binaria Paralela,1000,14700764,0,-1,4,0.0000720024,0.0000000000,0.0001310000
Busqueda Binaria Paralela,1000,3128036,0,-1,4,0.0000748634,0.0000000000,0.0001310000
Busqueda Binaria Paralela,1000,6337399,0,-1,4,0.0000681877,0.0000000000,0.0001220000
Busqueda Binaria Paralela,1000,61396,0,-1,4,0.0000751019,0.0000000000,0.0001260000
Busqueda Binaria Paralela,1000,10393545,0,-1,4,0.0000710487,0.0001080000,0.0000000000
Busqueda Binaria Paralela,1000,2147445644,0,-1,4,0.0001068115,0.0001910000,0.0000000000
Busqueda Binaria Paralela,1000,1295390003,0,-1,4,0.0000629425,0.0001080000,0.0000000000
Busqueda Binaria Paralela,1000,450057883,0,-1,4,0.0000600815,0.0001020000,0.0000000000
Busqueda Binaria Paralela,1000,187645041,0,-1,4,0.0000579357,0.0001000000,0.0000000000
Busqueda Binaria Paralela,1000,1980098116,0,-1,4,0.0000591278,0.0000630000,0.0000430000
Busqueda Binaria Paralela,1000,152503,0,-1,4,0.0000710487,0.0000410000,0.0000820000
Busqueda Binaria Paralela,1000,5000,0,-1,4,0.0000579357,0.0000340000,0.0000660000
Busqueda Binaria Paralela,1000,1493283650,0,-1,4,0.0000560284,0.0000330000,0.0000660000
Busqueda Binaria Paralela,1000,214826,0,-1,4,0.0000770092,0.0000410000,0.0000820000
Busqueda Binaria Paralela,1000,1843349527,0,-1,4,0.0000629425,0.0000360000,0.0000720000
Busqueda Binaria Paralela,1000,1360839354,0,-1,4,0.0000610352,0.0000350000,0.0000680000
Busqueda Binaria Paralela,1000,2109248666,0,-1,4,0.0000629425,0.0000350000,0.0000700000
Busqueda Binaria Paralela,1000,2147470852,0,-1,4,0.0000691414,0.0000000000,0.0001070000
Busqueda Binaria Paralela,1000,0,0,-1,4,0.0000619888,0.0000000000,0.0001030000
Busqueda Binaria Paralela,1000,322486,0,-1,8,0.0001969337,0.0003290000,0.0000000000
Busqueda Binaria Paralela,1000,14700764,0,-1,8,0.0001609325,0.0003420000,0.0000000000
Busqueda Binaria Paralela,1000,3128036,0,-1,8,0.0001578331,0.0003340000,0.0000000000
Busqueda Binaria Paralela,1000,6337399,0,-1,8,0.0001068115,0.0002050000,0.0000000000
Busqueda Binaria Paralela,1000,61396,0,-1,8,0.0001051426,0.0001950000,0.0000000000
Busqueda Binaria Paralela,1000,10393545,0,-1,8,0.0001089573,0.0000000000,0.0002020000
Busqueda Binaria Paralela,1000,2147445644,0,-1,8,0.0001060963,0.0000000000,0.0002110000
Busqueda Binaria Paralela,1000,1295390003,0,-1,8,0.0000998974,0.0000000000,0.0001910000
Busqueda Binaria Paralela,1000,450057883,0,-1,8,0.0001111031,0.0000000000,0.0002100000
Busqueda Binaria Paralela,1000,187645041,0,-1,8,0.0000979900,0.0000000000,0.0001870000
Busqueda Binaria Paralela,1000,1980098116,0,-1,8,0.0001208782,0.0000000000,0.0002160000
Busqueda Binaria Paralela,1000,152503,0,-1,8,0.0000970364,0.0000000000,0.0001870000
Busqueda Binaria Paralela,1000,5000,0,-1,8,0.0000991821,0.0000000000,0.0001910000
Busqueda Binaria Paralela,1000,1493283650,0,-1,8,0.0001239777,0.0000000000,0.0002030000
Busqueda Binaria Paralela,1000,214826,0,-1,8,0.0001099110,0.0000000000,0.0002120000
Busqueda Binaria Paralela,1000,1843349527,0,-1,8,0.0000970364,0.0000000000,0.0001830000
Busqueda Binaria Paralela,1000,1360839354,0,-1,8,0.0001051426,0.0000000000,0.0001900000
Busqueda Binaria Paralela,1000,2109248666,0,-1,8,0.0000951290,0.0000000000,0.0001800000
Busqueda Binaria Paralela,1000,2147470852,0,-1,8,0.0001039505,0.0000000000,0.0001920000
Busqueda Binaria Paralela,1000,0,0,-1,8,0.0001370907,0.0000000000,0.0002380000
Busqueda Binaria Paralela,5000,322486,0,-1,1,0.0000660419,0.0000750000,0.0000000000
Busqueda Binaria Paralela,5000,14700764,0,-1,1,0.0000290871,0.0000330000,0.0000000000
Busqueda Binaria Paralela,5000,3128036,0,-1,1,0.0000369549,0.0000410000,0.0000000000
Busqueda Binaria Paralela,5000,6337399,0,-1,1,0.0000288486,0.0000350000,0.0000000000
Busqueda Binaria Paralela,5000,61396,0,-1,1,0.0000388622,0.0000360000,0.0000000000
Busqueda Binaria Paralela,5000,10393545,0,-1,1,0.0000660419,0.0000700000,0.0000000000
Busqueda Binaria Paralela,5000,2147445644,0,-1,1,0.0000379086,0.0000460000,0.0000000000
Busqueda Binaria Paralela,5000,1295390003,0,-1,1,0.0000748634,0.0000810000,0.0000000000
Busqueda Binaria Paralela,5000,450057883,0,-1,1,0.0000638962,0.0000660000,0.0000000000
Busqueda Binaria Paralela,5000,187645041,0,-1,1,0.0000710487,0.0000770000,0.0000000000
Busqueda Binaria Paralela,5000,1980098116,0,-1,1,0.0000259876,0.0000320000,0.0000000000
Busqueda Binaria Paralela,5000,152503,0,-1,1,0.0000240803,0.0000290000,0.0000000000
Busqueda Binaria Paralela,5000,5000,0,-1,1,0.0000290871,0.0000330000,0.0000000000
Busqueda Binaria Paralela,5000,1493283650,0,-1,1,0.0000228882,0.0000270000,0.0000000000
Busqueda Binaria Paralela,5000,214826,0,-1,1,0.0000259876,0.0000320000,0.0000000000
Busqueda Binaria Paralela,5000,1843349527,0,-1,1,0.0000219345,0.0000280000,0.0000000000
Busqueda Binaria Paralela,5000,1360839354,0,-1,1,0.0000278950,0.0000300000,0.0000000000
Busqueda Binaria Paralela,5000,2109248666,0,-1,1,0.0000231266,0.0000290000,0.0000000000
Busqueda Binaria Paralela,5000,2147470852,0,-1,1,0.0000259876,0.0000320000,0.0000000000
Busqueda Binaria Paralela,5000,0,0,-1,1,0.0000231266,0.0000280000,0.0000000000
Busqueda Binaria Paralela,5000,322486,0,-1,2,0.0000941753,0.0001320000,0.0000000000
Busqueda Binaria Paralela,5000,14700764,0,-1,2,0.0000529289,0.0000780000,0.0000000000
Busqueda Binaria Paralela,5000,3128036,0,-1,2,0.0000548363,0.0000790000,0.0000000000
Busqueda Binaria Paralela,5000,6337399,0,-1,2,0.0000460148,0.0000350000,0.0000350000
Busqueda Binaria Paralela,5000,61396,0,-1,2,0.0000507832,0.0000350000,0.0000370000
Busqueda Binaria Paralela,5000,10393545,0,-1,2,0.0000479221,0.0000350000,0.0000360000
Busqueda Binaria Paralela,5000,2147445644,0,-1,2,0.0000491142,0.0000000000,0.0000700000
Busqueda Binaria Paralela,5000,1295390003,0,-1,2,0.0000491142,0.0000000000,0.0000680000
Busqueda Binaria Paralela,5000,450057883,0,-1,2,0.0000591278,0.0000000000,0.0000810000
Busqueda Binaria Paralela,5000,187645041,0,-1,2,0.0000479221,0.0000000000,0.0000670000
Busqueda Binaria Paralela,5000,1980098116,0,-1,2,0.0000500679,0.0000000000,0.0000690000
Busqueda Binaria Paralela,5000,152503,0,-1,2,0.0000920296,0.0000000000,0.0001100000
Busqueda Binaria Paralela,5000,5000,0,-1,2,0.0000770092,0.0000000000,0.0001120000
Busqueda Binaria Paralela,5000,1493283650,0,-1,2,0.0000629425,0.0000000000,0.0000880000
Busqueda Binaria Paralela,5000,214826,0,-1,2,0.0000820160,0.0000000000,0.0001400000
Busqueda Binaria Paralela,5000,1843349527,0,-1,2,0.0000519753,0.0000000000,0.0000770000
Busqueda Binaria Paralela,5000,1360839354,0,-1,2,0.0000441074,0.0000140000,0.0000510000
Busqueda Binaria Paralela,5000,2109248666,0,-1,2,0.0000429153,0.0000210000,0.0000410000
Busqueda Binaria Paralela,5000,2147470852,0,-1,2,0.0000369549,0.0000180000,0.0000350000
Busqueda Binaria Paralela,5000,0,0,-1,2,0.0000398159,0.0000190000,0.0000380000
Busqueda Binaria Paralela,5000,322486,0,-1,4,0.0001969337,0.0003470000,0.0000000000
Busqueda Binaria Paralela,5000,14700764,0,-1,4,0.0001530647,0.0003400000,0.0000000000
Busqueda Binaria Paralela,5000,3128036,0,-1,4,0.0000660419,0.0001160000,0.0000000000
Busqueda Binaria Paralela,5000,6337399,0,-1,4,0.0000860691,0.0001700000,0.0000000000
Busqueda Binaria Paralela,5000,61396,0,-1,4,0.0000801086,0.0001410000,0.0000000000
Busqueda Binaria Paralela,5000,10393545,0,-1,4,0.0000650883,0.0001140000,0.0000000000
Busqueda Binaria Paralela,5000,2147445644,0,-1,4,0.0000650883,0.0001150000,0.0000000000
Busqueda Binaria Paralela,5000,1295390003,0,-1,4,0.0000648499,0.0000990000,0.0000130000
Busqueda Binaria Paralela,5000,450057883,0,-1,4,0.0000698566,0.0000580000,0.0000580000
Busqueda Binaria Paralela,5000,187645041,0,-1,4,0.0000650883,0.0000550000,0.0000550000
Busqueda Binaria Paralela,5000,1980098116,0,-1,4,0.0000691414,0.0000000000,0.0001250000
Busqueda Binaria Paralela,5000,152503,0,-1,4,0.0000681877,0.0000000000,0.0001240000
Busqueda Binaria Paralela,5000,5000,0,-1,4,0.0000669956,0.0000000000,0.0001230000
Busqueda Binaria Paralela,5000,1493283650,0,-1,4,0.0000669956,0.0000000000,0.0001230000
Busqueda Binaria Paralela,5000,214826,0,-1,4,0.0000579357,0.0000000000,0.0001080000
Busqueda Binaria Paralela,5000,1843349527,0,-1,4,0.0000579357,0.0000000000,0.0001010000
Busqueda Binaria Paralela,5000,1360839354,0,-1,4,0.0000610352,0.0000000000,0.0001080000
Busqueda Binaria Paralela,5000,2109248666,0,-1,4,0.0000760555,0.0000000000,0.0001190000
Busqueda Binaria Paralela,5000,2147470852,0,-1,4,0.0000579357,0.0000000000,0.0000970000
Busqueda Binaria Paralela,5000,0,0,-1,4,0.0000691414,0.0000000000,0.0001130000
Busqueda Binaria Paralela,5000,322486,0,-1,8,0.0002770424,0.0004550000,0.0000000000
Busqueda Binaria Paralela,5000,14700764,0,-1,8,0.0001308918,0.0000000000,0.0002430000
Busqueda Binaria Paralela,5000,3128036,0,-1,8,0.0001249313,0.0000000000,0.0002220000
Busqueda Binaria Paralela,5000,6337399,0,-1,8,0.0001699924,0.0000000000,0.0003320000
Busqueda Binaria Paralela,5000,61396,0,-1,8,0.0002110004,0.0001500000,0.0002280000
Busqueda Binaria Paralela,5000,10393545,0,-1,8,0.0001258850,0.0001530000,0.0000760000
Busqueda Binaria Paralela,5000,2147445644,0,-1,8,0.0001449585,0.0001670000,0.0000840000
Busqueda Binaria Paralela,5000,1295390003,0,-1,8,0.0001599789,0.0000000000,0.0002590000
Busqueda Binaria Paralela,5000,450057883,0,-1,8,0.0001668930,0.0000000000,0.0003010000
Busqueda Binaria Paralela,5000,187645041,0,-1,8,0.0001349449,0.0000000000,0.0002290000
Busqueda Binaria Paralela,5000,1980098116,0,-1,8,0.0001640320,0.0000000000,0.0002690000
Busqueda Binaria Paralela,5000,152503,0,-1,8,0.0001430511,0.0000620000,0.0001960000
Busqueda Binaria Paralela,5000,5000,0,-1,8,0.0001640320,0.0001280000,0.0001290000
Busqueda Binaria Paralela,5000,1493283650,0,-1,8,0.0001549721,0.0001360000,0.0001340000
Busqueda Binaria Paralela,5000,214826,0,-1,8,0.0001921654,0.0001520000,0.0001520000
Busqueda Binaria Paralela,5000,1843349527,0,-1,8,0.0001089573,0.0000970000,0.0000980000
Busqueda Binaria Paralela,5000,1360839354,0,-1,8,0.0001049042,0.0000950000,0.0000950000
Busqueda Binaria Paralela,5000,2109248666,0,-1,8,0.0001280308,0.0001050000,0.0001050000
Busqueda Binaria Paralela,5000,2147470852,0,-1,8,0.0001051426,0.0000950000,0.0000950000
Busqueda Binaria Paralela,5000,0,0,-1,8,0.0001051426,0.0000940000,0.0000940000
Busqueda Binaria Paralela,10000,322486,0,-1,1,0.0000710487,0.0000780000,0.0000000000
Busqueda Binaria Paralela,10000,14700764,0,-1,1,0.0000309944,0.0000350000,0.0000000000
Busqueda Binaria Paralela,10000,3128036,0,-1,1,0.0000290871,0.0000330000,0.0000000000
Busqueda Binaria Paralela,10000,6337399,0,-1,1,0.0000278950,0.0000340000,0.0000000000
Busqueda Binaria Paralela,10000,61396,0,-1,1,0.0000240803,0.0000290000,0.0000000000
Busqueda Binaria Paralela,10000,10393545,0,-1,1,0.0000309944,0.0000000000,0.0000330000
Busqueda Binaria Paralela,10000,2147445644,0,-1,1,0.0000519753,0.0000000000,0.0000590000
Busqueda Binaria Paralela,10000,1295390003,0,-1,1,0.0000500679,0.0000000000,0.0000560000
Busqueda Binaria Paralela,10000,450057883,0,-1,1,0.0000431538,0.0000000000,0.0000490000
Busqueda Binaria Paralela,10000,187645041,0,-1,1,0.0000250340,0.0000000000,0.0000300000
Busqueda Binaria Paralela,10000,1980098116,0,-1,1,0.0000259876,0.0000000000,0.0000330000
Busqueda Binaria Paralela,10000,152503,0,-1,1,0.0000238419,0.0000000000,0.0000290000
Busqueda Binaria Paralela,10000,5000,0,-1,1,0.0000240803,0.0000000000,0.0000270000
Busqueda Binaria Paralela,10000,1493283650,0,-1,1,0.0000250340,0.0000000000,0.0000300000
Busqueda Binaria Paralela,10000,214826,0,-1,1,0.0000550747,0.0000000000,0.0000590000
Busqueda Binaria Paralela,10000,1843349527,0,-1,1,0.0000679493,0.0000000000,0.0000900000
Busqueda Binaria Paralela,10000,1360839354,0,-1,1,0.0000340939,0.0000000000,0.0000400000
Busqueda Binaria Paralela,10000,2109248666,0,-1,1,0.0000290871,0.0000000000,0.0000320000
Busqueda Binaria Paralela,10000,2147470852,0,-1,1,0.0000288486,0.0000000000,0.0000320000
Busqueda Binaria Paralela,10000,0,0,-1,1,0.0000281334,0.0000000000,0.0000320000
Busqueda Binaria Paralela,10000,322486,0,-1,2,0.0001349449,0.0000960000,0.0000470000
Busqueda Binaria Paralela,10000,14700764,0,-1,2,0.0001201630,0.0001440000,0.0000710000
Busqueda Binaria Paralela,10000,3128036,0,-1,2,0.0001149178,0.0001520000,0.0000750000
Busqueda Binaria Paralela,10000,6337399,0,-1,2,0.0001678467,0.0001690000,0.0000840000
Busqueda Binaria Paralela,10000,61396,0,-1,2,0.0000898838,0.0001300000,0.0000650000
Busqueda Binaria Paralela,10000,10393545,0,-1,2,0.0000729561,0.0000800000,0.0000400000
Busqueda Binaria Paralela,10000,2147445644,0,-1,2,0.0000810623,0.0000750000,0.0000370000
Busqueda Binaria Paralela,10000,1295390003,0,-1,2,0.0000400543,0.0000370000,0.0000190000
Busqueda Binaria Paralela,10000,450057883,0,-1,2,0.0000360012,0.0000350000,0.0000170000
Busqueda Binaria Paralela,10000,187645041,0,-1,2,0.0000348091,0.0000350000,0.0000180000
Busqueda Binaria Paralela,10000,1980098116,0,-1,2,0.0000419617,0.0000000000,0.0000560000
Busqueda Binaria Paralela,10000,152503,0,-1,2,0.0000360012,0.0000000000,0.0000520000
Busqueda Binaria Paralela,10000,5000,0,-1,2,0.0000469685,0.0000000000,0.0000660000
Busqueda Binaria Paralela,10000,1493283650,0,-1,2,0.0000369549,0.0000000000,0.0000540000
Busqueda Binaria Paralela,10000,214826,0,-1,2,0.0000350475,0.0000000000,0.0000520000
Busqueda Binaria Paralela,10000,1843349527,0,-1,2,0.0000400543,0.0000000000,0.0000550000
Busqueda Binaria Paralela,10000,1360839354,0,-1,2,0.0000369549,0.0000000000,0.0000530000
Busqueda Binaria Paralela,10000,2109248666,0,-1,2,0.0000340939,0.0000000000,0.0000510000
Busqueda Binaria Paralela,10000,2147470852,0,-1,2,0.0000340939,0.0000000000,0.0000500000
Busqueda Binaria Paralela,10000,0,0,-1,2,0.0000481606,0.0000000000,0.0000680000
Busqueda Binaria Paralela,10000,322486,0,-1,4,0.0001881123,0.0001940000,0.0000970000
Busqueda Binaria Paralela,10000,14700764,0,-1,4,0.0001192093,0.0001040000,0.0000530000
Busqueda Binaria Paralela,10000,3128036,0,-1,4,0.0001411438,0.0000000000,0.0002070000
Busqueda Binaria Paralela,10000,6337399,0,-1,4,0.0000879765,0.0000000000,0.0001550000
Busqueda Binaria Paralela,10000,61396,0,-1,4,0.0001180172,0.0000000000,0.0001910000
Busqueda Binaria Paralela,10000,10393545,0,-1,4,0.0000979900,0.0000000000,0.0001380000
Busqueda Binaria Paralela,10000,2147445644,0,-1,4,0.0000810623,0.0000000000,0.0001320000
Busqueda Binaria Paralela,10000,1295390003,0,-1,4,0.0000782013,0.0000000000,0.0001240000
Busqueda Binaria Paralela,10000,450057883,0,-1,4,0.0000839233,0.0000000000,0.0001410000
Busqueda Binaria Paralela,10000,187645041,0,-1,4,0.0000779629,0.0000000000,0.0001260000
Busqueda Binaria Paralela,10000,1980098116,0,-1,4,0.0000770092,0.0000000000,0.0001210000
Busqueda Binaria Paralela,10000,152503,0,-1,4,0.0000879765,0.0000000000,0.0001270000
Busqueda Binaria Paralela,10000,5000,0,-1,4,0.0000760555,0.0000000000,0.0001210000
Busqueda Binaria Paralela,10000,1493283650,0,-1,4,0.0000669956,0.0000000000,0.0001080000
Busqueda Binaria Paralela,10000,214826,0,-1,4,0.0000820160,0.0000000000,0.0001070000
Busqueda Binaria Paralela,10000,1843349527,0,-1,4,0.0000720024,0.0000000000,0.0001130000
Busqueda Binaria Paralela,10000,1360839354,0,-1,4,0.0000851154,0.0000000000,0.0001480000
Busqueda Binaria Paralela,10000,2109248666,0,-1,4,0.0000681877,0.0000000000,0.0001080000
Busqueda Binaria Paralela,10000,2147470852,0,-1,4,0.0000679493,0.0000000000,0.0001070000
Busqueda Binaria Paralela,10000,0,0,-1,4,0.0000770092,0.0000000000,0.0001210000
Busqueda Binaria Paralela,10000,322486,0,-1,8,0.0002539158,0.0006310000,0.0000000000
Busqueda Binaria Paralela,10000,14700764,0,-1,8,0.0000991821,0.0001990000,0.0000000000
Busqueda Binaria Paralela,10000,3128036,0,-1,8,0.0001020432,0.0000000000,0.0001820000
Busqueda Binaria Paralela,10000,6337399,0,-1,8,0.0001599789,0.0000000000,0.0003070000
Busqueda Binaria Paralela,10000,61396,0,-1,8,0.0001859665,0.0000000000,0.0003750000
Busqueda Binaria Paralela,10000,10393545,0,-1,8,0.0001730919,0.0001350000,0.0002210000
Busqueda Binaria Paralela,10000,2147445644,0,-1,8,0.0001199245,0.0001690000,0.0000570000
Busqueda Binaria Paralela,10000,1295390003,0,-1,8,0.0001218319,0.0001760000,0.0000590000
Busqueda Binaria Paralela,10000,450057883,0,-1,8,0.0001428127,0.0000000000,0.0002420000
Busqueda Binaria Paralela,10000,187645041,0,-1,8,0.0001640320,0.0000000000,0.0003420000
Busqueda Binaria Paralela,10000,1980098116,0,-1,8,0.0001840591,0.0000000000,0.0003890000
Busqueda Binaria Paralela,10000,152503,0,-1,8,0.0001249313,0.0000000000,0.0002230000
Busqueda Binaria Paralela,10000,5000,0,-1,8,0.0001318455,0.0000000000,0.0002330000
Busqueda Binaria Paralela,10000,1493283650,0,-1,8,0.0001220703,0.0000000000,0.0002240000
Busqueda Binaria Paralela,10000,214826,0,-1,8,0.0001301765,0.0000000000,0.0002330000
Busqueda Binaria Paralela,10000,1843349527,0,-1,8,0.0001709461,0.0000000000,0.0003320000
Busqueda Binaria Paralela,10000,1360839354,0,-1,8,0.0001771450,0.0000000000,0.0003170000
Busqueda Binaria Paralela,10000,2109248666,0,-1,8,0.0001409054,0.0000000000,0.0002450000
Busqueda Binaria Paralela,10000,2147470852,0,-1,8,0.0001628399,0.0000000000,0.0002620000
Busqueda Binaria Paralela,10000,0,0,-1,8,0.0001239777,0.0000000000,0.0002360000
Busqueda Binaria Paralela,50000,322486,0,-1,1,0.0003020763,0.0003100000,0.0000000000
Busqueda Binaria Paralela,50000,14700764,0,-1,1,0.0001049042,0.0001090000,0.0000000000
Busqueda Binaria Paralela,50000,3128036,0,-1,1,0.0000519753,0.0000580000,0.0000000000
Busqueda Binaria Paralela,50000,6337399,0,-1,1,0.0001020432,0.0000810000,0.0000000000
Busqueda Binaria Paralela,50000,61396,0,-1,1,0.0000472069,0.0000530000,0.0000000000
Busqueda Binaria Paralela,50000,10393545,0,-1,1,0.0000469685,0.0000750000,0.0000000000
Busqueda Binaria Paralela,50000,2147445644,0,-1,1,0.0000491142,0.0000560000,0.0000000000
Busqueda Binaria Paralela,50000,1295390003,0,-1,1,0.0000269413,0.0000330000,0.0000000000
Busqueda Binaria Paralela,50000,450057883,0,-1,1,0.0000250340,0.0000310000,0.0000000000
Busqueda Binaria Paralela,50000,187645041,0,-1,1,0.0000331402,0.0000000000,0.0000370000
Busqueda Binaria Paralela,50000,1980098116,0,-1,1,0.0000271797,0.0000000000,0.0000330000
Busqueda Binaria Paralela,50000,152503,0,-1,1,0.0000281334,0.0000000000,0.0000340000
Busqueda Binaria Paralela,50000,5000,0,-1,1,0.0000269413,0.0000000000,0.0000320000
Busqueda Binaria Paralela,50000,1493283650,0,-1,1,0.0000309944,0.0000000000,0.0000360000
Busqueda Binaria Paralela,50000,214826,0,-1,1,0.0000290871,0.0000000000,0.0000330000
Busqueda Binaria Paralela,50000,1843349527,0,-1,1,0.0000259876,0.0000000000,0.0000290000
Busqueda Binaria Paralela,50000,1360839354,0,-1,1,0.0000250340,0.0000000000,0.0000310000
Busqueda Binaria Paralela,50000,2109248666,0,-1,1,0.0000240803,0.0000000000,0.0000300000
Busqueda Binaria Paralela,50000,2147470852,0,-1,1,0.0000278950,0.0000000000,0.0000310000
Busqueda Binaria Paralela,50000,0,0,-1,1,0.0000288486,0.0000000000,0.0000320000
Busqueda Binaria Paralela,50000,322486,0,-1,2,0.0001440048,0.0002290000,0.0000000000
Busqueda Binaria Paralela,50000,14700764,0,-1,2,0.0000529289,0.0000800000,0.0000000000
Busqueda Binaria Paralela,50000,3128036,0,-1,2,0.0000729561,0.0000850000,0.0000000000
Busqueda Binaria Paralela,50000,6337399,0,-1,2,0.0000870228,0.0001480000,0.0000000000
Busqueda Binaria Paralela,50000,61396,0,-1,2,0.0000441074,0.0000700000,0.0000000000
Busqueda Binaria Paralela,50000,10393545,0,-1,2,0.0000789165,0.0001300000,0.0000000000
Busqueda Binaria Paralela,50000,2147445644,0,-1,2,0.0000810623,0.0001010000,0.0000000000
Busqueda Binaria Paralela,50000,1295390003,0,-1,2,0.0000431538,0.0000630000,0.0000000000
Busqueda Binaria Paralela,50000,450057883,0,-1,2,0.0000429153,0.0000670000,0.0000000000
Busqueda Binaria Paralela,50000,187645041,0,-1,2,0.0000448227,0.0000650000,0.0000000000
Busqueda Binaria Paralela,50000,1980098116,0,-1,2,0.0000410080,0.0000610000,0.0000000000
Busqueda Binaria Paralela,50000,152503,0,-1,2,0.0000441074,0.0000640000,0.0000000000
Busqueda Binaria Paralela,50000,5000,0,-1,2,0.0000629425,0.0000850000,0.0000000000
Busqueda Binaria Paralela,50000,1493283650,0,-1,2,0.0000481606,0.0000690000,0.0000000000
Busqueda Binaria Paralela,50000,214826,0,-1,2,0.0000488758,0.0000690000,0.0000000000
Busqueda Binaria Paralela,50000,1843349527,0,-1,2,0.0000479221,0.0000700000,0.0000000000
Busqueda Binaria Paralela,50000,1360839354,0,-1,2,0.0000460148,0.0000660000,0.0000000000
Busqueda Binaria Paralela,50000,2109248666,0,-1,2,0.0000648499,0.0000000000,0.0000820000
Busqueda Binaria Paralela,50000,2147470852,0,-1,2,0.0000841618,0.0000000000,0.0001010000
Busqueda Binaria Paralela,50000,0,0,-1,2,0.0000848770,0.0000000000,0.0001070000
Busqueda Binaria Paralela,50000,322486,0,-1,4,0.0001499653,0.0002980000,0.0000000000
Busqueda Binaria Paralela,50000,14700764,0,-1,4,0.0000820160,0.0001410000,0.0000000000
Busqueda Binaria Paralela,50000,3128036,0,-1,4,0.0000741482,0.0000000000,0.0001190000
Busqueda Binaria Paralela,50000,6337399,0,-1,4,0.0000691414,0.0000000000,0.0001630000
Busqueda Binaria Paralela,50000,61396,0,-1,4,0.0000770092,0.0000000000,0.0001210000
Busqueda Binaria Paralela,50000,10393545,0,-1,4,0.0000798702,0.0000000000,0.0001540000
Busqueda Binaria Paralela,50000,2147445644,0,-1,4,0.0000648499,0.0000000000,0.0001610000
Busqueda Binaria Paralela,50000,1295390003,0,-1,4,0.0000770092,0.0000000000,0.0001720000
Busqueda Binaria Paralela,50000,450057883,0,-1,4,0.0000720024,0.0000780000,0.0000810000
Busqueda Binaria Paralela,50000,187645041,0,-1,4,0.0000629425,0.0001080000,0.0000100000
Busqueda Binaria Paralela,50000,1980098116,0,-1,4,0.0000660419,0.0001190000,0.0000110000
Busqueda Binaria Paralela,50000,152503,0,-1,4,0.0000641346,0.0001170000,0.0000110000
Busqueda Binaria Paralela,50000,5000,0,-1,4,0.0000600815,0.0000960000,0.0000090000
Busqueda Binaria Paralela,50000,1493283650,0,-1,4,0.0000588894,0.0000950000,0.0000090000
Busqueda Binaria Paralela,50000,214826,0,-1,4,0.0000669956,0.0000000000,0.0001100000
Busqueda Binaria Paralela,50000,1843349527,0,-1,4,0.0000550747,0.0000000000,0.0000950000
Busqueda Binaria Paralela,50000,1360839354,0,-1,4,0.0000560284,0.0000000000,0.0000940000
Busqueda Binaria Paralela,50000,2109248666,0,-1,4,0.0000598431,0.0000000000,0.0000980000
Busqueda Binaria Paralela,50000,2147470852,0,-1,4,0.0000548363,0.0000000000,0.0000930000
Busqueda Binaria Paralela,50000,0,0,-1,4,0.0000531673,0.0000000000,0.0000910000
Busqueda Binaria Paralela,50000,322486,0,-1,8,0.0002789497,0.0000000000,0.0007020000
Busqueda Binaria Paralela,50000,14700764,0,-1,8,0.0001399517,0.0003810000,0.0001230000
Busqueda Binaria Paralela,50000,3128036,0,-1,8,0.0001330376,0.0002810000,0.0000520000
Busqueda Binaria Paralela,50000,6337399,0,-1,8,0.0001440048,0.0002140000,0.0000400000
Busqueda Binaria Paralela,50000,61396,0,-1,8,0.0001230240,0.0001870000,0.0000340000
Busqueda Binaria Paralela,50000,10393545,0,-1,8,0.0001490116,0.0000000000,0.0002380000
Busqueda Binaria Paralela,50000,2147445644,0,-1,8,0.0001249313,0.0000000000,0.0002520000
Busqueda Binaria Paralela,50000,1295390003,0,-1,8,0.0001327991,0.0000000000,0.0002550000
Busqueda Binaria Paralela,50000,450057883,0,-1,8,0.0001389980,0.0000000000,0.0002500000
Busqueda Binaria Paralela,50000,187645041,0,-1,8,0.0001308918,0.0000000000,0.0002420000
Busqueda Binaria Paralela,50000,1980098116,0,-1,8,0.0001409054,0.0000000000,0.0002670000
Busqueda Binaria Paralela,50000,152503,0,-1,8,0.0001101494,0.0000000000,0.0002080000
Busqueda Binaria Paralela,50000,5000,0,-1,8,0.0001380444,0.0000000000,0.0002320000
Busqueda Binaria Paralela,50000,1493283650,0,-1,8,0.0001311302,0.0000000000,0.0002670000
Busqueda Binaria Paralela,50000,214826,0,-1,8,0.0001280308,0.0000000000,0.0002440000
Busqueda Binaria Paralela,50000,1843349527,0,-1,8,0.0001158714,0.0000000000,0.0002000000
Busqueda Binaria Paralela,50000,1360839354,0,-1,8,0.0001280308,0.0000000000,0.0002400000
Busqueda Binaria Paralela,50000,2109248666,0,-1,8,0.0001521111,0.0000000000,0.0003270000
Busqueda Binaria Paralela,50000,2147470852,0,-1,8,0.0001959801,0.0000000000,0.0002900000
Busqueda Binaria Paralela,50000,0,0,-1,8,0.0001778603,0.0000000000,0.0003450000
Busqueda Binaria Paralela,100000,322486,0,-1,1,0.0001270771,0.0001340000,0.0000000000
Busqueda Binaria Paralela,100000,14700764,0,-1,1,0.0000729561,0.0000760000,0.0000000000
Busqueda Binaria Paralela,100000,3128036,0,-1,1,0.0000967979,0.0000800000,0.0000000000
Busqueda Binaria Paralela,100000,6337399,0,-1,1,0.0000309944,0.0000360000,0.0000000000
Busqueda Binaria Paralela,100000,61396,0,-1,1,0.0000338554,0.0000380000,0.0000000000
Busqueda Binaria Paralela,100000,10393545,0,-1,1,0.0000300407,0.0000000000,0.0000290000
Busqueda Binaria Paralela,100000,2147445644,0,-1,1,0.0000269413,0.0000000000,0.0000320000
Busqueda Binaria Paralela,100000,1295390003,0,-1,1,0.0000650883,0.0000000000,0.0000720000
Busqueda Binaria Paralela,100000,450057883,0,-1,1,0.0000250340,0.0000000000,0.0000300000
Busqueda Binaria Paralela,100000,187645041,0,-1,1,0.0000638962,0.0000000000,0.0000680000
Busqueda Binaria Paralela,100000,1980098116,0,-1,1,0.0000281334,0.0000000000,0.0000330000
Busqueda Binaria Paralela,100000,152503,0,-1,1,0.0000278950,0.0000000000,0.0000330000
Busqueda Binaria Paralela,100000,5000,0,-1,1,0.0000228882,0.0000000000,0.0000290000
Busqueda Binaria Paralela,100000,1493283650,0,-1,1,0.0000228882,0.0000000000,0.0000280000
Busqueda Binaria Paralela,100000,214826,0,-1,1,0.0000269413,0.0000000000,0.0000330000
Busqueda Binaria Paralela,100000,1843349527,0,-1,1,0.0000240803,0.0000000000,0.0000290000
Busqueda Binaria Paralela,100000,1360839354,0,-1,1,0.0000669956,0.0000000000,0.0000750000
Busqueda Binaria Paralela,100000,2109248666,0,-1,1,0.0000340939,0.0000000000,0.0000430000
Busqueda Binaria Paralela,100000,2147470852,0,-1,1,0.0000281334,0.0000000000,0.0000360000
Busqueda Binaria Paralela,100000,0,0,-1,1,0.0000278950,0.0000000000,0.0000350000
Busqueda Binaria Paralela,100000,322486,0,-1,2,0.0001659393,0.0002620000,0.0000120000
Busqueda Binaria Paralela,100000,14700764,0,-1,2,0.0001010895,0.0001710000,0.0000080000
Busqueda Binaria Paralela,100000,3128036,0,-1,2,0.0000998974,0.0001650000,0.0000080000
Busqueda Binaria Paralela,100000,6337399,0,-1,2,0.0000739098,0.0001310000,0.0000060000
Busqueda Binaria Paralela,100000,61396,0,-1,2,0.0000739098,0.0001330000,0.0000060000
Busqueda Binaria Paralela,100000,10393545,0,-1,2,0.0000619888,0.0000850000,0.0000040000
Busqueda Binaria Paralela,100000,2147445644,0,-1,2,0.0000360012,0.0000530000,0.0000020000
Busqueda Binaria Paralela,100000,1295390003,0,-1,2,0.0000350475,0.0000510000,0.0000020000
Busqueda Binaria Paralela,100000,450057883,0,-1,2,0.0000340939,0.0000490000,0.0000030000
Busqueda Binaria Paralela,100000,187645041,0,-1,2,0.0000581741,0.0000000000,0.0000690000
Busqueda Binaria Paralela,100000,1980098116,0,-1,2,0.0000338554,0.0000000000,0.0000500000
Busqueda Binaria Paralela,100000,152503,0,-1,2,0.0000391006,0.0000000000,0.0000520000
Busqueda Binaria Paralela,100000,5000,0,-1,2,0.0000419617,0.0000000000,0.0000570000
Busqueda Binaria Paralela,100000,1493283650,0,-1,2,0.0000381470,0.0000000000,0.0000560000
Busqueda Binaria Paralela,100000,214826,0,-1,2,0.0000410080,0.0000000000,0.0000600000
Busqueda Binaria Paralela,100000,1843349527,0,-1,2,0.0000429153,0.0000000000,0.0000570000
Busqueda Binaria Paralela,100000,1360839354,0,-1,2,0.0000450611,0.0000000000,0.0000680000
Busqueda Binaria Paralela,100000,2109248666,0,-1,2,0.0000450611,0.0000000000,0.0000660000
Busqueda Binaria Paralela,100000,2147470852,0,-1,2,0.0000460148,0.0000000000,0.0000660000
Busqueda Binaria Paralela,100000,0,0,-1,2,0.0000410080,0.0000000000,0.0000610000
Busqueda Binaria Paralela,100000,322486,0,-1,4,0.0001518726,0.0002940000,0.0000300000
Busqueda Binaria Paralela,100000,14700764,0,-1,4,0.0000600815,0.0001040000,0.0000110000
Busqueda Binaria Paralela,100000,3128036,0,-1,4,0.0001730919,0.0000000000,0.0003890000
Busqueda Binaria Paralela,100000,6337399,0,-1,4,0.0000729561,0.0000000000,0.0001640000
Busqueda Binaria Paralela,100000,61396,0,-1,4,0.0000920296,0.0000000000,0.0002150000
Busqueda Binaria Paralela,100000,10393545,0,-1,4,0.0000810623,0.0001350000,0.0000650000
Busqueda Binaria Paralela,100000,2147445644,0,-1,4,0.0000758171,0.0001440000,0.0000210000
Busqueda Binaria Paralela,100000,1295390003,0,-1,4,0.0000529289,0.0000830000,0.0000120000
Busqueda Binaria Paralela,100000,450057883,0,-1,4,0.0000500679,0.0000780000,0.0000120000
Busqueda Binaria Paralela,100000,187645041,0,-1,4,0.0000510216,0.0000790000,0.0000110000
Busqueda Binaria Paralela,100000,1980098116,0,-1,4,0.0000510216,0.0000780000,0.0000110000
Busqueda Binaria Paralela,100000,152503,0,-1,4,0.0000500679,0.0000780000,0.0000110000
Busqueda Binaria Paralela,100000,5000,0,-1,4,0.0000569820,0.0000830000,0.0000110000
Busqueda Binaria Paralela,100000,1493283650,0,-1,4,0.0000531673,0.0000800000,0.0000110000
Busqueda Binaria Paralela,100000,214826,0,-1,4,0.0000600815,0.0000000000,0.0000950000
Busqueda Binaria Paralela,100000,1843349527,0,-1,4,0.0000510216,0.0000000000,0.0000910000
Busqueda Binaria Paralela,100000,1360839354,0,-1,4,0.0000510216,0.0000000000,0.0000900000
Busqueda Binaria Paralela,100000,2109248666,0,-1,4,0.0000491142,0.0000000000,0.0000890000
Busqueda Binaria Paralela,100000,2147470852,0,-1,4,0.0000500679,0.0000000000,0.0000890000
Busqueda Binaria Paralela,100000,0,0,-1,4,0.0000500679,0.0000000000,0.0000900000
Busqueda Binaria Paralela,100000,322486,0,-1,8,0.0002720356,0.0007380000,0.0000000000
Busqueda Binaria Paralela,100000,14700764,0,-1,8,0.0001680851,0.0004000000,0.0000000000
Busqueda Binaria Paralela,100000,3128036,0,-1,8,0.0001020432,0.0001810000,0.0000070000
Busqueda Binaria Paralela,100000,6337399,0,-1,8,0.0000991821,0.0001800000,0.0000080000
Busqueda Binaria Paralela,100000,61396,0,-1,8,0.0001039505,0.0001860000,0.0000080000
Busqueda Binaria Paralela,100000,10393545,0,-1,8,0.0001020432,0.0000000000,0.0002210000
Busqueda Binaria Paralela,100000,2147445644,0,-1,8,0.0000929832,0.0000000000,0.0002020000
Busqueda Binaria Paralela,100000,1295390003,0,-1,8,0.0001029968,0.0000000000,0.0001910000
Busqueda Binaria Paralela,100000,450057883,0,-1,8,0.0001029968,0.0000000000,0.0002570000
Busqueda Binaria Paralela,100000,187645041,0,-1,8,0.0000929832,0.0000000000,0.0001830000
Busqueda Binaria Paralela,100000,1980098116,0,-1,8,0.0000958443,0.0000000000,0.0001910000
Busqueda Binaria Paralela,100000,152503,0,-1,8,0.0000929832,0.0000000000,0.0001790000
Busqueda Binaria Paralela,100000,5000,0,-1,8,0.0000920296,0.0000000000,0.0001820000
Busqueda Binaria Paralela,100000,1493283650,0,-1,8,0.0002400875,0.0000000000,0.0001980000
Busqueda Binaria Paralela,100000,214826,0,-1,8,0.0000939369,0.0000110000,0.0001970000
Busqueda Binaria Paralela,100000,1843349527,0,-1,8,0.0000989437,0.0001660000,0.0000210000
Busqueda Binaria Paralela,100000,1360839354,0,-1,8,0.0000960827,0.0001610000,0.0000200000
Busqueda Binaria Paralela,100000,2109248666,0,-1,8,0.0000960827,0.0001600000,0.0000210000
Busqueda Binaria Paralela,100000,2147470852,0,-1,8,0.0000989437,0.0001620000,0.0000200000
Busqueda Binaria Paralela,100000,0,0,-1,8,0.0000939369,0.0001580000,0.0000200000
Busqueda Binaria Paralela,500000,322486,0,-1,1,0.0001449585,0.0000000000,0.0001200000
Busqueda Binaria Paralela,500000,14700764,0,-1,1,0.0001308918,0.0000000000,0.0000970000
Busqueda Binaria Paralela,500000,3128036,0,-1,1,0.0000751019,0.0000000000,0.0000790000
Busqueda Binaria Paralela,500000,6337399,0,-1,1,0.0000429153,0.0000000000,0.0000470000
Busqueda Binaria Paralela,500000,61396,0,-1,1,0.0001189709,0.0000000000,0.0000890000
Busqueda Binaria Paralela,500000,10393545,0,-1,1,0.0001010895,0.0000000000,0.0000440000
Busqueda Binaria Paralela,500000,2147445644,0,-1,1,0.0000350475,0.0000000000,0.0000390000
Busqueda Binaria Paralela,500000,1295390003,0,-1,1,0.0000319481,0.0000000000,0.0000350000
Busqueda Binaria Paralela,500000,450057883,0,-1,1,0.0000641346,0.0000000000,0.0000670000
Busqueda Binaria Paralela,500000,187645041,0,-1,1,0.0000250340,0.0000000000,0.0000280000
Busqueda Binaria Paralela,500000,1980098116,0,-1,1,0.0000240803,0.0000000000,0.0000290000
Busqueda Binaria Paralela,500000,152503,0,-1,1,0.0000231266,0.0000000000,0.0000300000
Busqueda Binaria Paralela,500000,5000,0,-1,1,0.0000820160,0.0000000000,0.0000820000
Busqueda Binaria Paralela,500000,1493283650,0,-1,1,0.0000610352,0.0000000000,0.0000640000
Busqueda Binaria Paralela,500000,214826,0,-1,1,0.0000259876,0.0000000000,0.0000310000
Busqueda Binaria Paralela,500000,1843349527,0,-1,1,0.0000231266,0.0000000000,0.0000260000
Busqueda Binaria Paralela,500000,1360839354,0,-1,1,0.0000228882,0.0000000000,0.0000280000
Busqueda Binaria Paralela,500000,2109248666,0,-1,1,0.0000219345,0.0000000000,0.0000280000
Busqueda Binaria Paralela,500000,2147470852,0,-1,1,0.0000231266,0.0000000000,0.0000280000
Busqueda Binaria Paralela,500000,0,0,-1,1,0.0000219345,0.0000000000,0.0000280000
Busqueda Binaria Paralela,500000,322486,0,-1,2,0.0001389980,0.0002210000,0.0000000000
Busqueda Binaria Paralela,500000,14700764,0,-1,2,0.0000948906,0.0001500000,0.0000000000
Busqueda Binaria Paralela,500000,3128036,0,-1,2,0.0000820160,0.0001110000,0.0000040000
Busqueda Binaria Paralela,500000,6337399,0,-1,2,0.0001268387,0.0001300000,0.0000050000
Busqueda Binaria Paralela,500000,61396,0,-1,2,0.0000481606,0.0000730000,0.0000030000
Busqueda Binaria Paralela,500000,10393545,0,-1,2,0.0000951290,0.0000000000,0.0001090000
Busqueda Binaria Paralela,500000,2147445644,0,-1,2,0.0000760555,0.0000000000,0.0000910000
Busqueda Binaria Paralela,500000,1295390003,0,-1,2,0.0000958443,0.0000000000,0.0001250000
Busqueda Binaria Paralela,500000,450057883,0,-1,2,0.0001060963,0.0000000000,0.0001210000
Busqueda Binaria Paralela,500000,187645041,0,-1,2,0.0000839233,0.0000000000,0.0000970000
Busqueda Binaria Paralela,500000,1980098116,0,-1,2,0.0000600815,0.0000000000,0.0000860000
Busqueda Binaria Paralela,500000,152503,0,-1,2,0.0000669956,0.0000000000,0.0000830000
Busqueda Binaria Paralela,500000,5000,0,-1,2,0.0000340939,0.0000000000,0.0000510000
Busqueda Binaria Paralela,500000,1493283650,0,-1,2,0.0000340939,0.0000000000,0.0000520000
Busqueda Binaria Paralela,500000,214826,0,-1,2,0.0000329018,0.0000000000,0.0000500000
Busqueda Binaria Paralela,500000,1843349527,0,-1,2,0.0000340939,0.0000000000,0.0000510000
Busqueda Binaria Paralela,500000,1360839354,0,-1,2,0.0000340939,0.0000000000,0.0000500000
Busqueda Binaria Paralela,500000,2109248666,0,-1,2,0.0000391006,0.0000000000,0.0000520000
Busqueda Binaria Paralela,500000,2147470852,0,-1,2,0.0000340939,0.0000000000,0.0000520000
Busqueda Binaria Paralela,500000,0,0,-1,2,0.0000419617,0.0000000000,0.0000610000
Busqueda Binaria Paralela,500000,322486,0,-1,4,0.0001580715,0.0000000000,0.0004220000
Busqueda Binaria Paralela,500000,14700764,0,-1,4,0.0001051426,0.0000000000,0.0003370000
Busqueda Binaria Paralela,500000,3128036,0,-1,4,0.0001549721,0.0000000000,0.0002890000
Busqueda Binaria Paralela,500000,6337399,0,-1,4,0.0001180172,0.0000000000,0.0003340000
Busqueda Binaria Paralela,500000,61396,0,-1,4,0.0001099110,0.0000000000,0.0003240000
Busqueda Binaria Paralela,500000,10393545,0,-1,4,0.0000920296,0.0000000000,0.0002290000
Busqueda Binaria Paralela,500000,2147445644,0,-1,4,0.0001280308,0.0000000000,0.0002500000
Busqueda Binaria Paralela,500000,1295390003,0,-1,4,0.0000560284,0.0000000000,0.0000980000
Busqueda Binaria Paralela,500000,450057883,0,-1,4,0.0000529289,0.0000000000,0.0000930000
Busqueda Binaria Paralela,500000,187645041,0,-1,4,0.0000860691,0.0000000000,0.0001650000
Busqueda Binaria Paralela,500000,1980098116,0,-1,4,0.0000519753,0.0000000000,0.0000920000
Busqueda Binaria Paralela,500000,152503,0,-1,4,0.0000519753,0.0000000000,0.0000940000
Busqueda Binaria Paralela,500000,5000,0,-1,4,0.0000500679,0.0000000000,0.0000900000
Busqueda Binaria Paralela,500000,1493283650,0,-1,4,0.0000531673,0.0000000000,0.0000970000
Busqueda Binaria Paralela,500000,214826,0,-1,4,0.0000610352,0.0000000000,0.0001000000
Busqueda Binaria Paralela,500000,1843349527,0,-1,4,0.0000510216,0.0000000000,0.0000930000
Busqueda Binaria Paralela,500000,1360839354,0,-1,4,0.0000538826,0.0000000000,0.0000950000
Busqueda Binaria Paralela,500000,2109248666,0,-1,4,0.0000529289,0.0000000000,0.0000920000
Busqueda Binaria Paralela,500000,2147470852,0,-1,4,0.0000510216,0.0000000000,0.0000940000
Busqueda Binaria Paralela,500000,0,0,-1,4,0.0000519753,0.0000000000,0.0000940000
Busqueda Binaria Paralela,500000,322486,0,-1,8,0.0003290176,0.0008100000,0.0000050000
Busqueda Binaria Paralela,500000,14700764,0,-1,8,0.0002181530,0.0006940000,0.0000060000
Busqueda Binaria Paralela,500000,3128036,0,-1,8,0.0001330376,0.0003630000,0.0000030000
Busqueda Binaria Paralela,500000,6337399,0,-1,8,0.0001108646,0.0002130000,0.0000020000
Busqueda Binaria Paralela,500000,61396,0,-1,8,0.0001399517,0.0000000000,0.0002970000
Busqueda Binaria Paralela,500000,10393545,0,-1,8,0.0001571178,0.0000000000,0.0003350000
Busqueda Binaria Paralela,500000,2147445644,0,-1,8,0.0001289845,0.0000000000,0.0002750000
Busqueda Binaria Paralela,500000,1295390003,0,-1,8,0.0000970364,0.0000000000,0.0001860000
Busqueda Binaria Paralela,500000,450057883,0,-1,8,0.0001139641,0.0000000000,0.0002090000
Busqueda Binaria Paralela,500000,187645041,0,-1,8,0.0000939369,0.0000000000,0.0001830000
Busqueda Binaria Paralela,500000,1980098116,0,-1,8,0.0001139641,0.0000000000,0.0002020000
Busqueda Binaria Paralela,500000,152503,0,-1,8,0.0001199245,0.0000000000,0.0002400000
Busqueda Binaria Paralela,500000,5000,0,-1,8,0.0000998974,0.0000000000,0.0001840000
Busqueda Binaria Paralela,500000,1493283650,0,-1,8,0.0000941753,0.0000000000,0.0001810000
Busqueda Binaria Paralela,500000,214826,0,-1,8,0.0000929832,0.0000000000,0.0001790000
Busqueda Binaria Paralela,500000,1843349527,0,-1,8,0.0000910759,0.0000000000,0.0001760000
Busqueda Binaria Paralela,500000,1360839354,0,-1,8,0.0001018047,0.0000000000,0.0001900000
Busqueda Binaria Paralela,500000,2109248666,0,-1,8,0.0000929832,0.0000000000,0.0001770000
Busqueda Binaria Paralela,500000,2147470852,0,-1,8,0.0000939369,0.0000000000,0.0001800000
Busqueda Binaria Paralela,500000,0,0,-1,8,0.0000960827,0.0000000000,0.0001830000
Busqueda Binaria Paralela,1000000,322486,0,-1,1,0.0001938343,0.0000000000,0.0001480000
Busqueda Binaria Paralela,1000000,14700764,0,-1,1,0.0001139641,0.0000000000,0.0000910000
Busqueda Binaria Paralela,1000000,3128036,0,-1,1,0.0001270771,0.0000000000,0.0000920000
Busqueda Binaria Paralela,1000000,6337399,0,-1,1,0.0001218319,0.0000000000,0.0000900000
Busqueda Binaria Paralela,1000000,61396,0,-1,1,0.0000929832,0.0000000000,0.0000660000
Busqueda Binaria Paralela,1000000,10393545,0,-1,1,0.0001029968,0.0000000000,0.0000930000
Busqueda Binaria Paralela,1000000,2147445644,0,-1,1,0.0000948906,0.0000000000,0.0000830000
Busqueda Binaria Paralela,1000000,1295390003,0,-1,1,0.0000298023,0.0000000000,0.0000350000
Busqueda Binaria Paralela,1000000,450057883,0,-1,1,0.0000240803,0.0000000000,0.0000300000
Busqueda Binaria Paralela,1000000,187645041,0,-1,1,0.0000259876,0.0000000000,0.0000310000
Busqueda Binaria Paralela,1000000,1980098116,0,-1,1,0.0000870228,0.0000000000,0.0000360000
Busqueda Binaria Paralela,1000000,152503,0,-1,1,0.0000338554,0.0000000000,0.0000380000
Busqueda Binaria Paralela,1000000,5000,0,-1,1,0.0000879765,0.0000000000,0.0000330000
Busqueda Binaria Paralela,1000000,1493283650,1,694431,1,0.0000419617,0.0000000000,0.0000480000
Busqueda Binaria Paralela,1000000,214826,0,-1,1,0.0000369549,0.0000000000,0.0000290000
Busqueda Binaria Paralela,1000000,1843349527,0,-1,1,0.0000419617,0.0000000000,0.0000480000
Busqueda Binaria Paralela,1000000,1360839354,0,-1,1,0.0000429153,0.0000000000,0.0000490000
Busqueda Binaria Paralela,1000000,2109248666,0,-1,1,0.0000419617,0.0000000000,0.0000480000
Busqueda Binaria Paralela,1000000,2147470852,0,-1,1,0.0000510216,0.0000000000,0.0000550000
Busqueda Binaria Paralela,1000000,0,0,-1,1,0.0000250340,0.0000000000,0.0000300000
Busqueda Binaria Paralela,1000000,322486,0,-1,2,0.0001480579,0.0002010000,0.0000000000
Busqueda Binaria Paralela,1000000,14700764,0,-1,2,0.0001389980,0.0002290000,0.0000000000
Busqueda Binaria Paralela,1000000,3128036,0,-1,2,0.0001051426,0.0001470000,0.0000000000
Busqueda Binaria Paralela,1000000,6337399,0,-1,2,0.0001280308,0.0002420000,0.0000000000
Busqueda Binaria Paralela,1000000,61396,0,-1,2,0.0001089573,0.0001750000,0.0000000000
Busqueda Binaria Paralela,1000000,10393545,0,-1,2,0.0000350475,0.0000510000,0.0000000000
Busqueda Binaria Paralela,1000000,2147445644,0,-1,2,0.0000369549,0.0000600000,0.0000000000
Busqueda Binaria Paralela,1000000,1295390003,0,-1,2,0.0000469685,0.0000000000,0.0000610000
Busqueda Binaria Paralela,1000000,450057883,0,-1,2,0.0000660419,0.0000000000,0.0001040000
Busqueda Binaria Paralela,1000000,187645041,0,-1,2,0.0000550747,0.0000000000,0.0001010000
Busqueda Binaria Paralela,1000000,1980098116,0,-1,2,0.0000739098,0.0000000000,0.0001350000
Busqueda Binaria Paralela,1000000,152503,0,-1,2,0.0000381470,0.0000000000,0.0000560000
Busqueda Binaria Paralela,1000000,5000,0,-1,2,0.0000360012,0.0000000000,0.0000530000
Busqueda Binaria Paralela,1000000,1493283650,1,694431,2,0.0000388622,0.0000000000,0.0000560000
Busqueda Binaria Paralela,1000000,214826,0,-1,2,0.0000340939,0.0000000000,0.0000520000
Busqueda Binaria Paralela,1000000,1843349527,0,-1,2,0.0000338554,0.0000000000,0.0000500000
Busqueda Binaria Paralela,1000000,1360839354,0,-1,2,0.0000350475,0.0000000000,0.0000510000
Busqueda Binaria Paralela,1000000,2109248666,0,-1,2,0.0000350475,0.0000000000,0.0000510000
Busqueda Binaria Paralela,1000000,2147470852,0,-1,2,0.0000331402,0.0000000000,0.0000490000
Busqueda Binaria Paralela,1000000,0,0,-1,2,0.0000331402,0.0000000000,0.0000510000
Busqueda Binaria Paralela,1000000,322486,0,-1,4,0.0002241135,0.0004710000,0.0000060000
Busqueda Binaria Paralela,1000000,14700764,0,-1,4,0.0000901222,0.0002530000,0.0000040000
Busqueda Binaria Paralela,1000000,3128036,0,-1,4,0.0000619888,0.0001030000,0.0000010000
Busqueda Binaria Paralela,1000000,6337399,0,-1,4,0.0001218319,0.0000000000,0.0003830000
Busqueda Binaria Paralela,1000000,61396,0,-1,4,0.0001389980,0.0000000000,0.0002130000
Busqueda Binaria Paralela,1000000,10393545,0,-1,4,0.0000879765,0.0000000000,0.0001720000
Busqueda Binaria Paralela,1000000,2147445644,0,-1,4,0.0000522137,0.0000000000,0.0000930000
Busqueda Binaria Paralela,1000000,1295390003,0,-1,4,0.0000500679,0.0000550000,0.0000370000
Busqueda Binaria Paralela,1000000,450057883,0,-1,4,0.0000500679,0.0000890000,0.0000010000
Busqueda Binaria Paralela,1000000,187645041,0,-1,4,0.0000500679,0.0000890000,0.0000020000
Busqueda Binaria Paralela,1000000,1980098116,0,-1,4,0.0000498295,0.0000890000,0.0000020000
Busqueda Binaria Paralela,1000000,152503,0,-1,4,0.0000510216,0.0000900000,0.0000020000
Busqueda Binaria Paralela,1000000,5000,0,-1,4,0.0000500679,0.0000870000,0.0000010000
Busqueda Binaria Paralela,1000000,1493283650,1,694431,4,0.0000481606,0.0000870000,0.0000020000
Busqueda Binaria Paralela,1000000,214826,0,-1,4,0.0000491142,0.0000860000,0.0000020000
Busqueda Binaria Paralela,1000000,1843349527,0,-1,4,0.0000500679,0.0000870000,0.0000010000
Busqueda Binaria Paralela,1000000,1360839354,0,-1,4,0.0000698566,0.0000000000,0.0001220000
Busqueda Binaria Paralela,1000000,2109248666,0,-1,4,0.0000820160,0.0000000000,0.0001240000
Busqueda Binaria Paralela,1000000,2147470852,0,-1,4,0.0000989437,0.0000000000,0.0001560000
Busqueda Binaria Paralela,1000000,0,0,-1,4,0.0000970364,0.0000000000,0.0001510000
Busqueda Binaria Paralela,1000000,322486,0,-1,8,0.0004458427,0.0010510000,0.0000320000
Busqueda Binaria Paralela,1000000,14700764,0,-1,8,0.0001478195,0.0003660000,0.0000110000
Busqueda Binaria Paralela,1000000,3128036,0,-1,8,0.0002360344,0.0005560000,0.0000000000
Busqueda Binaria Paralela,1000000,6337399,0,-1,8,0.0002689362,0.0004790000,0.0000020000
Busqueda Binaria Paralela,1000000,61396,0,-1,8,0.0001530647,0.0003620000,0.0000120000
Busqueda Binaria Paralela,1000000,10393545,0,-1,8,0.0001099110,0.0002130000,0.0000070000
Busqueda Binaria Paralela,1000000,2147445644,0,-1,8,0.0000939369,0.0001780000,0.0000060000
Busqueda Binaria Paralela,1000000,1295390003,0,-1,8,0.0001161098,0.0000000000,0.0002160000
Busqueda Binaria Paralela,1000000,450057883,0,-1,8,0.0001139641,0.0000000000,0.0002520000
Busqueda Binaria Paralela,1000000,187645041,0,-1,8,0.0001258850,0.0000000000,0.0003160000
Busqueda Binaria Paralela,1000000,1980098116,0,-1,8,0.0001599789,0.0000000000,0.0003930000
Busqueda Binaria Paralela,1000000,152503,0,-1,8,0.0001058578,0.0000000000,0.0002160000
Busqueda Binaria Paralela,1000000,5000,0,-1,8,0.0001158714,0.0000000000,0.0002200000
Busqueda Binaria Paralela,1000000,1493283650,1,694431,8,0.0001049042,0.0000000000,0.0001940000
Busqueda Binaria Paralela,1000000,214826,0,-1,8,0.0000910759,0.0000590000,0.0001170000
Busqueda Binaria Paralela,1000000,1843349527,0,-1,8,0.0001308918,0.0000000000,0.0002970000
Busqueda Binaria Paralela,1000000,1360839354,0,-1,8,0.0001108646,0.0000000000,0.0002010000
Busqueda Binaria Paralela,1000000,2109248666,0,-1,8,0.0000941753,0.0000000000,0.0001830000
Busqueda Binaria Paralela,1000000,2147470852,0,-1,8,0.0000929832,0.0000000000,0.0001830000
Busqueda Binaria Paralela,1000000,0,0,-1,8,0.0000920296,0.0000000000,0.0001820000
Busqueda Binaria Paralela,5000000,322486,0,-1,1,0.0000998974,0.0001070000,0.0000000000
Busqueda Binaria Paralela,5000000,14700764,0,-1,1,0.0000679493,0.0000720000,0.0000000000
Busqueda Binaria Paralela,5000000,3128036,1,7394,1,0.0000638962,0.0000670000,0.0000000000
Busqueda Binaria Paralela,5000000,6337399,0,-1,1,0.0000641346,0.0000680000,0.0000000000
Busqueda Binaria Paralela,5000000,61396,0,-1,1,0.0000650883,0.0000670000,0.0000010000
Busqueda Binaria Paralela,5000000,10393545,0,-1,1,0.0000720024,0.0000730000,0.0000010000
Busqueda Binaria Paralela,5000000,2147445644,0,-1,1,0.0000660419,0.0000680000,0.0000010000
Busqueda Binaria Paralela,5000000,1295390003,0,-1,1,0.0000278950,0.0000320000,0.0000010000
Busqueda Binaria Paralela,5000000,450057883,0,-1,1,0.0000450611,0.0000490000,0.0000000000
Busqueda Binaria Paralela,5000000,187645041,0,-1,1,0.0000240803,0.0000280000,0.0000010000
Busqueda Binaria Paralela,5000000,1980098116,0,-1,1,0.0000431538,0.0000000000,0.0000450000
Busqueda Binaria Paralela,5000000,152503,0,-1,1,0.0000548363,0.0000000000,0.0000580000
Busqueda Binaria Paralela,5000000,5000,0,-1,1,0.0000560284,0.0000000000,0.0000620000
Busqueda Binaria Paralela,5000000,1493283650,1,3475906,1,0.0000431538,0.0000000000,0.0000640000
Busqueda Binaria Paralela,5000000,214826,0,-1,1,0.0000231266,0.0000000000,0.0000280000
Busqueda Binaria Paralela,5000000,1843349527,1,4291037,1,0.0000391006,0.0000000000,0.0000420000
Busqueda Binaria Paralela,5000000,1360839354,0,-1,1,0.0000219345,0.0000000000,0.0000280000
Busqueda Binaria Paralela,5000000,2109248666,0,-1,1,0.0000219345,0.0000000000,0.0000280000
Busqueda Binaria Paralela,5000000,2147470852,0,-1,1,0.0000219345,0.0000000000,0.0000270000
Busqueda Binaria Paralela,5000000,0,0,-1,1,0.0000231266,0.0000000000,0.0000270000
Busqueda Binaria Paralela,5000000,322486,0,-1,2,0.0001258850,0.0001850000,0.0000030000
Busqueda Binaria Paralela,5000000,14700764,0,-1,2,0.0000679493,0.0000000000,0.0000910000
Busqueda Binaria Paralela,5000000,3128036,1,7394,2,0.0001139641,0.0000000000,0.0002030000
Busqueda Binaria Paralela,5000000,6337399,0,-1,2,0.0001118183,0.0000000000,0.0002010000
Busqueda Binaria Paralela,5000000,61396,0,-1,2,0.0001540184,0.0000000000,0.0003020000
Busqueda Binaria Paralela,5000000,10393545,0,-1,2,0.0001451969,0.0001780000,0.0000890000
Busqueda Binaria Paralela,5000000,2147445644,0,-1,2,0.0003559589,0.0000000000,0.0006640000
Busqueda Binaria Paralela,5000000,1295390003,0,-1,2,0.0001230240,0.0000000000,0.0002360000
Busqueda Binaria Paralela,5000000,450057883,0,-1,2,0.0001239777,0.0001700000,0.0000460000
Busqueda Binaria Paralela,5000000,187645041,0,-1,2,0.0001828671,0.0002180000,0.0000040000
Busqueda Binaria Paralela,5000000,1980098116,0,-1,2,0.0001649857,0.0001310000,0.0000020000
Busqueda Binaria Paralela,5000000,152503,0,-1,2,0.0000920296,0.0001580000,0.0000020000
Busqueda Binaria Paralela,5000000,5000,0,-1,2,0.0000371933,0.0000550000,0.0000010000
Busqueda Binaria Paralela,5000000,1493283650,1,3475906,2,0.0000350475,0.0000500000,0.0000000000
Busqueda Binaria Paralela,5000000,214826,0,-1,2,0.0000338554,0.0000500000,0.0000000000
Busqueda Binaria Paralela,5000000,1843349527,1,4291037,2,0.0000758171,0.0000000000,0.0001190000
Busqueda Binaria Paralela,5000000,1360839354,0,-1,2,0.0000598431,0.0000000000,0.0001090000
Busqueda Binaria Paralela,5000000,2109248666,0,-1,2,0.0000360012,0.0000000000,0.0000570000
Busqueda Binaria Paralela,5000000,2147470852,0,-1,2,0.0000329018,0.0000000000,0.0000520000
Busqueda Binaria Paralela,5000000,0,0,-1,2,0.0000340939,0.0000000000,0.0000510000
Busqueda Binaria Paralela,5000000,322486,0,-1,4,0.0002620220,0.0005470000,0.0000050000
Busqueda Binaria Paralela,5000000,14700764,0,-1,4,0.0002131462,0.0003940000,0.0000040000
Busqueda Binaria Paralela,5000000,3128036,1,7394,4,0.0002460480,0.0003730000,0.0000030000
Busqueda Binaria Paralela,5000000,6337399,0,-1,4,0.0001850128,0.0003610000,0.0000030000
Busqueda Binaria Paralela,5000000,61396,0,-1,4,0.0001049042,0.0002690000,0.0000030000
Busqueda Binaria Paralela,5000000,10393545,0,-1,4,0.0000669956,0.0001090000,0.0000010000
Busqueda Binaria Paralela,5000000,2147445644,0,-1,4,0.0000760555,0.0000000000,0.0001150000
Busqueda Binaria Paralela,5000000,1295390003,0,-1,4,0.0000650883,0.0000000000,0.0001080000
Busqueda Binaria Paralela,5000000,450057883,0,-1,4,0.0000650883,0.0000000000,0.0001090000
Busqueda Binaria Paralela,5000000,187645041,0,-1,4,0.0000650883,0.0000000000,0.0001080000
Busqueda Binaria Paralela,5000000,1980098116,0,-1,4,0.0000789165,0.0000000000,0.0001380000
Busqueda Binaria Paralela,5000000,152503,0,-1,4,0.0000770092,0.0000000000,0.0001800000
Busqueda Binaria Paralela,5000000,5000,0,-1,4,0.0000910759,0.0000000000,0.0002130000
Busqueda Binaria Paralela,5000000,1493283650,1,3475906,4,0.0000691414,0.0000000000,0.0001310000
Busqueda Binaria Paralela,5000000,214826,0,-1,4,0.0000529289,0.0000000000,0.0000940000
Busqueda Binaria Paralela,5000000,1843349527,1,4291037,4,0.0000569820,0.0000000000,0.0000960000
Busqueda Binaria Paralela,5000000,1360839354,0,-1,4,0.0000679493,0.0000000000,0.0001130000
Busqueda Binaria Paralela,5000000,2109248666,0,-1,4,0.0000550747,0.0000000000,0.0000940000
Busqueda Binaria Paralela,5000000,2147470852,0,-1,4,0.0000548363,0.0000000000,0.0000940000
Busqueda Binaria Paralela,5000000,0,0,-1,4,0.0000550747,0.0000000000,0.0000970000
Busqueda Binaria Paralela,5000000,322486,0,-1,8,0.0002880096,0.0007060000,0.0000000000
Busqueda Binaria Paralela,5000000,14700764,0,-1,8,0.0002050400,0.0006130000,0.0000070000
Busqueda Binaria Paralela,5000000,3128036,1,7394,8,0.0001759529,0.0005300000,0.0000060000
Busqueda Binaria Paralela,5000000,6337399,0,-1,8,0.0001010895,0.0001940000,0.0000030000
Busqueda Binaria Paralela,5000000,61396,0,-1,8,0.0001580715,0.0000000000,0.0003060000
Busqueda Binaria Paralela,5000000,10393545,0,-1,8,0.0002079010,0.0000000000,0.0004570000
Busqueda Binaria Paralela,5000000,2147445644,0,-1,8,0.0001649857,0.0001410000,0.0001950000
Busqueda Binaria Paralela,5000000,1295390003,0,-1,8,0.0001211166,0.0002130000,0.0000030000
Busqueda Binaria Paralela,5000000,450057883,0,-1,8,0.0001180172,0.0002240000,0.0000030000
Busqueda Binaria Paralela,5000000,187645041,0,-1,8,0.0001051426,0.0001910000,0.0000030000
Busqueda Binaria Paralela,5000000,1980098116,0,-1,8,0.0001630783,0.0000000000,0.0002490000
Busqueda Binaria Paralela,5000000,152503,0,-1,8,0.0001161098,0.0000000000,0.0002170000
Busqueda Binaria Paralela,5000000,5000,0,-1,8,0.0001499653,0.0000000000,0.0003150000
Busqueda Binaria Paralela,5000000,1493283650,1,3475906,8,0.0001809597,0.0001760000,0.0001440000
Busqueda Binaria Paralela,5000000,214826,0,-1,8,0.0001060963,0.0002020000,0.0000030000
Busqueda Binaria Paralela,5000000,1843349527,1,4291037,8,0.0001051426,0.0001880000,0.0000030000
Busqueda Binaria Paralela,5000000,1360839354,0,-1,8,0.0001091957,0.0001930000,0.0000030000
Busqueda Binaria Paralela,5000000,2109248666,0,-1,8,0.0001521111,0.0000000000,0.0002890000
Busqueda Binaria Paralela,5000000,2147470852,0,-1,8,0.0001130104,0.0000000000,0.0002010000
Busqueda Binaria Paralela,5000000,0,0,-1,8,0.0001151562,0.0000000000,0.0002050000
Busqueda Binaria Paralela,10000000,322486,1,1611,1,0.0001430511,0.0001210000,0.0000020000
Busqueda Binaria Paralela,10000000,14700764,0,-1,1,0.0001258850,0.0001250000,0.0000020000
Busqueda Binaria Paralela,10000000,3128036,1,14725,1,0.0001380444,0.0001350000,0.0000020000
Busqueda Binaria Paralela,10000000,6337399,1,29544,1,0.0001211166,0.0001210000,0.0000020000
Busqueda Binaria Paralela,10000000,61396,0,-1,1,0.0001308918,0.0001100000,0.0000020000
Busqueda Binaria Paralela,10000000,10393545,1,48374,1,0.0000870228,0.0000580000,0.0000010000
Busqueda Binaria Paralela,10000000,2147445644,0,-1,1,0.0000419617,0.0000000000,0.0000470000
Busqueda Binaria Paralela,10000000,1295390003,1,6031093,1,0.0000569820,0.0000000000,0.0000610000
Busqueda Binaria Paralela,10000000,450057883,0,-1,1,0.0000379086,0.0000000000,0.0000570000
Busqueda Binaria Paralela,10000000,187645041,0,-1,1,0.0000238419,0.0000000000,0.0000290000
Busqueda Binaria Paralela,10000000,1980098116,0,-1,1,0.0000228882,0.0000000000,0.0000270000
Busqueda Binaria Paralela,10000000,152503,0,-1,1,0.0000441074,0.0000000000,0.0000490000
Busqueda Binaria Paralela,10000000,5000,0,-1,1,0.0000560284,0.0000000000,0.0000820000
Busqueda Binaria Paralela,10000000,1493283650,1,6952607,1,0.0000751019,0.0000000000,0.0000920000
Busqueda Binaria Paralela,10000000,214826,0,-1,1,0.0000348091,0.0000000000,0.0000410000
Busqueda Binaria Paralela,10000000,1843349527,1,8582390,1,0.0000231266,0.0000000000,0.0000280000
Busqueda Binaria Paralela,10000000,1360839354,0,-1,1,0.0000231266,0.0000000000,0.0000280000
Busqueda Binaria Paralela,10000000,2109248666,1,9822539,1,0.0000219345,0.0000000000,0.0000270000
Busqueda Binaria Paralela,10000000,2147470852,1,9999942,1,0.0000209808,0.0000000000,0.0000260000
Busqueda Binaria Paralela,10000000,0,0,-1,1,0.0000219345,0.0000000000,0.0000260000
Busqueda Binaria Paralela,10000000,322486,1,1611,2,0.0001170635,0.0001950000,0.0000000000
Busqueda Binaria Paralela,10000000,14700764,0,-1,2,0.0001060963,0.0001790000,0.0000000000
Busqueda Binaria Paralela,10000000,3128036,1,14725,2,0.0000820160,0.0001270000,0.0000000000
Busqueda Binaria Paralela,10000000,6337399,1,29544,2,0.0000500679,0.0000740000,0.0000000000
Busqueda Binaria Paralela,10000000,61396,0,-1,2,0.0000998974,0.0000980000,0.0000000000
Busqueda Binaria Paralela,10000000,10393545,1,48374,2,0.0000441074,0.0000650000,0.0000000000
Busqueda Binaria Paralela,10000000,2147445644,0,-1,2,0.0000569820,0.0000620000,0.0000000000
Busqueda Binaria Paralela,10000000,1295390003,1,6031093,2,0.0000381470,0.0000560000,0.0000000000
Busqueda Binaria Paralela,10000000,450057883,0,-1,2,0.0000529289,0.0000720000,0.0000000000
Busqueda Binaria Paralela,10000000,187645041,0,-1,2,0.0000329018,0.0000510000,0.0000000000
Busqueda Binaria Paralela,10000000,1980098116,0,-1,2,0.0000431538,0.0000000000,0.0000560000
Busqueda Binaria Paralela,10000000,152503,0,-1,2,0.0000519753,0.0000000000,0.0000770000
Busqueda Binaria Paralela,10000000,5000,0,-1,2,0.0000441074,0.0000000000,0.0000670000
Busqueda Binaria Paralela,10000000,1493283650,1,6952607,2,0.0000481606,0.0000000000,0.0000670000
Busqueda Binaria Paralela,10000000,214826,0,-1,2,0.0000450611,0.0000000000,0.0000650000
Busqueda Binaria Paralela,10000000,1843349527,1,8582390,2,0.0000419617,0.0000000000,0.0000600000
Busqueda Binaria Paralela,10000000,1360839354,0,-1,2,0.0000400543,0.0000000000,0.0000580000
Busqueda Binaria Paralela,10000000,2109248666,1,9822539,2,0.0000410080,0.0000000000,0.0000580000
Busqueda Binaria Paralela,10000000,2147470852,1,9999942,2,0.0000519753,0.0000000000,0.0000710000
Busqueda Binaria Paralela,10000000,0,0,-1,2,0.0000419617,0.0000000000,0.0000600000
Busqueda Binaria Paralela,10000000,322486,1,1611,4,0.0001599789,0.0004260000,0.0000070000
Busqueda Binaria Paralela,10000000,14700764,0,-1,4,0.0000591278,0.0001050000,0.0000020000
Busqueda Binaria Paralela,10000000,3128036,1,14725,4,0.0000920296,0.0000000000,0.0001640000
Busqueda Binaria Paralela,10000000,6337399,1,29544,4,0.0001480579,0.0000000000,0.0002770000
Busqueda Binaria Paralela,10000000,61396,0,-1,4,0.0000848770,0.0000000000,0.0001680000
Busqueda Binaria Paralela,10000000,10393545,1,48374,4,0.0000910759,0.0000000000,0.0002160000
Busqueda Binaria Paralela,10000000,2147445644,0,-1,4,0.0000870228,0.0000860000,0.0000750000
Busqueda Binaria Paralela,10000000,1295390003,1,6031093,4,0.0000560284,0.0000980000,0.0000020000
Busqueda Binaria Paralela,10000000,450057883,0,-1,4,0.0000519753,0.0000940000,0.0000010000
Busqueda Binaria Paralela,10000000,187645041,0,-1,4,0.0000638962,0.0001130000,0.0000020000
Busqueda Binaria Paralela,10000000,1980098116,0,-1,4,0.0000579357,0.0000980000,0.0000020000
Busqueda Binaria Paralela,10000000,152503,0,-1,4,0.0000529289,0.0000950000,0.0000010000
Busqueda Binaria Paralela,10000000,5000,0,-1,4,0.0000510216,0.0000910000,0.0000010000
Busqueda Binaria Paralela,10000000,1493283650,1,6952607,4,0.0000650883,0.0000000000,0.0001040000
Busqueda Binaria Paralela,10000000,214826,0,-1,4,0.0000538826,0.0000000000,0.0000970000
Busqueda Binaria Paralela,10000000,1843349527,1,8582390,4,0.0000550747,0.0000000000,0.0000960000
Busqueda Binaria Paralela,10000000,1360839354,0,-1,4,0.0000510216,0.0000000000,0.0000920000
Busqueda Binaria Paralela,10000000,2109248666,1,9822539,4,0.0000510216,0.0000000000,0.0000900000
Busqueda Binaria Paralela,10000000,2147470852,1,9999942,4,0.0000510216,0.0000000000,0.0000900000
Busqueda Binaria Paralela,10000000,0,0,-1,4,0.0000519753,0.0000000000,0.0000920000
Busqueda Binaria Paralela,10000000,322486,1,1611,8,0.0003011227,0.0007840000,0.0000130000
Busqueda Binaria Paralela,10000000,14700764,0,-1,8,0.0001959801,0.0006450000,0.0000110000
Busqueda Binaria Paralela,10000000,3128036,1,14725,8,0.0001769066,0.0000000000,0.0002250000
Busqueda Binaria Paralela,10000000,6337399,1,29544,8,0.0002169609,0.0000000000,0.0004310000
Busqueda Binaria Paralela,10000000,61396,0,-1,8,0.0001640320,0.0000000000,0.0003380000
Busqueda Binaria Paralela,10000000,10393545,1,48374,8,0.0001089573,0.0000000000,0.0002130000
Busqueda Binaria Paralela,10000000,2147445644,0,-1,8,0.0001389980,0.0000000000,0.0002670000
Busqueda Binaria Paralela,10000000,1295390003,1,6031093,8,0.0000889301,0.0000000000,0.0001720000
Busqueda Binaria Paralela,10000000,450057883,0,-1,8,0.0000901222,0.0000000000,0.0001840000
Busqueda Binaria Paralela,10000000,187645041,0,-1,8,0.0001909733,0.0000000000,0.0003120000
Busqueda Binaria Paralela,10000000,1980098116,0,-1,8,0.0001089573,0.0000000000,0.0002180000
Busqueda Binaria Paralela,10000000,152503,0,-1,8,0.0001099110,0.0000000000,0.0002070000
Busqueda Binaria Paralela,10000000,5000,0,-1,8,0.0000979900,0.0000000000,0.0001900000
Busqueda Binaria Paralela,10000000,1493283650,1,6952607,8,0.0000970364,0.0000000000,0.0001880000
Busqueda Binaria Paralela,10000000,214826,0,-1,8,0.0000970364,0.0000000000,0.0001890000
Busqueda Binaria Paralela,10000000,1843349527,1,8582390,8,0.0000967979,0.0000000000,0.0001900000
Busqueda Binaria Paralela,10000000,1360839354,0,-1,8,0.0000970364,0.0000000000,0.0001890000
Busqueda Binaria Paralela,10000000,2109248666,1,9822539,8,0.0001111031,0.0000000000,0.0002020000
Busqueda Binaria Paralela,10000000,2147470852,1,9999942,8,0.0000998974,0.0000000000,0.0001900000
Busqueda Binaria Paralela,10000000,0,0,-1,8,0.0001020432,0.0000000000,0.0001900000
Busqueda ABB Paralela,1000,322486,0,-1,1,0.0000741482,0.0000000000,0.0000870000
Busqueda ABB Paralela,1000,14700764,0,-1,1,0.0000779629,0.0000000000,0.0000810000
Busqueda ABB Paralela,1000,3128036,0,-1,1,0.0000400543,0.0000000000,0.0000470000
Busqueda ABB Paralela,1000,6337399,0,-1,1,0.0000231266,0.0000000000,0.0000280000
Busqueda ABB Paralela,1000,61396,0,-1,1,0.0000450611,0.0000000000,0.0000510000
Busqueda ABB Paralela,1000,10393545,0,-1,1,0.0000278950,0.0000000000,0.0000320000
Busqueda ABB Paralela,1000,2147445644,0,-1,1,0.0000250340,0.0000000000,0.0000300000
Busqueda ABB Paralela,1000,1295390003,0,-1,1,0.0000319481,0.0000360000,0.0000000000
Busqueda ABB Paralela,1000,450057883,0,-1,1,0.0000960827,0.0001000000,0.0000000000
Busqueda ABB Paralela,1000,187645041,0,-1,1,0.0000898838,0.0000930000,0.0000000000
Busqueda ABB Paralela,1000,1980098116,0,-1,1,0.0000770092,0.0000800000,0.0000000000
Busqueda ABB Paralela,1000,152503,0,-1,1,0.0000250340,0.0000300000,0.0000000000
Busqueda ABB Paralela,1000,5000,0,-1,1,0.0000290871,0.0000350000,0.0000000000
Busqueda ABB Paralela,1000,1493283650,0,-1,1,0.0000240803,0.0000300000,0.0000000000
Busqueda ABB Paralela,1000,214826,0,-1,1,0.0000259876,0.0000310000,0.0000000000
Busqueda ABB Paralela,1000,1843349527,0,-1,1,0.0000240803,0.0000300000,0.0000000000
Busqueda ABB Paralela,1000,1360839354,0,-1,1,0.0000269413,0.0000330000,0.0000000000
Busqueda ABB Paralela,1000,2109248666,0,-1,1,0.0000238419,0.0000100000,0.0000200000
Busqueda ABB Paralela,1000,2147470852,0,-1,1,0.0000238419,0.0000100000,0.0000200000
Busqueda ABB Paralela,1000,0,0,-1,1,0.0000228882,0.0000090000,0.0000190000
Busqueda ABB Paralela,1000,322486,0,-1,2,0.0000891685,0.0001360000,0.0000000000
Busqueda ABB Paralela,1000,14700764,0,-1,2,0.0000491142,0.0000750000,0.0000000000
Busqueda ABB Paralela,1000,3128036,0,-1,2,0.0000400543,0.0000650000,0.0000000000
Busqueda ABB Paralela,1000,6337399,0,-1,2,0.0000679493,0.0000000000,0.0001010000
Busqueda ABB Paralela,1000,61396,0,-1,2,0.0000758171,0.0000000000,0.0000960000
Busqueda ABB Paralela,1000,10393545,0,-1,2,0.0000360012,0.0000000000,0.0000540000
Busqueda ABB Paralela,1000,2147445644,0,-1,2,0.0000381470,0.0000000000,0.0000540000
Busqueda ABB Paralela,1000,1295390003,0,-1,2,0.0000329018,0.0000000000,0.0000490000
Busqueda ABB Paralela,1000,450057883,0,-1,2,0.0000381470,0.0000000000,0.0000540000
Busqueda ABB Paralela,1000,187645041,0,-1,2,0.0000329018,0.0000000000,0.0000490000
Busqueda ABB Paralela,1000,1980098116,0,-1,2,0.0000429153,0.0000000000,0.0000560000
Busqueda ABB Paralela,1000,152503,0,-1,2,0.0000329018,0.0000000000,0.0000500000
Busqueda ABB Paralela,1000,5000,0,-1,2,0.0000379086,0.0000000000,0.0000550000
Busqueda ABB Paralela,1000,1493283650,0,-1,2,0.0000319481,0.0000000000,0.0000480000
Busqueda ABB Paralela,1000,214826,0,-1,2,0.0000360012,0.0000000000,0.0000530000
Busqueda ABB Paralela,1000,1843349527,0,-1,2,0.0000321865,0.0000000000,0.0000490000
Busqueda ABB Paralela,1000,1360839354,0,-1,2,0.0000381470,0.0000000000,0.0000550000
Busqueda ABB Paralela,1000,2109248666,0,-1,2,0.0000319481,0.0000000000,0.0000490000
Busqueda ABB Paralela,1000,2147470852,0,-1,2,0.0000360012,0.0000000000,0.0000530000
Busqueda ABB Paralela,1000,0,0,-1,2,0.0000319481,0.0000200000,0.0000290000
Busqueda ABB Paralela,1000,322486,0,-1,4,0.0001070499,0.0001830000,0.0000000000
Busqueda ABB Paralela,1000,14700764,0,-1,4,0.0000689030,0.0001250000,0.0000000000
Busqueda ABB Paralela,1000,3128036,0,-1,4,0.0000789165,0.0000000000,0.0001160000
Busqueda ABB Paralela,1000,6337399,0,-1,4,0.0000820160,0.0000000000,0.0001630000
Busqueda ABB Paralela,1000,61396,0,-1,4,0.0000879765,0.0000000000,0.0001440000
Busqueda ABB Paralela,1000,10393545,0,-1,4,0.0000758171,0.0000000000,0.0001370000
Busqueda ABB Paralela,1000,2147445644,0,-1,4,0.0000519753,0.0000000000,0.0000920000
Busqueda ABB Paralela,1000,1295390003,0,-1,4,0.0000529289,0.0000000000,0.0000940000
Busqueda ABB Paralela,1000,450057883,0,-1,4,0.0000669956,0.0000000000,0.0001260000
Busqueda ABB Paralela,1000,187645041,0,-1,4,0.0000560284,0.0000000000,0.0000960000
Busqueda ABB Paralela,1000,1980098116,0,-1,4,0.0000548363,0.0000000000,0.0001010000
Busqueda ABB Paralela,1000,152503,0,-1,4,0.0000541210,0.0000000000,0.0000960000
Busqueda ABB Paralela,1000,5000,0,-1,4,0.0000541210,0.0000000000,0.0000950000
Busqueda ABB Paralela,1000,1493283650,0,-1,4,0.0000548363,0.0000000000,0.0000980000
Busqueda ABB Paralela,1000,214826,0,-1,4,0.0000550747,0.0000000000,0.0000950000
Busqueda ABB Paralela,1000,1843349527,0,-1,4,0.0000669956,0.0000000000,0.0001000000
Busqueda ABB Paralela,1000,1360839354,0,-1,4,0.0000560284,0.0000000000,0.0001010000
Busqueda ABB Paralela,1000,2109248666,0,-1,4,0.0000569820,0.0000000000,0.0000990000
Busqueda ABB Paralela,1000,2147470852,0,-1,4,0.0000541210,0.0000000000,0.0000950000
Busqueda ABB Paralela,1000,0,0,-1,4,0.0000550747,0.0000000000,0.0001030000
Busqueda ABB Paralela,1000,322486,0,-1,8,0.0001821518,0.0003370000,0.0000000000
Busqueda ABB Paralela,1000,14700764,0,-1,8,0.0001158714,0.0002350000,0.0000000000
Busqueda ABB Paralela,1000,3128036,0,-1,8,0.0001101494,0.0002070000,0.0000000000
Busqueda ABB Paralela,1000,6337399,0,-1,8,0.0001039505,0.0001930000,0.0000000000
Busqueda ABB Paralela,1000,61396,0,-1,8,0.0001058578,0.0002020000,0.0000000000
Busqueda ABB Paralela,1000,10393545,0,-1,8,0.0001330376,0.0000000000,0.0002520000
Busqueda ABB Paralela,1000,2147445644,0,-1,8,0.0001399517,0.0000000000,0.0002910000
Busqueda ABB Paralela,1000,1295390003,0,-1,8,0.0000979900,0.0000000000,0.0001890000
Busqueda ABB Paralela,1000,450057883,0,-1,8,0.0000979900,0.0000000000,0.0001870000
Busqueda ABB Paralela,1000,187645041,0,-1,8,0.0000979900,0.0001080000,0.0000780000
Busqueda ABB Paralela,1000,1980098116,0,-1,8,0.0000989437,0.0001270000,0.0000640000
Busqueda ABB Paralela,1000,152503,0,-1,8,0.0001029968,0.0001310000,0.0000650000
Busqueda ABB Paralela,1000,5000,0,-1,8,0.0001120567,0.0001460000,0.0000730000
Busqueda ABB Paralela,1000,1493283650,0,-1,8,0.0001330376,0.0000000000,0.0002290000
Busqueda ABB Paralela,1000,214826,0,-1,8,0.0001208782,0.0000000000,0.0002220000
Busqueda ABB Paralela,1000,1843349527,0,-1,8,0.0001130104,0.0000000000,0.0002130000
Busqueda ABB Paralela,1000,1360839354,0,-1,8,0.0001120567,0.0000000000,0.0002080000
Busqueda ABB Paralela,1000,2109248666,0,-1,8,0.0001089573,0.0000000000,0.0002040000
Busqueda ABB Paralela,1000,2147470852,0,-1,8,0.0001091957,0.0000000000,0.0002040000
Busqueda ABB Paralela,1000,0,0,-1,8,0.0001070499,0.0000000000,0.0002010000
Busqueda ABB Paralela,5000,322486,0,-1,1,0.0000758171,0.0000000000,0.0000770000
Busqueda ABB Paralela,5000,14700764,0,-1,1,0.0000760555,0.0000000000,0.0000840000
Busqueda ABB Paralela,5000,3128036,0,-1,1,0.0000720024,0.0000000000,0.0000790000
Busqueda ABB Paralela,5000,6337399,0,-1,1,0.0001220703,0.0000000000,0.0001290000
Busqueda ABB Paralela,5000,61396,0,-1,1,0.0000739098,0.0000000000,0.0000940000
Busqueda ABB Paralela,5000,10393545,0,-1,1,0.0000600815,0.0000000000,0.0000660000
Busqueda ABB Paralela,5000,2147445644,0,-1,1,0.0000400543,0.0000000000,0.0000430000
Busqueda ABB Paralela,5000,1295390003,0,-1,1,0.0000419617,0.0000000000,0.0000480000
Busqueda ABB Paralela,5000,450057883,0,-1,1,0.0000238419,0.0000000000,0.0000290000
Busqueda ABB Paralela,5000,187645041,0,-1,1,0.0000329018,0.0000000000,0.0000400000
Busqueda ABB Paralela,5000,1980098116,0,-1,1,0.0000231266,0.0000000000,0.0000290000
Busqueda ABB Paralela,5000,152503,0,-1,1,0.0000231266,0.0000000000,0.0000300000
Busqueda ABB Paralela,5000,5000,0,-1,1,0.0000219345,0.0000000000,0.0000280000
Busqueda ABB Paralela,5000,1493283650,0,-1,1,0.0000319481,0.0000000000,0.0000390000
Busqueda ABB Paralela,5000,214826,0,-1,1,0.0000250340,0.0000000000,0.0000300000
Busqueda ABB Paralela,5000,1843349527,0,-1,1,0.0000298023,0.0000000000,0.0000340000
Busqueda ABB Paralela,5000,1360839354,0,-1,1,0.0000250340,0.0000000000,0.0000300000
Busqueda ABB Paralela,5000,2109248666,0,-1,1,0.0000288486,0.0000000000,0.0000350000
Busqueda ABB Paralela,5000,2147470852,0,-1,1,0.0000240803,0.0000000000,0.0000300000
Busqueda ABB Paralela,5000,0,0,-1,1,0.0000779629,0.0000000000,0.0000950000
Busqueda ABB Paralela,5000,322486,0,-1,2,0.0000920296,0.0001580000,0.0000000000
Busqueda ABB Paralela,5000,14700764,0,-1,2,0.0001060963,0.0001900000,0.0000000000
Busqueda ABB Paralela,5000,3128036,0,-1,2,0.0001401901,0.0002470000,0.0000000000
Busqueda ABB Paralela,5000,6337399,0,-1,2,0.0001161098,0.0001820000,0.0000000000
Busqueda ABB Paralela,5000,61396,0,-1,2,0.0000579357,0.0000780000,0.0000000000
Busqueda ABB Paralela,5000,10393545,0,-1,2,0.0000519753,0.0000730000,0.0000000000
Busqueda ABB Paralela,5000,2147445644,0,-1,2,0.0000388622,0.0000590000,0.0000000000
Busqueda ABB Paralela,5000,1295390003,0,-1,2,0.0000369549,0.0000570000,0.0000000000
Busqueda ABB Paralela,5000,450057883,0,-1,2,0.0000348091,0.0000550000,0.0000000000
Busqueda ABB Paralela,5000,187645041,0,-1,2,0.0000329018,0.0000530000,0.0000000000
Busqueda ABB Paralela,5000,1980098116,0,-1,2,0.0000338554,0.0000540000,0.0000000000
Busqueda ABB Paralela,5000,152503,0,-1,2,0.0000338554,0.0000530000,0.0000000000
Busqueda ABB Paralela,5000,5000,0,-1,2,0.0000338554,0.0000530000,0.0000000000
Busqueda ABB Paralela,5000,1493283650,0,-1,2,0.0000350475,0.0000540000,0.0000000000
Busqueda ABB Paralela,5000,214826,0,-1,2,0.0000429153,0.0000000000,0.0000660000
Busqueda ABB Paralela,5000,1843349527,0,-1,2,0.0000479221,0.0000000000,0.0000690000
Busqueda ABB Paralela,5000,1360839354,0,-1,2,0.0000879765,0.0000000000,0.0001070000
Busqueda ABB Paralela,5000,2109248666,0,-1,2,0.0000522137,0.0000000000,0.0000720000
Busqueda ABB Paralela,5000,2147470852,0,-1,2,0.0000350475,0.0000000000,0.0000540000
Busqueda ABB Paralela,5000,0,0,-1,2,0.0000329018,0.0000000000,0.0000520000
Busqueda ABB Paralela,5000,322486,0,-1,4,0.0001530647,0.0001510000,0.0001630000
Busqueda ABB Paralela,5000,14700764,0,-1,4,0.0000979900,0.0000750000,0.0000810000
Busqueda ABB Paralela,5000,3128036,0,-1,4,0.0001530647,0.0000000000,0.0001560000
Busqueda ABB Paralela,5000,6337399,0,-1,4,0.0001461506,0.0000000000,0.0002240000
Busqueda ABB Paralela,5000,61396,0,-1,4,0.0000619888,0.0000000000,0.0001080000
Busqueda ABB Paralela,5000,10393545,0,-1,4,0.0001189709,0.0000890000,0.0001400000
Busqueda ABB Paralela,5000,2147445644,0,-1,4,0.0001358986,0.0000920000,0.0001450000
Busqueda ABB Paralela,5000,1295390003,0,-1,4,0.0000538826,0.0000370000,0.0000560000
Busqueda ABB Paralela,5000,450057883,0,-1,4,0.0000519753,0.0000360000,0.0000560000
Busqueda ABB Paralela,5000,187645041,0,-1,4,0.0000500679,0.0000350000,0.0000540000
Busqueda ABB Paralela,5000,1980098116,0,-1,4,0.0000500679,0.0000350000,0.0000540000
Busqueda ABB Paralela,5000,152503,0,-1,4,0.0000529289,0.0000350000,0.0000550000
Busqueda ABB Paralela,5000,5000,0,-1,4,0.0000698566,0.0000000000,0.0001050000
Busqueda ABB Paralela,5000,1493283650,0,-1,4,0.0000989437,0.0000000000,0.0001900000
Busqueda ABB Paralela,5000,214826,0,-1,4,0.0000998974,0.0000000000,0.0001410000
Busqueda ABB Paralela,5000,1843349527,0,-1,4,0.0001049042,0.0000000000,0.0001610000
Busqueda ABB Paralela,5000,1360839354,0,-1,4,0.0000729561,0.0000020000,0.0001120000
Busqueda ABB Paralela,5000,2109248666,0,-1,4,0.0000710487,0.0000350000,0.0000740000
Busqueda ABB Paralela,5000,2147470852,0,-1,4,0.0000741482,0.0000370000,0.0000760000
Busqueda ABB Paralela,5000,0,0,-1,4,0.0000720024,0.0000360000,0.0000750000
Busqueda ABB Paralela,5000,322486,0,-1,8,0.0003538132,0.0000000000,0.0006510000
Busqueda ABB Paralela,5000,14700764,0,-1,8,0.0002179146,0.0000000000,0.0004720000
Busqueda ABB Paralela,5000,3128036,0,-1,8,0.0001370907,0.0000000000,0.0002860000
Busqueda ABB Paralela,5000,6337399,0,-1,8,0.0000929832,0.0000000000,0.0001850000
Busqueda ABB Paralela,5000,61396,0,-1,8,0.0000948906,0.0000000000,0.0001850000
Busqueda ABB Paralela,5000,10393545,0,-1,8,0.0001020432,0.0000000000,0.0001920000
Busqueda ABB Paralela,5000,2147445644,0,-1,8,0.0000920296,0.0000000000,0.0001780000
Busqueda ABB Paralela,5000,1295390003,0,-1,8,0.0000908375,0.0000000000,0.0001750000
Busqueda ABB Paralela,5000,450057883,0,-1,8,0.0000939369,0.0000000000,0.0001780000
Busqueda ABB Paralela,5000,187645041,0,-1,8,0.0000929832,0.0000000000,0.0001800000
Busqueda ABB Paralela,5000,1980098116,0,-1,8,0.0000929832,0.0000000000,0.0001770000
Busqueda ABB Paralela,5000,152503,0,-1,8,0.0000929832,0.0000000000,0.0001830000
Busqueda ABB Paralela,5000,5000,0,-1,8,0.0000920296,0.0000000000,0.0001780000
Busqueda ABB Paralela,5000,1493283650,0,-1,8,0.0000920296,0.0000200000,0.0001600000
Busqueda ABB Paralela,5000,214826,0,-1,8,0.0000920296,0.0000610000,0.0001200000
Busqueda ABB Paralela,5000,1843349527,0,-1,8,0.0001020432,0.0001910000,0.0000000000
Busqueda ABB Paralela,5000,1360839354,0,-1,8,0.0000982285,0.0001760000,0.0000100000
Busqueda ABB Paralela,5000,2109248666,0,-1,8,0.0000979900,0.0000700000,0.0001160000
Busqueda ABB Paralela,5000,2147470852,0,-1,8,0.0000989437,0.0000710000,0.0001180000
Busqueda ABB Paralela,5000,0,0,-1,8,0.0000979900,0.0000700000,0.0001170000
Busqueda ABB Paralela,10000,322486,0,-1,1,0.0001239777,0.0001030000,0.0000350000
Busqueda ABB Paralela,10000,14700764,0,-1,1,0.0000700951,0.0000580000,0.0000200000
Busqueda ABB Paralela,10000,3128036,0,-1,1,0.0000479221,0.0000320000,0.0000110000
Busqueda ABB Paralela,10000,6337399,0,-1,1,0.0000319481,0.0000280000,0.0000100000
Busqueda ABB Paralela,10000,61396,0,-1,1,0.0000300407,0.0000260000,0.0000090000
Busqueda ABB Paralela,10000,10393545,0,-1,1,0.0000381470,0.0000000000,0.0000410000
Busqueda ABB Paralela,10000,2147445644,0,-1,1,0.0000529289,0.0000000000,0.0000610000
Busqueda ABB Paralela,10000,1295390003,0,-1,1,0.0000801086,0.0000000000,0.0000850000
Busqueda ABB Paralela,10000,450057883,0,-1,1,0.0000958443,0.0000000000,0.0000990000
Busqueda ABB Paralela,10000,187645041,0,-1,1,0.0000422001,0.0000000000,0.0000470000
Busqueda ABB Paralela,10000,1980098116,0,-1,1,0.0000250340,0.0000190000,0.0000130000
Busqueda ABB Paralela,10000,152503,0,-1,1,0.0000269413,0.0000220000,0.0000110000
Busqueda ABB Paralela,10000,5000,0,-1,1,0.0000259876,0.0000210000,0.0000110000
Busqueda ABB Paralela,10000,1493283650,0,-1,1,0.0000271797,0.0000220000,0.0000120000
Busqueda ABB Paralela,10000,214826,0,-1,1,0.0000269413,0.0000220000,0.0000110000
Busqueda ABB Paralela,10000,1843349527,0,-1,1,0.0000469685,0.0000350000,0.0000180000
Busqueda ABB Paralela,10000,1360839354,0,-1,1,0.0000579357,0.0000420000,0.0000220000
Busqueda ABB Paralela,10000,2109248666,0,-1,1,0.0000271797,0.0000220000,0.0000120000
Busqueda ABB Paralela,10000,2147470852,0,-1,1,0.0000259876,0.0000210000,0.0000110000
Busqueda ABB Paralela,10000,0,0,-1,1,0.0000259876,0.0000220000,0.0000110000
Busqueda ABB Paralela,10000,322486,0,-1,2,0.0001728535,0.0002170000,0.0000750000
Busqueda ABB Paralela,10000,14700764,0,-1,2,0.0001111031,0.0001570000,0.0000540000
Busqueda ABB Paralela,10000,3128036,0,-1,2,0.0000710487,0.0000840000,0.0000290000
Busqueda ABB Paralela,10000,6337399,0,-1,2,0.0000698566,0.0000630000,0.0000220000
Busqueda ABB Paralela,10000,61396,0,-1,2,0.0000319481,0.0000370000,0.0000130000
Busqueda ABB Paralela,10000,10393545,0,-1,2,0.0000309944,0.0000360000,0.0000120000
Busqueda ABB Paralela,10000,2147445644,0,-1,2,0.0000309944,0.0000350000,0.0000120000
Busqueda ABB Paralela,10000,1295390003,0,-1,2,0.0000321865,0.0000360000,0.0000130000
Busqueda ABB Paralela,10000,450057883,0,-1,2,0.0000338554,0.0000540000,0.0000000000
Busqueda ABB Paralela,10000,187645041,0,-1,2,0.0000939369,0.0001080000,0.0000000000
Busqueda ABB Paralela,10000,1980098116,0,-1,2,0.0000450611,0.0000750000,0.0000000000
Busqueda ABB Paralela,10000,152503,0,-1,2,0.0000309944,0.0000480000,0.0000000000
Busqueda ABB Paralela,10000,5000,0,-1,2,0.0000309944,0.0000480000,0.0000000000
Busqueda ABB Paralela,10000,1493283650,0,-1,2,0.0000309944,0.0000470000,0.0000000000
Busqueda ABB Paralela,10000,214826,0,-1,2,0.0000290871,0.0000470000,0.0000000000
Busqueda ABB Paralela,10000,1843349527,0,-1,2,0.0000610352,0.0000760000,0.0000000000
Busqueda ABB Paralela,10000,1360839354,0,-1,2,0.0000450611,0.0000800000,0.0000000000
Busqueda ABB Paralela,10000,2109248666,0,-1,2,0.0000309944,0.0000480000,0.0000000000
Busqueda ABB Paralela,10000,2147470852,0,-1,2,0.0000519753,0.0000690000,0.0000000000
Busqueda ABB Paralela,10000,0,0,-1,2,0.0000450611,0.0000760000,0.0000000000
Busqueda ABB Paralela,10000,322486,0,-1,4,0.0002350807,0.0005280000,0.0000000000
Busqueda ABB Paralela,10000,14700764,0,-1,4,0.0001559258,0.0003670000,0.0000000000
Busqueda ABB Paralela,10000,3128036,0,-1,4,0.0001461506,0.0002840000,0.0000000000
Busqueda ABB Paralela,10000,6337399,0,-1,4,0.0001471043,0.0002300000,0.0000000000
Busqueda ABB Paralela,10000,61396,0,-1,4,0.0000751019,0.0001220000,0.0000000000
Busqueda ABB Paralela,10000,10393545,0,-1,4,0.0001308918,0.0001050000,0.0000000000
Busqueda ABB Paralela,10000,2147445644,0,-1,4,0.0001358986,0.0003230000,0.0000000000
Busqueda ABB Paralela,10000,1295390003,0,-1,4,0.0000939369,0.0001650000,0.0000000000
Busqueda ABB Paralela,10000,450057883,0,-1,4,0.0000581741,0.0001020000,0.0000000000
Busqueda ABB Paralela,10000,187645041,0,-1,4,0.0000538826,0.0000940000,0.0000000000
Busqueda ABB Paralela,10000,1980098116,0,-1,4,0.0000538826,0.0000940000,0.0000000000
Busqueda ABB Paralela,10000,152503,0,-1,4,0.0000550747,0.0000940000,0.0000000000
Busqueda ABB Paralela,10000,5000,0,-1,4,0.0000529289,0.0000920000,0.0000000000
Busqueda ABB Paralela,10000,1493283650,0,-1,4,0.0000698566,0.0001120000,0.0000000000
Busqueda ABB Paralela,10000,214826,0,-1,4,0.0000710487,0.0001230000,0.0000000000
Busqueda ABB Paralela,10000,1843349527,0,-1,4,0.0000700951,0.0001180000,0.0000000000
Busqueda ABB Paralela,10000,1360839354,0,-1,4,0.0001060963,0.0000000000,0.0002040000
Busqueda ABB Paralela,10000,2109248666,0,-1,4,0.0000610352,0.0000000000,0.0001100000
Busqueda ABB Paralela,10000,2147470852,0,-1,4,0.0000629425,0.0000000000,0.0001040000
Busqueda ABB Paralela,10000,0,0,-1,4,0.0000610352,0.0000000000,0.0001040000
Busqueda ABB Paralela,10000,322486,0,-1,8,0.0003168583,0.0005370000,0.0001840000
Busqueda ABB Paralela,10000,14700764,0,-1,8,0.0001001358,0.0001450000,0.0000500000
Busqueda ABB Paralela,10000,3128036,0,-1,8,0.0001549721,0.0000000000,0.0002840000
Busqueda ABB Paralela,10000,6337399,0,-1,8,0.0001730919,0.0000000000,0.0003100000
Busqueda ABB Paralela,10000,61396,0,-1,8,0.0001161098,0.0000000000,0.0002060000
Busqueda ABB Paralela,10000,10393545,0,-1,8,0.0000958443,0.0000000000,0.0001820000
Busqueda ABB Paralela,10000,2147445644,0,-1,8,0.0000929832,0.0000420000,0.0001370000
Busqueda ABB Paralela,10000,1295390003,0,-1,8,0.0000970364,0.0001080000,0.0000740000
Busqueda ABB Paralela,10000,450057883,0,-1,8,0.0000910759,0.0001050000,0.0000720000
Busqueda ABB Paralela,10000,187645041,0,-1,8,0.0000960827,0.0001070000,0.0000730000
Busqueda ABB Paralela,10000,1980098116,0,-1,8,0.0001590252,0.0000000000,0.0003400000
Busqueda ABB Paralela,10000,152503,0,-1,8,0.0001230240,0.0000000000,0.0002460000
Busqueda ABB Paralela,10000,5000,0,-1,8,0.0001189709,0.0000000000,0.0002380000
Busqueda ABB Paralela,10000,1493283650,0,-1,8,0.0001039505,0.0000000000,0.0001950000
Busqueda ABB Paralela,10000,214826,0,-1,8,0.0001118183,0.0000010000,0.0002050000
Busqueda ABB Paralela,10000,1843349527,0,-1,8,0.0001201630,0.0001130000,0.0001160000
Busqueda ABB Paralela,10000,1360839354,0,-1,8,0.0000989437,0.0001000000,0.0001020000
Busqueda ABB Paralela,10000,2109248666,0,-1,8,0.0001089573,0.0000000000,0.0001980000
Busqueda ABB Paralela,10000,2147470852,0,-1,8,0.0001029968,0.0000000000,0.0001990000
Busqueda ABB Paralela,10000,0,0,-1,8,0.0001039505,0.0000000000,0.0002030000
Busqueda ABB Paralela,50000,322486,0,-1,1,0.0001091957,0.0001150000,0.0000070000
Busqueda ABB Paralela,50000,14700764,0,-1,1,0.0000720024,0.0000730000,0.0000040000
Busqueda ABB Paralela,50000,3128036,0,-1,1,0.0000309944,0.0000350000,0.0000020000
Busqueda ABB Paralela,50000,6337399,0,-1,1,0.0000629425,0.0000470000,0.0000000000
Busqueda ABB Paralela,50000,61396,0,-1,1,0.0000770092,0.0000840000,0.0000000000
Busqueda ABB Paralela,50000,10393545,0,-1,1,0.0000660419,0.0000700000,0.0000000000
Busqueda ABB Paralela,50000,2147445644,0,-1,1,0.0000801086,0.0000840000,0.0000000000
Busqueda ABB Paralela,50000,1295390003,0,-1,1,0.0000638962,0.0000680000,0.0000000000
Busqueda ABB Paralela,50000,450057883,0,-1,1,0.0000278950,0.0000310000,0.0000000000
Busqueda ABB Paralela,50000,187645041,0,-1,1,0.0000550747,0.0000600000,0.0000000000
Busqueda ABB Paralela,50000,1980098116,0,-1,1,0.0000228882,0.0000290000,0.0000000000
Busqueda ABB Paralela,50000,152503,0,-1,1,0.0000228882,0.0000280000,0.0000000000
Busqueda ABB Paralela,50000,5000,0,-1,1,0.0000309944,0.0000330000,0.0000000000
Busqueda ABB Paralela,50000,1493283650,0,-1,1,0.0000250340,0.0000260000,0.0000000000
Busqueda ABB Paralela,50000,214826,0,-1,1,0.0000240803,0.0000290000,0.0000000000
Busqueda ABB Paralela,50000,1843349527,0,-1,1,0.0000240803,0.0000300000,0.0000000000
Busqueda ABB Paralela,50000,1360839354,0,-1,1,0.0000300407,0.0000340000,0.0000000000
Busqueda ABB Paralela,50000,2109248666,0,-1,1,0.0000250340,0.0000300000,0.0000000000
Busqueda ABB Paralela,50000,2147470852,0,-1,1,0.0000240803,0.0000300000,0.0000000000
Busqueda ABB Paralela,50000,0,0,-1,1,0.0000228882,0.0000280000,0.0000000000
Busqueda ABB Paralela,50000,322486,0,-1,2,0.0001471043,0.0001850000,0.0000240000
Busqueda ABB Paralela,50000,14700764,0,-1,2,0.0000998974,0.0001330000,0.0000160000
Busqueda ABB Paralela,50000,3128036,0,-1,2,0.0001120567,0.0001010000,0.0000130000
Busqueda ABB Paralela,50000,6337399,0,-1,2,0.0000770092,0.0001050000,0.0000130000
Busqueda ABB Paralela,50000,61396,0,-1,2,0.0000419617,0.0000550000,0.0000070000
Busqueda ABB Paralela,50000,10393545,0,-1,2,0.0000529289,0.0000000000,0.0000650000
Busqueda ABB Paralela,50000,2147445644,0,-1,2,0.0000400543,0.0000000000,0.0000580000
Busqueda ABB Paralela,50000,1295390003,0,-1,2,0.0000410080,0.0000000000,0.0000570000
Busqueda ABB Paralela,50000,450057883,0,-1,2,0.0000398159,0.0000000000,0.0000560000
Busqueda ABB Paralela,50000,187645041,0,-1,2,0.0000360012,0.0000000000,0.0000520000
Busqueda ABB Paralela,50000,1980098116,0,-1,2,0.0000369549,0.0000000000,0.0000540000
Busqueda ABB Paralela,50000,152503,0,-1,2,0.0000369549,0.0000000000,0.0000540000
Busqueda ABB Paralela,50000,5000,0,-1,2,0.0000331402,0.0000000000,0.0000500000
Busqueda ABB Paralela,50000,1493283650,0,-1,2,0.0000388622,0.0000000000,0.0000540000
Busqueda ABB Paralela,50000,214826,0,-1,2,0.0000340939,0.0000000000,0.0000500000
Busqueda ABB Paralela,50000,1843349527,0,-1,2,0.0000371933,0.0000000000,0.0000570000
Busqueda ABB Paralela,50000,1360839354,0,-1,2,0.0000388622,0.0000000000,0.0000570000
Busqueda ABB Paralela,50000,2109248666,0,-1,2,0.0000460148,0.0000000000,0.0000660000
Busqueda ABB Paralela,50000,2147470852,0,-1,2,0.0000429153,0.0000000000,0.0000620000
Busqueda ABB Paralela,50000,0,0,-1,2,0.0000448227,0.0000000000,0.0000650000
Busqueda ABB Paralela,50000,322486,0,-1,4,0.0001361370,0.0002710000,0.0000540000
Busqueda ABB Paralela,50000,14700764,0,-1,4,0.0001490116,0.0003000000,0.0000600000
Busqueda ABB Paralela,50000,3128036,0,-1,4,0.0000760555,0.0001640000,0.0000330000
Busqueda ABB Paralela,50000,6337399,0,-1,4,0.0000588894,0.0000840000,0.0000170000
Busqueda ABB Paralela,50000,61396,0,-1,4,0.0000550747,0.0000780000,0.0000160000
Busqueda ABB Paralela,50000,10393545,0,-1,4,0.0000679493,0.0000000000,0.0001120000
Busqueda ABB Paralela,50000,2147445644,0,-1,4,0.0001049042,0.0000000000,0.0001090000
Busqueda ABB Paralela,50000,1295390003,0,-1,4,0.0000669956,0.0000000000,0.0001070000
Busqueda ABB Paralela,50000,450057883,0,-1,4,0.0000531673,0.0000000000,0.0000970000
Busqueda ABB Paralela,50000,187645041,0,-1,4,0.0000550747,0.0000000000,0.0000940000
Busqueda ABB Paralela,50000,1980098116,0,-1,4,0.0000560284,0.0000000000,0.0000960000
Busqueda ABB Paralela,50000,152503,0,-1,4,0.0000538826,0.0000000000,0.0000920000
Busqueda ABB Paralela,50000,5000,0,-1,4,0.0000538826,0.0000000000,0.0000970000
Busqueda ABB Paralela,50000,1493283650,0,-1,4,0.0000610352,0.0000000000,0.0001030000
Busqueda ABB Paralela,50000,214826,0,-1,4,0.0000779629,0.0000900000,0.0000470000
Busqueda ABB Paralela,50000,1843349527,0,-1,4,0.0000660419,0.0000850000,0.0000220000
Busqueda ABB Paralela,50000,1360839354,0,-1,4,0.0000569820,0.0000810000,0.0000220000
Busqueda ABB Paralela,50000,2109248666,0,-1,4,0.0000588894,0.0000800000,0.0000220000
Busqueda ABB Paralela,50000,2147470852,0,-1,4,0.0000720024,0.0000000000,0.0001140000
Busqueda ABB Paralela,50000,0,0,-1,4,0.0000669956,0.0000000000,0.0001100000
Busqueda ABB Paralela,50000,322486,0,-1,8,0.0002501011,0.0005430000,0.0000730000
Busqueda ABB Paralela,50000,14700764,0,-1,8,0.0001909733,0.0005880000,0.0000790000
Busqueda ABB Paralela,50000,3128036,0,-1,8,0.0001249313,0.0003400000,0.0000460000
Busqueda ABB Paralela,50000,6337399,0,-1,8,0.0001070499,0.0002280000,0.0000300000
Busqueda ABB Paralela,50000,61396,0,-1,8,0.0001130104,0.0001770000,0.0000230000
Busqueda ABB Paralela,50000,10393545,0,-1,8,0.0001668930,0.0000000000,0.0002470000
Busqueda ABB Paralela,50000,2147445644,0,-1,8,0.0001151562,0.0000000000,0.0002510000
Busqueda ABB Paralela,50000,1295390003,0,-1,8,0.0001161098,0.0000000000,0.0003170000
Busqueda ABB Paralela,50000,450057883,0,-1,8,0.0001180172,0.0000000000,0.0002630000
Busqueda ABB Paralela,50000,187645041,0,-1,8,0.0001070499,0.0001640000,0.0000330000
Busqueda ABB Paralela,50000,1980098116,0,-1,8,0.0001080036,0.0001900000,0.0000380000
Busqueda ABB Paralela,50000,152503,0,-1,8,0.0001108646,0.0001700000,0.0000340000
Busqueda ABB Paralela,50000,5000,0,-1,8,0.0001180172,0.0000000000,0.0002150000
Busqueda ABB Paralela,50000,1493283650,0,-1,8,0.0001108646,0.0000000000,0.0002010000
Busqueda ABB Paralela,50000,214826,0,-1,8,0.0001080036,0.0000000000,0.0001970000
Busqueda ABB Paralela,50000,1843349527,0,-1,8,0.0001080036,0.0000000000,0.0001970000
Busqueda ABB Paralela,50000,1360839354,0,-1,8,0.0001449585,0.0000000000,0.0002330000
Busqueda ABB Paralela,50000,2109248666,0,-1,8,0.0001370907,0.0000000000,0.0002250000
Busqueda ABB Paralela,50000,2147470852,0,-1,8,0.0001151562,0.0000000000,0.0002320000
Busqueda ABB Paralela,50000,0,0,-1,8,0.0001120567,0.0000000000,0.0002010000
Busqueda ABB Paralela,100000,322486,0,-1,1,0.0001091957,0.0001270000,0.0000040000
Busqueda ABB Paralela,100000,14700764,0,-1,1,0.0000321865,0.0000350000,0.0000000000
Busqueda ABB Paralela,100000,3128036,0,-1,1,0.0001139641,0.0000430000,0.0000010000
Busqueda ABB Paralela,100000,6337399,0,-1,1,0.0001049042,0.0000810000,0.0000030000
Busqueda ABB Paralela,100000,61396,0,-1,1,0.0001249313,0.0000990000,0.0000030000
Busqueda ABB Paralela,100000,10393545,0,-1,1,0.0001010895,0.0000760000,0.0000020000
Busqueda ABB Paralela,100000,2147445644,0,-1,1,0.0000319481,0.0000380000,0.0000020000
Busqueda ABB Paralela,100000,1295390003,0,-1,1,0.0000669956,0.0000690000,0.0000020000
Busqueda ABB Paralela,100000,450057883,0,-1,1,0.0000238419,0.0000290000,0.0000010000
Busqueda ABB Paralela,100000,187645041,0,-1,1,0.0000720024,0.0000730000,0.0000020000
Busqueda ABB Paralela,100000,1980098116,0,-1,1,0.0000760555,0.0000770000,0.0000020000
Busqueda ABB Paralela,100000,152503,0,-1,1,0.0000240803,0.0000290000,0.0000010000
Busqueda ABB Paralela,100000,5000,0,-1,1,0.0000247955,0.0000270000,0.0000010000
Busqueda ABB Paralela,100000,1493283650,0,-1,1,0.0000231266,0.0000280000,0.0000010000
Busqueda ABB Paralela,100000,214826,0,-1,1,0.0000240803,0.0000290000,0.0000010000
Busqueda ABB Paralela,100000,1843349527,0,-1,1,0.0000228882,0.0000250000,0.0000010000
Busqueda ABB Paralela,100000,1360839354,0,-1,1,0.0000240803,0.0000290000,0.0000010000
Busqueda ABB Paralela,100000,2109248666,0,-1,1,0.0000300407,0.0000000000,0.0000310000
Busqueda ABB Paralela,100000,2147470852,0,-1,1,0.0000679493,0.0000000000,0.0000710000
Busqueda ABB Paralela,100000,0,0,-1,1,0.0000240803,0.0000000000,0.0000300000
Busqueda ABB Paralela,100000,322486,0,-1,2,0.0000951290,0.0001530000,0.0000040000
Busqueda ABB Paralela,100000,14700764,0,-1,2,0.0000789165,0.0001330000,0.0000040000
Busqueda ABB Paralela,100000,3128036,0,-1,2,0.0000908375,0.0001400000,0.0000040000
Busqueda ABB Paralela,100000,6337399,0,-1,2,0.0000379086,0.0000550000,0.0000020000
Busqueda ABB Paralela,100000,61396,0,-1,2,0.0000419617,0.0000000000,0.0000580000
Busqueda ABB Paralela,100000,10393545,0,-1,2,0.0000829697,0.0000000000,0.0001430000
Busqueda ABB Paralela,100000,2147445644,0,-1,2,0.0000860691,0.0000000000,0.0001150000
Busqueda ABB Paralela,100000,1295390003,0,-1,2,0.0000751019,0.0000000000,0.0001020000
Busqueda ABB Paralela,100000,450057883,0,-1,2,0.0000329018,0.0000000000,0.0000570000
Busqueda ABB Paralela,100000,187645041,0,-1,2,0.0000348091,0.0000000000,0.0000570000
Busqueda ABB Paralela,100000,1980098116,0,-1,2,0.0000329018,0.0000000000,0.0000510000
Busqueda ABB Paralela,100000,152503,0,-1,2,0.0000791550,0.0000000000,0.0000540000
Busqueda ABB Paralela,100000,5000,0,-1,2,0.0000391006,0.0000000000,0.0000600000
Busqueda ABB Paralela,100000,1493283650,0,-1,2,0.0000340939,0.0000000000,0.0000510000
Busqueda ABB Paralela,100000,214826,0,-1,2,0.0000340939,0.0000000000,0.0000510000
Busqueda ABB Paralela,100000,1843349527,0,-1,2,0.0000329018,0.0000000000,0.0000500000
Busqueda ABB Paralela,100000,1360839354,0,-1,2,0.0000388622,0.0000070000,0.0000480000
Busqueda ABB Paralela,100000,2109248666,0,-1,2,0.0000329018,0.0000480000,0.0000030000
Busqueda ABB Paralela,100000,2147470852,0,-1,2,0.0000340939,0.0000480000,0.0000030000
Busqueda ABB Paralela,100000,0,0,-1,2,0.0000340939,0.0000470000,0.0000030000
Busqueda ABB Paralela,100000,322486,0,-1,4,0.0001728535,0.0003870000,0.0000220000
Busqueda ABB Paralela,100000,14700764,0,-1,4,0.0000929832,0.0003040000,0.0000170000
Busqueda ABB Paralela,100000,3128036,0,-1,4,0.0000820160,0.0002160000,0.0000120000
Busqueda ABB Paralela,100000,6337399,0,-1,4,0.0000669956,0.0001080000,0.0000060000
Busqueda ABB Paralela,100000,61396,0,-1,4,0.0001568794,0.0002390000,0.0000000000
Busqueda ABB Paralela,100000,10393545,0,-1,4,0.0001099110,0.0002400000,0.0000000000
Busqueda ABB Paralela,100000,2147445644,0,-1,4,0.0000920296,0.0001540000,0.0000000000
Busqueda ABB Paralela,100000,1295390003,0,-1,4,0.0000588894,0.0001100000,0.0000000000
Busqueda ABB Paralela,100000,450057883,0,-1,4,0.0000610352,0.0001020000,0.0000000000
Busqueda ABB Paralela,100000,187645041,0,-1,4,0.0000629425,0.0001060000,0.0000000000
Busqueda ABB Paralela,100000,1980098116,0,-1,4,0.0000629425,0.0000990000,0.0000050000
Busqueda ABB Paralela,100000,152503,0,-1,4,0.0000631809,0.0000980000,0.0000050000
Busqueda ABB Paralela,100000,5000,0,-1,4,0.0000610352,0.0000980000,0.0000060000
Busqueda ABB Paralela,100000,1493283650,0,-1,4,0.0000619888,0.0000980000,0.0000060000
Busqueda ABB Paralela,100000,214826,0,-1,4,0.0000619888,0.0000990000,0.0000060000
Busqueda ABB Paralela,100000,1843349527,0,-1,4,0.0000700951,0.0000000000,0.0001080000
Busqueda ABB Paralela,100000,1360839354,0,-1,4,0.0000629425,0.0000000000,0.0001040000
Busqueda ABB Paralela,100000,2109248666,0,-1,4,0.0000619888,0.0000000000,0.0001030000
Busqueda ABB Paralela,100000,2147470852,0,-1,4,0.0000648499,0.0000000000,0.0001040000
Busqueda ABB Paralela,100000,0,0,-1,4,0.0000629425,0.0000000000,0.0001000000
Busqueda ABB Paralela,100000,322486,0,-1,8,0.0003829002,0.0007810000,0.0000200000
Busqueda ABB Paralela,100000,14700764,0,-1,8,0.0001668930,0.0003550000,0.0000090000
Busqueda ABB Paralela,100000,3128036,0,-1,8,0.0001227856,0.0002520000,0.0000070000
Busqueda ABB Paralela,100000,6337399,0,-1,8,0.0001189709,0.0000000000,0.0002130000
Busqueda ABB Paralela,100000,61396,0,-1,8,0.0001130104,0.0000000000,0.0002190000
Busqueda ABB Paralela,100000,10393545,0,-1,8,0.0001091957,0.0000000000,0.0001980000
Busqueda ABB Paralela,100000,2147445644,0,-1,8,0.0001058578,0.0000000000,0.0002050000
Busqueda ABB Paralela,100000,1295390003,0,-1,8,0.0001080036,0.0000000000,0.0002100000
Busqueda ABB Paralela,100000,450057883,0,-1,8,0.0001089573,0.0000000000,0.0002100000
Busqueda ABB Paralela,100000,187645041,0,-1,8,0.0001199245,0.0000000000,0.0002260000
Busqueda ABB Paralela,100000,1980098116,0,-1,8,0.0001180172,0.0000000000,0.0002190000
Busqueda ABB Paralela,100000,152503,0,-1,8,0.0001308918,0.0000000000,0.0002240000
Busqueda ABB Paralela,100000,5000,0,-1,8,0.0001168251,0.0000000000,0.0002210000
Busqueda ABB Paralela,100000,1493283650,0,-1,8,0.0001199245,0.0000000000,0.0002370000
Busqueda ABB Paralela,100000,214826,0,-1,8,0.0001161098,0.0000000000,0.0002180000
Busqueda ABB Paralela,100000,1843349527,0,-1,8,0.0001192093,0.0000000000,0.0002210000
Busqueda ABB Paralela,100000,1360839354,0,-1,8,0.0001239777,0.0000000000,0.0002290000
Busqueda ABB Paralela,100000,2109248666,0,-1,8,0.0001509190,0.0000000000,0.0003330000
Busqueda ABB Paralela,100000,2147470852,0,-1,8,0.0001289845,0.0000000000,0.0002290000
Busqueda ABB Paralela,100000,0,0,-1,8,0.0001518726,0.0000000000,0.0002930000
Busqueda ABB Paralela,500000,322486,0,-1,1,0.0001490116,0.0001310000,0.0000030000
Busqueda ABB Paralela,500000,14700764,0,-1,1,0.0001368523,0.0000790000,0.0000020000
Busqueda ABB Paralela,500000,3128036,0,-1,1,0.0002100468,0.0001400000,0.0000030000
Busqueda ABB Paralela,500000,6337399,0,-1,1,0.0001549721,0.0001360000,0.0000030000
Busqueda ABB Paralela,500000,61396,0,-1,1,0.0000591278,0.0000640000,0.0000020000
Busqueda ABB Paralela,500000,10393545,0,-1,1,0.0000398159,0.0000460000,0.0000010000
Busqueda ABB Paralela,500000,2147445644,0,-1,1,0.0000531673,0.0000000000,0.0000600000
Busqueda ABB Paralela,500000,1295390003,0,-1,1,0.0001680851,0.0000000000,0.0001430000
Busqueda ABB Paralela,500000,450057883,0,-1,1,0.0001120567,0.0000000000,0.0001360000
Busqueda ABB Paralela,500000,187645041,0,-1,1,0.0000650883,0.0000000000,0.0000740000
Busqueda ABB Paralela,500000,1980098116,0,-1,1,0.0000929832,0.0000000000,0.0001200000
Busqueda ABB Paralela,500000,152503,0,-1,1,0.0001029968,0.0000000000,0.0001100000
Busqueda ABB Paralela,500000,5000,0,-1,1,0.0000309944,0.0000000000,0.0000390000
Busqueda ABB Paralela,500000,1493283650,0,-1,1,0.0000801086,0.0000000000,0.0001140000
Busqueda ABB Paralela,500000,214826,0,-1,1,0.0000360012,0.0000000000,0.0000430000
Busqueda ABB Paralela,500000,1843349527,0,-1,1,0.0000309944,0.0000340000,0.0000050000
Busqueda ABB Paralela,500000,1360839354,0,-1,1,0.0000319481,0.0000380000,0.0000010000
Busqueda ABB Paralela,500000,2109248666,0,-1,1,0.0000560284,0.0000000000,0.0000550000
Busqueda ABB Paralela,500000,2147470852,0,-1,1,0.0000300407,0.0000000000,0.0000360000
Busqueda ABB Paralela,500000,0,0,-1,1,0.0000271797,0.0000000000,0.0000340000
Busqueda ABB Paralela,500000,322486,0,-1,2,0.0001840591,0.0000000000,0.0002930000
Busqueda ABB Paralela,500000,14700764,0,-1,2,0.0001659393,0.0000000000,0.0002820000
Busqueda ABB Paralela,500000,3128036,0,-1,2,0.0000901222,0.0000000000,0.0001830000
Busqueda ABB Paralela,500000,6337399,0,-1,2,0.0001142025,0.0000850000,0.0001290000
Busqueda ABB Paralela,500000,61396,0,-1,2,0.0001101494,0.0001950000,0.0000040000
Busqueda ABB Paralela,500000,10393545,0,-1,2,0.0001161098,0.0001800000,0.0000040000
Busqueda ABB Paralela,500000,2147445644,0,-1,2,0.0000381470,0.0000550000,0.0000010000
Busqueda ABB Paralela,500000,1295390003,0,-1,2,0.0000379086,0.0000570000,0.0000010000
Busqueda ABB Paralela,500000,450057883,0,-1,2,0.0000438690,0.0000000000,0.0000660000
Busqueda ABB Paralela,500000,187645041,0,-1,2,0.0000519753,0.0000000000,0.0000750000
Busqueda ABB Paralela,500000,1980098116,0,-1,2,0.0000350475,0.0000000000,0.0000590000
Busqueda ABB Paralela,500000,152503,0,-1,2,0.0000519753,0.0000000000,0.0000900000
Busqueda ABB Paralela,500000,5000,0,-1,2,0.0000350475,0.0000000000,0.0000630000
Busqueda ABB Paralela,500000,1493283650,0,-1,2,0.0000338554,0.0000000000,0.0000570000
Busqueda ABB Paralela,500000,214826,0,-1,2,0.0000300407,0.0000000000,0.0000510000
Busqueda ABB Paralela,500000,1843349527,0,-1,2,0.0000329018,0.0000000000,0.0000540000
Busqueda ABB Paralela,500000,1360839354,0,-1,2,0.0000350475,0.0000000000,0.0000540000
Busqueda ABB Paralela,500000,2109248666,0,-1,2,0.0000350475,0.0000000000,0.0000530000
Busqueda ABB Paralela,500000,2147470852,0,-1,2,0.0000360012,0.0000000000,0.0000530000
Busqueda ABB Paralela,500000,0,0,-1,2,0.0000338554,0.0000000000,0.0000520000
Busqueda ABB Paralela,500000,322486,0,-1,4,0.0001840591,0.0005140000,0.0000100000
Busqueda ABB Paralela,500000,14700764,0,-1,4,0.0001029968,0.0002980000,0.0000060000
Busqueda ABB Paralela,500000,3128036,0,-1,4,0.0001549721,0.0004230000,0.0000080000
Busqueda ABB Paralela,500000,6337399,0,-1,4,0.0001411438,0.0003900000,0.0000080000
Busqueda ABB Paralela,500000,61396,0,-1,4,0.0001070499,0.0001950000,0.0000040000
Busqueda ABB Paralela,500000,10393545,0,-1,4,0.0000698566,0.0000000000,0.0001100000
Busqueda ABB Paralela,500000,2147445644,0,-1,4,0.0001728535,0.0000000000,0.0003180000
Busqueda ABB Paralela,500000,1295390003,0,-1,4,0.0000901222,0.0000000000,0.0001610000
Busqueda ABB Paralela,500000,450057883,0,-1,4,0.0000960827,0.0000000000,0.0001720000
Busqueda ABB Paralela,500000,187645041,0,-1,4,0.0000751019,0.0000140000,0.0001360000
Busqueda ABB Paralela,500000,1980098116,0,-1,4,0.0000720024,0.0001240000,0.0000030000
Busqueda ABB Paralela,500000,152503,0,-1,4,0.0000748634,0.0001260000,0.0000030000
Busqueda ABB Paralela,500000,5000,0,-1,4,0.0000879765,0.0001390000,0.0000030000
Busqueda ABB Paralela,500000,1493283650,0,-1,4,0.0000791550,0.0001220000,0.0000030000
Busqueda ABB Paralela,500000,214826,0,-1,4,0.0000801086,0.0000000000,0.0001210000
Busqueda ABB Paralela,500000,1843349527,0,-1,4,0.0000810623,0.0000000000,0.0001300000
Busqueda ABB Paralela,500000,1360839354,0,-1,4,0.0000748634,0.0000000000,0.0001200000
Busqueda ABB Paralela,500000,2109248666,0,-1,4,0.0000739098,0.0000000000,0.0001200000
Busqueda ABB Paralela,500000,2147470852,0,-1,4,0.0000748634,0.0000000000,0.0001180000
Busqueda ABB Paralela,500000,0,0,-1,4,0.0000789165,0.0000000000,0.0001220000
Busqueda ABB Paralela,500000,322486,0,-1,8,0.0003688335,0.0008880000,0.0000240000
Busqueda ABB Paralela,500000,14700764,0,-1,8,0.0002470016,0.0007890000,0.0000210000
Busqueda ABB Paralela,500000,3128036,0,-1,8,0.0001378059,0.0003880000,0.0000100000
Busqueda ABB Paralela,500000,6337399,0,-1,8,0.0001068115,0.0002020000,0.0000050000
Busqueda ABB Paralela,500000,61396,0,-1,8,0.0003230572,0.0000000000,0.0006350000
Busqueda ABB Paralela,500000,10393545,0,-1,8,0.0002601147,0.0001860000,0.0003610000
Busqueda ABB Paralela,500000,2147445644,0,-1,8,0.0001599789,0.0002800000,0.0000090000
Busqueda ABB Paralela,500000,1295390003,0,-1,8,0.0001070499,0.0001930000,0.0000060000
Busqueda ABB Paralela,500000,450057883,0,-1,8,0.0001130104,0.0000000000,0.0002020000
Busqueda ABB Paralela,500000,187645041,0,-1,8,0.0001051426,0.0000000000,0.0001970000
Busqueda ABB Paralela,500000,1980098116,0,-1,8,0.0001060963,0.0000000000,0.0001940000
Busqueda ABB Paralela,500000,152503,0,-1,8,0.0001158714,0.0000000000,0.0002180000
Busqueda ABB Paralela,500000,5000,0,-1,8,0.0001380444,0.0001090000,0.0001160000
Busqueda ABB Paralela,500000,1493283650,0,-1,8,0.0001289845,0.0002200000,0.0000080000
Busqueda ABB Paralela,500000,214826,0,-1,8,0.0001177788,0.0002000000,0.0000070000
Busqueda ABB Paralela,500000,1843349527,0,-1,8,0.0001049042,0.0001950000,0.0000070000
Busqueda ABB Paralela,500000,1360839354,0,-1,8,0.0001280308,0.0000000000,0.0002260000
Busqueda ABB Paralela,500000,2109248666,0,-1,8,0.0001540184,0.0000000000,0.0003120000
Busqueda ABB Paralela,500000,2147470852,0,-1,8,0.0001490116,0.0000000000,0.0002780000
Busqueda ABB Paralela,500000,0,0,-1,8,0.0001239777,0.0000660000,0.0001510000
Busqueda ABB Paralela,1000000,322486,0,-1,1,0.0001718998,0.0001550000,0.0000010000
Busqueda ABB Paralela,1000000,14700764,0,-1,1,0.0001189709,0.0000760000,0.0000010000
Busqueda ABB Paralela,1000000,3128036,0,-1,1,0.0001521111,0.0000000000,0.0001070000
Busqueda ABB Paralela,1000000,6337399,0,-1,1,0.0001771450,0.0000000000,0.0001400000
Busqueda ABB Paralela,1000000,61396,0,-1,1,0.0001590252,0.0000000000,0.0001100000
Busqueda ABB Paralela,1000000,10393545,0,-1,1,0.0001249313,0.0000000000,0.0001050000
Busqueda ABB Paralela,1000000,2147445644,0,-1,1,0.0001020432,0.0000000000,0.0001270000
Busqueda ABB Paralela,1000000,1295390003,0,-1,1,0.0000569820,0.0000000000,0.0000600000
Busqueda ABB Paralela,1000000,450057883,0,-1,1,0.0000388622,0.0000000000,0.0000560000
Busqueda ABB Paralela,1000000,187645041,0,-1,1,0.0000290871,0.0000000000,0.0000330000
Busqueda ABB Paralela,1000000,1980098116,0,-1,1,0.0000259876,0.0000000000,0.0000290000
Busqueda ABB Paralela,1000000,152503,0,-1,1,0.0000240803,0.0000000000,0.0000290000
Busqueda ABB Paralela,1000000,5000,0,-1,1,0.0000269413,0.0000080000,0.0000210000
Busqueda ABB Paralela,1000000,1493283650,1,-1,1,0.0000958443,0.0000000000,0.0000980000
Busqueda ABB Paralela,1000000,214826,0,-1,1,0.0000281334,0.0000000000,0.0000320000
Busqueda ABB Paralela,1000000,1843349527,0,-1,1,0.0000290871,0.0000000000,0.0000320000
Busqueda ABB Paralela,1000000,1360839354,0,-1,1,0.0000247955,0.0000000000,0.0000320000
Busqueda ABB Paralela,1000000,2109248666,0,-1,1,0.0000231266,0.0000000000,0.0000290000
Busqueda ABB Paralela,1000000,2147470852,0,-1,1,0.0000231266,0.0000000000,0.0000280000
Busqueda ABB Paralela,1000000,0,0,-1,1,0.0000231266,0.0000000000,0.0000280000
Busqueda ABB Paralela,1000000,322486,0,-1,2,0.0001368523,0.0001880000,0.0000040000
Busqueda ABB Paralela,1000000,14700764,0,-1,2,0.0000960827,0.0001740000,0.0000030000
Busqueda ABB Paralela,1000000,3128036,0,-1,2,0.0001130104,0.0001520000,0.0000030000
Busqueda ABB Paralela,1000000,6337399,0,-1,2,0.0000660419,0.0000870000,0.0000020000
Busqueda ABB Paralela,1000000,61396,0,-1,2,0.0001189709,0.0000000000,0.0001510000
Busqueda ABB Paralela,1000000,10393545,0,-1,2,0.0000679493,0.0000000000,0.0001170000
Busqueda ABB Paralela,1000000,2147445644,0,-1,2,0.0000960827,0.0000000000,0.0001890000
Busqueda ABB Paralela,1000000,1295390003,0,-1,2,0.0000979900,0.0000000000,0.0001530000
Busqueda ABB Paralela,1000000,450057883,0,-1,2,0.0001120567,0.0000000000,0.0001770000
Busqueda ABB Paralela,1000000,187645041,0,-1,2,0.0000841618,0.0001190000,0.0000250000
Busqueda ABB Paralela,1000000,1980098116,0,-1,2,0.0000600815,0.0000830000,0.0000020000
Busqueda ABB Paralela,1000000,152503,0,-1,2,0.0000648499,0.0001050000,0.0000020000
Busqueda ABB Paralela,1000000,5000,0,-1,2,0.0000441074,0.0000660000,0.0000020000
Busqueda ABB Paralela,1000000,1493283650,1,-1,2,0.0000588894,0.0000000000,0.0000770000
Busqueda ABB Paralela,1000000,214826,0,-1,2,0.0000441074,0.0000000000,0.0000650000
Busqueda ABB Paralela,1000000,1843349527,0,-1,2,0.0000610352,0.0000000000,0.0001120000
Busqueda ABB Paralela,1000000,1360839354,0,-1,2,0.0000441074,0.0000000000,0.0000670000
Busqueda ABB Paralela,1000000,2109248666,0,-1,2,0.0000441074,0.0000000000,0.0000650000
Busqueda ABB Paralela,1000000,2147470852,0,-1,2,0.0000450611,0.0000000000,0.0000640000
Busqueda ABB Paralela,1000000,0,0,-1,2,0.0000431538,0.0000000000,0.0000610000
Busqueda ABB Paralela,1000000,322486,0,-1,4,0.0002710819,0.0004770000,0.0000130000
Busqueda ABB Paralela,1000000,14700764,0,-1,4,0.0001330376,0.0002910000,0.0000070000
Busqueda ABB Paralela,1000000,3128036,0,-1,4,0.0000770092,0.0001310000,0.0000030000
Busqueda ABB Paralela,1000000,6337399,0,-1,4,0.0001549721,0.0002890000,0.0000000000
Busqueda ABB Paralela,1000000,61396,0,-1,4,0.0001149178,0.0002240000,0.0000000000
Busqueda ABB Paralela,1000000,10393545,0,-1,4,0.0001950264,0.0003130000,0.0000000000
Busqueda ABB Paralela,1000000,2147445644,0,-1,4,0.0001149178,0.0002440000,0.0000050000
Busqueda ABB Paralela,1000000,1295390003,0,-1,4,0.0001029968,0.0002850000,0.0000080000
Busqueda ABB Paralela,1000000,450057883,0,-1,4,0.0000741482,0.0001230000,0.0000030000
Busqueda ABB Paralela,1000000,187645041,0,-1,4,0.0000739098,0.0001210000,0.0000030000
Busqueda ABB Paralela,1000000,1980098116,0,-1,4,0.0000779629,0.0000000000,0.0001260000
Busqueda ABB Paralela,1000000,152503,0,-1,4,0.0000729561,0.0000000000,0.0001220000
Busqueda ABB Paralela,1000000,5000,0,-1,4,0.0000767708,0.0000000000,0.0001220000
Busqueda ABB Paralela,1000000,1493283650,1,-1,4,0.0000710487,0.0000000000,0.0001160000
Busqueda ABB Paralela,1000000,214826,0,-1,4,0.0000801086,0.0000000000,0.0001260000
Busqueda ABB Paralela,1000000,1843349527,0,-1,4,0.0000739098,0.0000000000,0.0001220000
Busqueda ABB Paralela,1000000,1360839354,0,-1,4,0.0000729561,0.0000000000,0.0001180000
Busqueda ABB Paralela,1000000,2109248666,0,-1,4,0.0000760555,0.0000690000,0.0000540000
Busqueda ABB Paralela,1000000,2147470852,0,-1,4,0.0000758171,0.0001170000,0.0000030000
Busqueda ABB Paralela,1000000,0,0,-1,4,0.0000760555,0.0001170000,0.0000030000
Busqueda ABB Paralela,1000000,322486,0,-1,8,0.0005021095,0.0009530000,0.0000120000
Busqueda ABB Paralela,1000000,14700764,0,-1,8,0.0002288818,0.0004610000,0.0000060000
Busqueda ABB Paralela,1000000,3128036,0,-1,8,0.0001318455,0.0002580000,0.0000040000
Busqueda ABB Paralela,1000000,6337399,0,-1,8,0.0004148483,0.0000000000,0.0002760000
Busqueda ABB Paralela,1000000,61396,0,-1,8,0.0007631779,0.0001210000,0.0007050000
Busqueda ABB Paralela,1000000,10393545,0,-1,8,0.0001790524,0.0003480000,0.0000050000
Busqueda ABB Paralela,1000000,2147445644,0,-1,8,0.0001630783,0.0003020000,0.0000050000
Busqueda ABB Paralela,1000000,1295390003,0,-1,8,0.0001301765,0.0002510000,0.0000040000
Busqueda ABB Paralela,1000000,450057883,0,-1,8,0.0001511574,0.0002570000,0.0000030000
Busqueda ABB Paralela,1000000,187645041,0,-1,8,0.0001330376,0.0002600000,0.0000030000
Busqueda ABB Paralela,1000000,1980098116,0,-1,8,0.0001189709,0.0002450000,0.0000000000
Busqueda ABB Paralela,1000000,152503,0,-1,8,0.0001199245,0.0002250000,0.0000000000
Busqueda ABB Paralela,1000000,5000,0,-1,8,0.0001921654,0.0003950000,0.0000000000
Busqueda ABB Paralela,1000000,1493283650,1,-1,8,0.0001640320,0.0003050000,0.0000040000
Busqueda ABB Paralela,1000000,214826,0,-1,8,0.0001170635,0.0002190000,0.0000030000
Busqueda ABB Paralela,1000000,1843349527,0,-1,8,0.0001108646,0.0002050000,0.0000030000
Busqueda ABB Paralela,1000000,1360839354,0,-1,8,0.0001230240,0.0000000000,0.0002130000
Busqueda ABB Paralela,1000000,2109248666,0,-1,8,0.0001161098,0.0000000000,0.0002120000
Busqueda ABB Paralela,1000000,2147470852,0,-1,8,0.0001170635,0.0000000000,0.0002130000
Busqueda ABB Paralela,1000000,0,0,-1,8,0.0001139641,0.0000000000,0.0002040000
Busqueda ABB Paralela,5000000,322486,0,-1,1,0.0001709461,0.0001570000,0.0000030000
Busqueda ABB Paralela,5000000,14700764,0,-1,1,0.0002019405,0.0001600000,0.0000000000
Busqueda ABB Paralela,5000000,3128036,1,-1,1,0.0001430511,0.0001500000,0.0000000000
Busqueda ABB Paralela,5000000,6337399,0,-1,1,0.0001361370,0.0001780000,0.0000000000
Busqueda ABB Paralela,5000000,61396,0,-1,1,0.0001440048,0.0001240000,0.0000000000
Busqueda ABB Paralela,5000000,10393545,0,-1,1,0.0001039505,0.0000880000,0.0000000000
Busqueda ABB Paralela,5000000,2147445644,0,-1,1,0.0000300407,0.0000370000,0.0000000000
Busqueda ABB Paralela,5000000,1295390003,0,-1,1,0.0000288486,0.0000350000,0.0000000000
Busqueda ABB Paralela,5000000,450057883,0,-1,1,0.0000419617,0.0000000000,0.0000390000
Busqueda ABB Paralela,5000000,187645041,0,-1,1,0.0001220703,0.0000000000,0.0001250000
Busqueda ABB Paralela,5000000,1980098116,0,-1,1,0.0000648499,0.0000000000,0.0000850000
Busqueda ABB Paralela,5000000,152503,0,-1,1,0.0000431538,0.0000000000,0.0000470000
Busqueda ABB Paralela,5000000,5000,0,-1,1,0.0000259876,0.0000000000,0.0000320000
Busqueda ABB Paralela,5000000,1493283650,1,-1,1,0.0000448227,0.0000000000,0.0000490000
Busqueda ABB Paralela,5000000,214826,0,-1,1,0.0000700951,0.0000000000,0.0000730000
Busqueda ABB Paralela,5000000,1843349527,1,-1,1,0.0000281334,0.0000000000,0.0000310000
Busqueda ABB Paralela,5000000,1360839354,0,-1,1,0.0000269413,0.0000000000,0.0000330000
Busqueda ABB Paralela,5000000,2109248666,0,-1,1,0.0000259876,0.0000000000,0.0000300000
Busqueda ABB Paralela,5000000,2147470852,0,-1,1,0.0000281334,0.0000000000,0.0000330000
Busqueda ABB Paralela,5000000,0,0,-1,1,0.0000250340,0.0000000000,0.0000310000
Busqueda ABB Paralela,5000000,322486,0,-1,2,0.0001671314,0.0003000000,0.0000050000
Busqueda ABB Paralela,5000000,14700764,0,-1,2,0.0001249313,0.0002340000,0.0000040000
Busqueda ABB Paralela,5000000,3128036,1,-1,2,0.0000789165,0.0001320000,0.0000030000
Busqueda ABB Paralela,5000000,6337399,0,-1,2,0.0001039505,0.0001960000,0.0000040000
Busqueda ABB Paralela,5000000,61396,0,-1,2,0.0001199245,0.0002010000,0.0000040000
Busqueda ABB Paralela,5000000,10393545,0,-1,2,0.0000789165,0.0001380000,0.0000020000
Busqueda ABB Paralela,5000000,2147445644,0,-1,2,0.0000410080,0.0000640000,0.0000010000
Busqueda ABB Paralela,5000000,1295390003,0,-1,2,0.0000441074,0.0000000000,0.0000630000
Busqueda ABB Paralela,5000000,450057883,0,-1,2,0.0000948906,0.0000000000,0.0001770000
Busqueda ABB Paralela,5000000,187645041,0,-1,2,0.0000679493,0.0000000000,0.0001390000
Busqueda ABB Paralela,5000000,1980098116,0,-1,2,0.0000710487,0.0000000000,0.0001500000
Busqueda ABB Paralela,5000000,152503,0,-1,2,0.0000782013,0.0000000000,0.0001570000
Busqueda ABB Paralela,5000000,5000,0,-1,2,0.0000329018,0.0000000000,0.0000570000
Busqueda ABB Paralela,5000000,1493283650,1,-1,2,0.0000338554,0.0000000000,0.0000550000
Busqueda ABB Paralela,5000000,214826,0,-1,2,0.0000391006,0.0000000000,0.0000600000
Busqueda ABB Paralela,5000000,1843349527,1,-1,2,0.0000338554,0.0000390000,0.0000170000
Busqueda ABB Paralela,5000000,1360839354,0,-1,2,0.0000350475,0.0000540000,0.0000010000
Busqueda ABB Paralela,5000000,2109248666,0,-1,2,0.0000329018,0.0000530000,0.0000010000
Busqueda ABB Paralela,5000000,2147470852,0,-1,2,0.0000338554,0.0000530000,0.0000010000
Busqueda ABB Paralela,5000000,0,0,-1,2,0.0000400543,0.0000620000,0.0000010000
Busqueda ABB Paralela,5000000,322486,0,-1,4,0.0002179146,0.0000000000,0.0005400000
Busqueda ABB Paralela,5000000,14700764,0,-1,4,0.0001239777,0.0000000000,0.0002500000
Busqueda ABB Paralela,5000000,3128036,1,-1,4,0.0002560616,0.0003640000,0.0001300000
Busqueda ABB Paralela,5000000,6337399,0,-1,4,0.0002019405,0.0003480000,0.0000060000
Busqueda ABB Paralela,5000000,61396,0,-1,4,0.0000789165,0.0001310000,0.0000020000
Busqueda ABB Paralela,5000000,10393545,0,-1,4,0.0000619888,0.0000000000,0.0001010000
Busqueda ABB Paralela,5000000,2147445644,0,-1,4,0.0000610352,0.0000000000,0.0001080000
Busqueda ABB Paralela,5000000,1295390003,0,-1,4,0.0000529289,0.0000000000,0.0000920000
Busqueda ABB Paralela,5000000,450057883,0,-1,4,0.0000507832,0.0000000000,0.0000930000
Busqueda ABB Paralela,5000000,187645041,0,-1,4,0.0000519753,0.0000000000,0.0000940000
Busqueda ABB Paralela,5000000,1980098116,0,-1,4,0.0000860691,0.0000000000,0.0001710000
Busqueda ABB Paralela,5000000,152503,0,-1,4,0.0000519753,0.0000000000,0.0000930000
Busqueda ABB Paralela,5000000,5000,0,-1,4,0.0000529289,0.0000000000,0.0000950000
Busqueda ABB Paralela,5000000,1493283650,1,-1,4,0.0000510216,0.0000270000,0.0000650000
Busqueda ABB Paralela,5000000,214826,0,-1,4,0.0000541210,0.0000930000,0.0000020000
Busqueda ABB Paralela,5000000,1843349527,1,-1,4,0.0000510216,0.0000910000,0.0000010000
Busqueda ABB Paralela,5000000,1360839354,0,-1,4,0.0000510216,0.0000920000,0.0000010000
Busqueda ABB Paralela,5000000,2109248666,0,-1,4,0.0000510216,0.0000900000,0.0000020000
Busqueda ABB Paralela,5000000,2147470852,0,-1,4,0.0000579357,0.0000960000,0.0000020000
Busqueda ABB Paralela,5000000,0,0,-1,4,0.0000529289,0.0000920000,0.0000020000
Busqueda ABB Paralela,5000000,322486,0,-1,8,0.0004949570,0.0000000000,0.0009670000
Busqueda ABB Paralela,5000000,14700764,0,-1,8,0.0004000664,0.0008480000,0.0000190000
Busqueda ABB Paralela,5000000,3128036,1,-1,8,0.0001308918,0.0000000000,0.0002370000
Busqueda ABB Paralela,5000000,6337399,0,-1,8,0.0002629757,0.0000000000,0.0005020000
Busqueda ABB Paralela,5000000,61396,0,-1,8,0.0002779961,0.0003610000,0.0002170000
Busqueda ABB Paralela,5000000,10393545,0,-1,8,0.0001730919,0.0003350000,0.0000060000
Busqueda ABB Paralela,5000000,2147445644,0,-1,8,0.0001301765,0.0002250000,0.0000040000
Busqueda ABB Paralela,5000000,1295390003,0,-1,8,0.0001170635,0.0000000000,0.0002170000
Busqueda ABB Paralela,5000000,450057883,0,-1,8,0.0001680851,0.0000000000,0.0004090000
Busqueda ABB Paralela,5000000,187645041,0,-1,8,0.0000920296,0.0000000000,0.0001780000
Busqueda ABB Paralela,5000000,1980098116,0,-1,8,0.0000920296,0.0000000000,0.0001760000
Busqueda ABB Paralela,5000000,152503,0,-1,8,0.0000929832,0.0000000000,0.0001770000
Busqueda ABB Paralela,5000000,5000,0,-1,8,0.0000920296,0.0000000000,0.0001760000
Busqueda ABB Paralela,5000000,1493283650,1,-1,8,0.0000898838,0.0000000000,0.0001770000
Busqueda ABB Paralela,5000000,214826,0,-1,8,0.0000920296,0.0000000000,0.0001810000
Busqueda ABB Paralela,5000000,1843349527,1,-1,8,0.0000939369,0.0000000000,0.0001820000
Busqueda ABB Paralela,5000000,1360839354,0,-1,8,0.0001430511,0.0000000000,0.0003750000
Busqueda ABB Paralela,5000000,2109248666,0,-1,8,0.0001549721,0.0000000000,0.0002890000
Busqueda ABB Paralela,5000000,2147470852,0,-1,8,0.0001142025,0.0000000000,0.0002200000
Busqueda ABB Paralela,5000000,0,0,-1,8,0.0000951290,0.0000990000,0.0000830000
Busqueda ABB Paralela,10000000,322486,1,-1,1,0.0001420975,0.0001270000,0.0000020000
Busqueda ABB Paralela,10000000,14700764,0,-1,1,0.0001699924,0.0001520000,0.0000020000
Busqueda ABB Paralela,10000000,3128036,1,-1,1,0.0001702309,0.0001380000,0.0000010000
Busqueda ABB Paralela,10000000,6337399,1,-1,1,0.0002031326,0.0000000000,0.0001750000
Busqueda ABB Paralela,10000000,61396,0,-1,1,0.0001461506,0.0000000000,0.0001240000
Busqueda ABB Paralela,10000000,10393545,1,-1,1,0.0001468658,0.0000000000,0.0001510000
Busqueda ABB Paralela,10000000,2147445644,0,-1,1,0.0001249313,0.0000000000,0.0001450000
Busqueda ABB Paralela,10000000,1295390003,1,-1,1,0.0000619888,0.0000000000,0.0000660000
Busqueda ABB Paralela,10000000,450057883,0,-1,1,0.0000300407,0.0000000000,0.0000340000
Busqueda ABB Paralela,10000000,187645041,0,-1,1,0.0000278950,0.0000000000,0.0000310000
Busqueda ABB Paralela,10000000,1980098116,0,-1,1,0.0000259876,0.0000000000,0.0000290000
Busqueda ABB Paralela,10000000,152503,0,-1,1,0.0000238419,0.0000050000,0.0000240000
Busqueda ABB Paralela,10000000,5000,0,-1,1,0.0000319481,0.0000000000,0.0000320000
Busqueda ABB Paralela,10000000,1493283650,1,-1,1,0.0000281334,0.0000000000,0.0000340000
Busqueda ABB Paralela,10000000,214826,0,-1,1,0.0000288486,0.0000000000,0.0000330000
Busqueda ABB Paralela,10000000,1843349527,1,-1,1,0.0000431538,0.0000000000,0.0000490000
Busqueda ABB Paralela,10000000,1360839354,0,-1,1,0.0000278950,0.0000000000,0.0000340000
Busqueda ABB Paralela,10000000,2109248666,1,-1,1,0.0000259876,0.0000000000,0.0000310000
Busqueda ABB Paralela,10000000,2147470852,1,-1,1,0.0000269413,0.0000000000,0.0000320000
Busqueda ABB Paralela,10000000,0,0,-1,1,0.0000250340,0.0000000000,0.0000280000
Busqueda ABB Paralela,10000000,322486,1,-1,2,0.0001688004,0.0003010000,0.0000040000
Busqueda ABB Paralela,10000000,14700764,0,-1,2,0.0001270771,0.0002070000,0.0000030000
Busqueda ABB Paralela,10000000,3128036,1,-1,2,0.0000629425,0.0000910000,0.0000010000
Busqueda ABB Paralela,10000000,6337399,1,-1,2,0.0000438690,0.0000770000,0.0000010000
Busqueda ABB Paralela,10000000,61396,0,-1,2,0.0001528263,0.0000000000,0.0001740000
Busqueda ABB Paralela,10000000,10393545,1,-1,2,0.0001730919,0.0000000000,0.0002900000
Busqueda ABB Paralela,10000000,2147445644,0,-1,2,0.0001678467,0.0000000000,0.0001840000
Busqueda ABB Paralela,10000000,1295390003,1,-1,2,0.0001008511,0.0000000000,0.0001700000
Busqueda ABB Paralela,10000000,450057883,0,-1,2,0.0001080036,0.0001180000,0.0000760000
Busqueda ABB Paralela,10000000,187645041,0,-1,2,0.0000729561,0.0001180000,0.0000010000
Busqueda ABB Paralela,10000000,1980098116,0,-1,2,0.0000381470,0.0000540000,0.0000000000
Busqueda ABB Paralela,10000000,152503,0,-1,2,0.0000379086,0.0000560000,0.0000000000
Busqueda ABB Paralela,10000000,5000,0,-1,2,0.0001490116,0.0000000000,0.0001860000
Busqueda ABB Paralela,10000000,1493283650,1,-1,2,0.0000569820,0.0000000000,0.0001020000
Busqueda ABB Paralela,10000000,214826,0,-1,2,0.0000808239,0.0000000000,0.0001390000
Busqueda ABB Paralela,10000000,1843349527,1,-1,2,0.0000381470,0.0000000000,0.0000540000
Busqueda ABB Paralela,10000000,1360839354,0,-1,2,0.0000379086,0.0000000000,0.0000570000
Busqueda ABB Paralela,10000000,2109248666,1,-1,2,0.0000369549,0.0000000000,0.0000560000
Busqueda ABB Paralela,10000000,2147470852,1,-1,2,0.0000350475,0.0000000000,0.0000530000
Busqueda ABB Paralela,10000000,0,0,-1,2,0.0000381470,0.0000000000,0.0000560000
Busqueda ABB Paralela,10000000,322486,1,-1,4,0.0003199577,0.0006180000,0.0000080000
Busqueda ABB Paralela,10000000,14700764,0,-1,4,0.0001339912,0.0003830000,0.0000060000
Busqueda ABB Paralela,10000000,3128036,1,-1,4,0.0000989437,0.0000000000,0.0001380000
Busqueda ABB Paralela,10000000,6337399,1,-1,4,0.0001800060,0.0000000000,0.0004190000
Busqueda ABB Paralela,10000000,61396,0,-1,4,0.0001428127,0.0000000000,0.0002710000
Busqueda ABB Paralela,10000000,10393545,1,-1,4,0.0001401901,0.0002330000,0.0000510000
Busqueda ABB Paralela,10000000,2147445644,0,-1,4,0.0001358986,0.0002980000,0.0000040000
Busqueda ABB Paralela,10000000,1295390003,1,-1,4,0.0001270771,0.0002200000,0.0000030000
Busqueda ABB Paralela,10000000,450057883,0,-1,4,0.0000770092,0.0000000000,0.0001240000
Busqueda ABB Paralela,10000000,187645041,0,-1,4,0.0001008511,0.0000000000,0.0001610000
Busqueda ABB Paralela,10000000,1980098116,0,-1,4,0.0001060963,0.0000000000,0.0002010000
Busqueda ABB Paralela,10000000,152503,0,-1,4,0.0000798702,0.0000000000,0.0001390000
Busqueda ABB Paralela,10000000,5000,0,-1,4,0.0001251698,0.0000000000,0.0002720000
Busqueda ABB Paralela,10000000,1493283650,1,-1,4,0.0000810623,0.0000000000,0.0001250000
Busqueda ABB Paralela,10000000,214826,0,-1,4,0.0000679493,0.0000000000,0.0001130000
Busqueda ABB Paralela,10000000,1843349527,1,-1,4,0.0000681877,0.0000000000,0.0001110000
Busqueda ABB Paralela,10000000,1360839354,0,-1,4,0.0000660419,0.0000000000,0.0001100000
Busqueda ABB Paralela,10000000,2109248666,1,-1,4,0.0000650883,0.0000000000,0.0001080000
Busqueda ABB Paralela,10000000,2147470852,1,-1,4,0.0000910759,0.0000000000,0.0001090000
Busqueda ABB Paralela,10000000,0,0,-1,4,0.0001177788,0.0000000000,0.0002180000
Busqueda ABB Paralela,10000000,322486,1,-1,8,0.0003781319,0.0009190000,0.0000120000
Busqueda ABB Paralela,10000000,14700764,0,-1,8,0.0001389980,0.0000000000,0.0002960000
Busqueda ABB Paralela,10000000,3128036,1,-1,8,0.0002970695,0.0000000000,0.0008740000
Busqueda ABB Paralela,10000000,6337399,1,-1,8,0.0003459454,0.0000640000,0.0007820000
Busqueda ABB Paralela,10000000,61396,0,-1,8,0.0001358986,0.0002570000,0.0000030000
Busqueda ABB Paralela,10000000,10393545,1,-1,8,0.0001010895,0.0001900000,0.0000030000
Busqueda ABB Paralela,10000000,2147445644,0,-1,8,0.0001459122,0.0000000000,0.0002830000
Busqueda ABB Paralela,10000000,1295390003,1,-1,8,0.0000960827,0.0000000000,0.0001900000
Busqueda ABB Paralela,10000000,450057883,0,-1,8,0.0001268387,0.0000000000,0.0002750000
Busqueda ABB Paralela,10000000,187645041,0,-1,8,0.0001418591,0.0000000000,0.0002580000
Busqueda ABB Paralela,10000000,1980098116,0,-1,8,0.0000920296,0.0000000000,0.0001780000
Busqueda ABB Paralela,10000000,152503,0,-1,8,0.0000929832,0.0000000000,0.0001790000
Busqueda ABB Paralela,10000000,5000,0,-1,8,0.0000932217,0.0000000000,0.0001780000
Busqueda ABB Paralela,10000000,1493283650,1,-1,8,0.0000951290,0.0000000000,0.0001870000
Busqueda ABB Paralela,10000000,214826,0,-1,8,0.0001049042,0.0000000000,0.0002020000
Busqueda ABB Paralela,10000000,1843349527,1,-1,8,0.0000929832,0.0000000000,0.0001800000
Busqueda ABB Paralela,10000000,1360839354,0,-1,8,0.0001258850,0.0000000000,0.0002870000
Busqueda ABB Paralela,10000000,2109248666,1,-1,8,0.0000989437,0.0000000000,0.0001940000
Busqueda ABB Paralela,10000000,2147470852,1,-1,8,0.0000970364,0.0000000000,0.0001890000
Busqueda ABB Paralela,10000000,0,0,-1,8,0.0000960827,0.0000000000,0.0001930000
Busqueda Exponencial Paralela,1000,322486,0,-1,1,0.0001699924,0.0001930000,0.0000000000
Busqueda Exponencial Paralela,1000,14700764,0,-1,1,0.0001389980,0.0001080000,0.0000000000
Busqueda Exponencial Paralela,1000,3128036,0,-1,1,0.0001378059,0.0001130000,0.0000000000
Busqueda Exponencial Paralela,1000,6337399,0,-1,1,0.0000689030,0.0000960000,0.0000000000
Busqueda Exponencial Paralela,1000,61396,0,-1,1,0.0000748634,0.0000790000,0.0000000000
Busqueda Exponencial Paralela,1000,10393545,0,-1,1,0.0000281334,0.0000340000,0.0000000000
Busqueda Exponencial Paralela,1000,2147445644,0,-1,1,0.0000228882,0.0000290000,0.0000000000
Busqueda Exponencial Paralela,1000,1295390003,0,-1,1,0.0000391006,0.0000410000,0.0000000000
Busqueda Exponencial Paralela,1000,450057883,0,-1,1,0.0001399517,0.0001130000,0.0000000000
Busqueda Exponencial Paralela,1000,187645041,0,-1,1,0.0001399517,0.0000900000,0.0000000000
Busqueda Exponencial Paralela,1000,1980098116,0,-1,1,0.0000510216,0.0000770000,0.0000000000
Busqueda Exponencial Paralela,1000,152503,0,-1,1,0.0000820160,0.0001020000,0.0000000000
Busqueda Exponencial Paralela,1000,5000,0,-1,1,0.0000529289,0.0000570000,0.0000000000
Busqueda Exponencial Paralela,1000,1493283650,0,-1,1,0.0000610352,0.0000640000,0.0000000000
Busqueda Exponencial Paralela,1000,214826,0,-1,1,0.0000269413,0.0000330000,0.0000000000
Busqueda Exponencial Paralela,1000,1843349527,0,-1,1,0.0000309944,0.0000380000,0.0000000000
Busqueda Exponencial Paralela,1000,1360839354,0,-1,1,0.0000271797,0.0000330000,0.0000000000
Busqueda Exponencial Paralela,1000,2109248666,0,-1,1,0.0000259876,0.0000320000,0.0000000000
Busqueda Exponencial Paralela,1000,2147470852,0,-1,1,0.0000250340,0.0000300000,0.0000000000
Busqueda Exponencial Paralela,1000,0,0,-1,1,0.0000290871,0.0000370000,0.0000000000
Busqueda Exponencial Paralela,1000,322486,0,-1,2,0.0000638962,0.0000940000,0.0000000000
Busqueda Exponencial Paralela,1000,14700764,0,-1,2,0.0000400543,0.0000680000,0.0000000000
Busqueda Exponencial Paralela,1000,3128036,0,-1,2,0.0000348091,0.0000570000,0.0000000000
Busqueda Exponencial Paralela,1000,6337399,0,-1,2,0.0000340939,0.0000540000,0.0000000000
Busqueda Exponencial Paralela,1000,61396,0,-1,2,0.0000810623,0.0001400000,0.0000000000
Busqueda Exponencial Paralela,1000,10393545,0,-1,2,0.0000708103,0.0001060000,0.0000000000
Busqueda Exponencial Paralela,1000,2147445644,0,-1,2,0.0000350475,0.0000530000,0.0000000000
Busqueda Exponencial Paralela,1000,1295390003,0,-1,2,0.0000770092,0.0000940000,0.0000000000
Busqueda Exponencial Paralela,1000,450057883,0,-1,2,0.0000350475,0.0000520000,0.0000000000
Busqueda Exponencial Paralela,1000,187645041,0,-1,2,0.0000319481,0.0000500000,0.0000000000
Busqueda Exponencial Paralela,1000,1980098116,0,-1,2,0.0000319481,0.0000490000,0.0000000000
Busqueda Exponencial Paralela,1000,152503,0,-1,2,0.0000350475,0.0000520000,0.0000000000
Busqueda Exponencial Paralela,1000,5000,0,-1,2,0.0000319481,0.0000480000,0.0000000000
Busqueda Exponencial Paralela,1000,1493283650,0,-1,2,0.0000329018,0.0000500000,0.0000000000
Busqueda Exponencial Paralela,1000,214826,0,-1,2,0.0000329018,0.0000490000,0.0000000000
Busqueda Exponencial Paralela,1000,1843349527,0,-1,2,0.0000340939,0.0000500000,0.0000000000
Busqueda Exponencial Paralela,1000,1360839354,0,-1,2,0.0000319481,0.0000490000,0.0000000000
Busqueda Exponencial Paralela,1000,2109248666,0,-1,2,0.0000319481,0.0000490000,0.0000000000
Busqueda Exponencial Paralela,1000,2147470852,0,-1,2,0.0000319481,0.0000490000,0.0000000000
Busqueda Exponencial Paralela,1000,0,0,-1,2,0.0000321865,0.0000490000,0.0000000000
Busqueda Exponencial Paralela,1000,322486,0,-1,4,0.0000970364,0.0001710000,0.0000000000
Busqueda Exponencial Paralela,1000,14700764,0,-1,4,0.0000588894,0.0001050000,0.0000000000
Busqueda Exponencial Paralela,1000,3128036,0,-1,4,0.0000569820,0.0000980000,0.0000000000
Busqueda Exponencial Paralela,1000,6337399,0,-1,4,0.0000579357,0.0000970000,0.0000000000
Busqueda Exponencial Paralela,1000,61396,0,-1,4,0.0000619888,0.0000000000,0.0001020000
Busqueda Exponencial Paralela,1000,10393545,0,-1,4,0.0000829697,0.0000000000,0.0001630000
Busqueda Exponencial Paralela,1000,2147445644,0,-1,4,0.0000820160,0.0000000000,0.0001410000
Busqueda Exponencial Paralela,1000,1295390003,0,-1,4,0.0000548363,0.0000000000,0.0000930000
Busqueda Exponencial Paralela,1000,450057883,0,-1,4,0.0000541210,0.0000000000,0.0000920000
Busqueda Exponencial Paralela,1000,187645041,0,-1,4,0.0000541210,0.0000000000,0.0000930000
Busqueda Exponencial Paralela,1000,1980098116,0,-1,4,0.0000538826,0.0000000000,0.0000930000
Busqueda Exponencial Paralela,1000,152503,0,-1,4,0.0000619888,0.0000000000,0.0001160000
Busqueda Exponencial Paralela,1000,5000,0,-1,4,0.0000638962,0.0000000000,0.0001160000
Busqueda Exponencial Paralela,1000,1493283650,0,-1,4,0.0000641346,0.0000000000,0.0001180000
Busqueda Exponencial Paralela,1000,214826,0,-1,4,0.0000619888,0.0000000000,0.0001140000
Busqueda Exponencial Paralela,1000,1843349527,0,-1,4,0.0000619888,0.0000000000,0.0001100000
Busqueda Exponencial Paralela,1000,1360839354,0,-1,4,0.0000629425,0.0000000000,0.0001100000
Busqueda Exponencial Paralela,1000,2109248666,0,-1,4,0.0000619888,0.0000000000,0.0001070000
Busqueda Exponencial Paralela,1000,2147470852,0,-1,4,0.0000917912,0.0000000000,0.0001760000
Busqueda Exponencial Paralela,1000,0,0,-1,4,0.0000548363,0.0000000000,0.0000970000
Busqueda Exponencial Paralela,1000,322486,0,-1,8,0.0001850128,0.0000000000,0.0003250000
Busqueda Exponencial Paralela,1000,14700764,0,-1,8,0.0001029968,0.0000000000,0.0001990000
Busqueda Exponencial Paralela,1000,3128036,0,-1,8,0.0001001358,0.0000000000,0.0001890000
Busqueda Exponencial Paralela,1000,6337399,0,-1,8,0.0000970364,0.0000000000,0.0001880000
Busqueda Exponencial Paralela,1000,61396,0,-1,8,0.0000979900,0.0000000000,0.0001850000
Busqueda Exponencial Paralela,1000,10393545,0,-1,8,0.0000970364,0.0000000000,0.0001860000
Busqueda Exponencial Paralela,1000,2147445644,0,-1,8,0.0001111031,0.0000000000,0.0002160000
Busqueda Exponencial Paralela,1000,1295390003,0,-1,8,0.0000970364,0.0000000000,0.0001870000
Busqueda Exponencial Paralela,1000,450057883,0,-1,8,0.0001070499,0.0000000000,0.0001980000
Busqueda Exponencial Paralela,1000,187645041,0,-1,8,0.0001049042,0.0000000000,0.0002030000
Busqueda Exponencial Paralela,1000,1980098116,0,-1,8,0.0000989437,0.0000000000,0.0001870000
Busqueda Exponencial Paralela,1000,152503,0,-1,8,0.0000970364,0.0000000000,0.0001820000
Busqueda Exponencial Paralela,1000,5000,0,-1,8,0.0000970364,0.0000000000,0.0001850000
Busqueda Exponencial Paralela,1000,1493283650,0,-1,8,0.0000970364,0.0000000000,0.0001860000
Busqueda Exponencial Paralela,1000,214826,0,-1,8,0.0000979900,0.0000000000,0.0001850000
Busqueda Exponencial Paralela,1000,1843349527,0,-1,8,0.0000970364,0.0000000000,0.0001830000
Busqueda Exponencial Paralela,1000,1360839354,0,-1,8,0.0001120567,0.0000000000,0.0002070000
Busqueda Exponencial Paralela,1000,2109248666,0,-1,8,0.0001311302,0.0000000000,0.0002390000
Busqueda Exponencial Paralela,1000,2147470852,0,-1,8,0.0001270771,0.0000000000,0.0002350000
Busqueda Exponencial Paralela,1000,0,0,-1,8,0.0001139641,0.0000000000,0.0002160000
Busqueda Exponencial Paralela,5000,322486,0,-1,1,0.0001559258,0.0000000000,0.0000880000
Busqueda Exponencial Paralela,5000,14700764,0,-1,1,0.0001688004,0.0000000000,0.0001280000
Busqueda Exponencial Paralela,5000,3128036,0,-1,1,0.0001749992,0.0000000000,0.0001420000
Busqueda Exponencial Paralela,5000,6337399,0,-1,1,0.0000550747,0.0000000000,0.0000570000
Busqueda Exponencial Paralela,5000,61396,0,-1,1,0.0000309944,0.0000000000,0.0000340000
Busqueda Exponencial Paralela,5000,10393545,0,-1,1,0.0000250340,0.0000000000,0.0000300000
Busqueda Exponencial Paralela,5000,2147445644,0,-1,1,0.0000290871,0.0000000000,0.0000350000
Busqueda Exponencial Paralela,5000,1295390003,0,-1,1,0.0000228882,0.0000000000,0.0000270000
Busqueda Exponencial Paralela,5000,450057883,0,-1,1,0.0000231266,0.0000000000,0.0000290000
Busqueda Exponencial Paralela,5000,187645041,0,-1,1,0.0000228882,0.0000000000,0.0000290000
Busqueda Exponencial Paralela,5000,1980098116,0,-1,1,0.0000329018,0.0000000000,0.0000380000
Busqueda Exponencial Paralela,5000,152503,0,-1,1,0.0000250340,0.0000000000,0.0000310000
Busqueda Exponencial Paralela,5000,5000,0,-1,1,0.0000278950,0.0000000000,0.0000320000
Busqueda Exponencial Paralela,5000,1493283650,0,-1,1,0.0000240803,0.0000000000,0.0000290000
Busqueda Exponencial Paralela,5000,214826,0,-1,1,0.0000360012,0.0000360000,0.0000000000
Busqueda Exponencial Paralela,5000,1843349527,0,-1,1,0.0000250340,0.0000310000,0.0000000000
Busqueda Exponencial Paralela,5000,1360839354,0,-1,1,0.0000269413,0.0000290000,0.0000000000
Busqueda Exponencial Paralela,5000,2109248666,0,-1,1,0.0000240803,0.0000290000,0.0000000000
Busqueda Exponencial Paralela,5000,2147470852,0,-1,1,0.0000269413,0.0000330000,0.0000000000
Busqueda Exponencial Paralela,5000,0,0,-1,1,0.0000228882,0.0000280000,0.0000000000
Busqueda Exponencial Paralela,5000,322486,0,-1,2,0.0001170635,0.0001810000,0.0000000000
Busqueda Exponencial Paralela,5000,14700764,0,-1,2,0.0000770092,0.0001270000,0.0000000000
Busqueda Exponencial Paralela,5000,3128036,0,-1,2,0.0000441074,0.0000610000,0.0000000000
Busqueda Exponencial Paralela,5000,6337399,0,-1,2,0.0000419617,0.0000710000,0.0000000000
Busqueda Exponencial Paralela,5000,61396,0,-1,2,0.0000340939,0.0000520000,0.0000000000
Busqueda Exponencial Paralela,5000,10393545,0,-1,2,0.0000410080,0.0000560000,0.0000000000
Busqueda Exponencial Paralela,5000,2147445644,0,-1,2,0.0000400543,0.0000590000,0.0000000000
Busqueda Exponencial Paralela,5000,1295390003,0,-1,2,0.0000522137,0.0000730000,0.0000000000
Busqueda Exponencial Paralela,5000,450057883,0,-1,2,0.0000329018,0.0000520000,0.0000000000
Busqueda Exponencial Paralela,5000,187645041,0,-1,2,0.0000369549,0.0000560000,0.0000000000
Busqueda Exponencial Paralela,5000,1980098116,0,-1,2,0.0000360012,0.0000000000,0.0000500000
Busqueda Exponencial Paralela,5000,152503,0,-1,2,0.0000870228,0.0000000000,0.0001030000
Busqueda Exponencial Paralela,5000,5000,0,-1,2,0.0000901222,0.0000000000,0.0001050000
Busqueda Exponencial Paralela,5000,1493283650,0,-1,2,0.0000419617,0.0000000000,0.0000620000
Busqueda Exponencial Paralela,5000,214826,0,-1,2,0.0000729561,0.0000000000,0.0001270000
Busqueda Exponencial Paralela,5000,1843349527,0,-1,2,0.0003280640,0.0000000000,0.0000920000
Busqueda Exponencial Paralela,5000,1360839354,0,-1,2,0.0000410080,0.0000000000,0.0000650000
Busqueda Exponencial Paralela,5000,2109248666,0,-1,2,0.0000391006,0.0000000000,0.0000540000
Busqueda Exponencial Paralela,5000,2147470852,0,-1,2,0.0000419617,0.0000000000,0.0000640000
Busqueda Exponencial Paralela,5000,0,0,-1,2,0.0000429153,0.0000030000,0.0000590000
Busqueda Exponencial Paralela,5000,322486,0,-1,4,0.0001568794,0.0004140000,0.0000000000
Busqueda Exponencial Paralela,5000,14700764,0,-1,4,0.0000979900,0.0003210000,0.0000000000
Busqueda Exponencial Paralela,5000,3128036,0,-1,4,0.0001280308,0.0002310000,0.0000000000
Busqueda Exponencial Paralela,5000,6337399,0,-1,4,0.0000610352,0.0001120000,0.0000000000
Busqueda Exponencial Paralela,5000,61396,0,-1,4,0.0000698566,0.0001200000,0.0000000000
Busqueda Exponencial Paralela,5000,10393545,0,-1,4,0.0000550747,0.0001030000,0.0000000000
Busqueda Exponencial Paralela,5000,2147445644,0,-1,4,0.0000538826,0.0000960000,0.0000000000
Busqueda Exponencial Paralela,5000,1295390003,0,-1,4,0.0000641346,0.0001040000,0.0000000000
Busqueda Exponencial Paralela,5000,450057883,0,-1,4,0.0000698566,0.0001120000,0.0000000000
Busqueda Exponencial Paralela,5000,187645041,0,-1,4,0.0000641346,0.0000000000,0.0001130000
Busqueda Exponencial Paralela,5000,1980098116,0,-1,4,0.0000588894,0.0000000000,0.0001010000
Busqueda Exponencial Paralela,5000,152503,0,-1,4,0.0000658035,0.0000000000,0.0001110000
Busqueda Exponencial Paralela,5000,5000,0,-1,4,0.0000641346,0.0000000000,0.0001140000
Busqueda Exponencial Paralela,5000,1493283650,0,-1,4,0.0000720024,0.0000000000,0.0001220000
Busqueda Exponencial Paralela,5000,214826,0,-1,4,0.0000748634,0.0000000000,0.0001390000
Busqueda Exponencial Paralela,5000,1843349527,0,-1,4,0.0000829697,0.0000000000,0.0001380000
Busqueda Exponencial Paralela,5000,1360839354,0,-1,4,0.0000929832,0.0000000000,0.0001720000
Busqueda Exponencial Paralela,5000,2109248666,0,-1,4,0.0000789165,0.0000000000,0.0001400000
Busqueda Exponencial Paralela,5000,2147470852,0,-1,4,0.0000729561,0.0000000000,0.0001350000
Busqueda Exponencial Paralela,5000,0,0,-1,4,0.0000851154,0.0000000000,0.0001330000
Busqueda Exponencial Paralela,5000,322486,0,-1,8,0.0001890659,0.0003390000,0.0000000000
Busqueda Exponencial Paralela,5000,14700764,0,-1,8,0.0001540184,0.0000000000,0.0004270000
Busqueda Exponencial Paralela,5000,3128036,0,-1,8,0.0001990795,0.0000000000,0.0002970000
Busqueda Exponencial Paralela,5000,6337399,0,-1,8,0.0001480579,0.0000000000,0.0003220000
Busqueda Exponencial Paralela,5000,61396,0,-1,8,0.0001199245,0.0000000000,0.0002390000
Busqueda Exponencial Paralela,5000,10393545,0,-1,8,0.0001189709,0.0000000000,0.0002090000
Busqueda Exponencial Paralela,5000,2147445644,0,-1,8,0.0001089573,0.0000000000,0.0002050000
Busqueda Exponencial Paralela,5000,1295390003,0,-1,8,0.0001289845,0.0000000000,0.0002290000
Busqueda Exponencial Paralela,5000,450057883,0,-1,8,0.0001029968,0.0000000000,0.0001870000
Busqueda Exponencial Paralela,5000,187645041,0,-1,8,0.0001189709,0.0000000000,0.0002180000
Busqueda Exponencial Paralela,5000,1980098116,0,-1,8,0.0001199245,0.0000000000,0.0002190000
Busqueda Exponencial Paralela,5000,152503,0,-1,8,0.0001478195,0.0000980000,0.0001750000
Busqueda Exponencial Paralela,5000,5000,0,-1,8,0.0001080036,0.0000810000,0.0001190000
Busqueda Exponencial Paralela,5000,1493283650,0,-1,8,0.0001029968,0.0000780000,0.0001140000
Busqueda Exponencial Paralela,5000,214826,0,-1,8,0.0001189709,0.0000840000,0.0001240000
Busqueda Exponencial Paralela,5000,1843349527,0,-1,8,0.0001170635,0.0000000000,0.0002040000
Busqueda Exponencial Paralela,5000,1360839354,0,-1,8,0.0001070499,0.0000000000,0.0001940000
Busqueda Exponencial Paralela,5000,2109248666,0,-1,8,0.0001230240,0.0000000000,0.0002240000
Busqueda Exponencial Paralela,5000,2147470852,0,-1,8,0.0001099110,0.0000000000,0.0002100000
Busqueda Exponencial Paralela,5000,0,0,-1,8,0.0001239777,0.0000000000,0.0002290000
Busqueda Exponencial Paralela,10000,322486,0,-1,1,0.0001189709,0.0000830000,0.0000420000
Busqueda Exponencial Paralela,10000,14700764,0,-1,1,0.0000388622,0.0000290000,0.0000140000
Busqueda Exponencial Paralela,10000,3128036,0,-1,1,0.0000288486,0.0000230000,0.0000120000
Busqueda Exponencial Paralela,10000,6337399,0,-1,1,0.0000338554,0.0000000000,0.0000420000
Busqueda Exponencial Paralela,10000,61396,0,-1,1,0.0000479221,0.0000000000,0.0000540000
Busqueda Exponencial Paralela,10000,10393545,0,-1,1,0.0000679493,0.0000000000,0.0000750000
Busqueda Exponencial Paralela,10000,2147445644,0,-1,1,0.0000240803,0.0000000000,0.0000290000
Busqueda Exponencial Paralela,10000,1295390003,0,-1,1,0.0000240803,0.0000000000,0.0000300000
Busqueda Exponencial Paralela,10000,450057883,0,-1,1,0.0000240803,0.0000000000,0.0000290000
Busqueda Exponencial Paralela,10000,187645041,0,-1,1,0.0000431538,0.0000000000,0.0000480000
Busqueda Exponencial Paralela,10000,1980098116,0,-1,1,0.0000610352,0.0000000000,0.0000860000
Busqueda Exponencial Paralela,10000,152503,0,-1,1,0.0000240803,0.0000000000,0.0000290000
Busqueda Exponencial Paralela,10000,5000,0,-1,1,0.0000240803,0.0000000000,0.0000300000
Busqueda Exponencial Paralela,10000,1493283650,0,-1,1,0.0000259876,0.0000000000,0.0000330000
Busqueda Exponencial Paralela,10000,214826,0,-1,1,0.0000240803,0.0000000000,0.0000290000
Busqueda Exponencial Paralela,10000,1843349527,0,-1,1,0.0000240803,0.0000000000,0.0000300000
Busqueda Exponencial Paralela,10000,1360839354,0,-1,1,0.0000240803,0.0000000000,0.0000310000
Busqueda Exponencial Paralela,10000,2109248666,0,-1,1,0.0000319481,0.0000000000,0.0000330000
Busqueda Exponencial Paralela,10000,2147470852,0,-1,1,0.0000259876,0.0000000000,0.0000320000
Busqueda Exponencial Paralela,10000,0,0,-1,1,0.0000247955,0.0000000000,0.0000300000
Busqueda Exponencial Paralela,10000,322486,0,-1,2,0.0001311302,0.0002030000,0.0000000000
Busqueda Exponencial Paralela,10000,14700764,0,-1,2,0.0001120567,0.0000000000,0.0001660000
Busqueda Exponencial Paralela,10000,3128036,0,-1,2,0.0001041889,0.0000000000,0.0001580000
Busqueda Exponencial Paralela,10000,6337399,0,-1,2,0.0000581741,0.0000000000,0.0000870000
Busqueda Exponencial Paralela,10000,61396,0,-1,2,0.0000500679,0.0000000000,0.0000750000
Busqueda Exponencial Paralela,10000,10393545,0,-1,2,0.0000450611,0.0000000000,0.0000640000
Busqueda Exponencial Paralela,10000,2147445644,0,-1,2,0.0000579357,0.0000000000,0.0000810000
Busqueda Exponencial Paralela,10000,1295390003,0,-1,2,0.0000350475,0.0000000000,0.0000530000
Busqueda Exponencial Paralela,10000,450057883,0,-1,2,0.0000391006,0.0000000000,0.0000570000
Busqueda Exponencial Paralela,10000,187645041,0,-1,2,0.0000340939,0.0000000000,0.0000520000
Busqueda Exponencial Paralela,10000,1980098116,0,-1,2,0.0000410080,0.0000000000,0.0000570000
Busqueda Exponencial Paralela,10000,152503,0,-1,2,0.0000379086,0.0000000000,0.0000600000
Busqueda Exponencial Paralela,10000,5000,0,-1,2,0.0000379086,0.0000000000,0.0000560000
Busqueda Exponencial Paralela,10000,1493283650,0,-1,2,0.0000481606,0.0000000000,0.0000670000
Busqueda Exponencial Paralela,10000,214826,0,-1,2,0.0000360012,0.0000000000,0.0000550000
Busqueda Exponencial Paralela,10000,1843349527,0,-1,2,0.0000379086,0.0000000000,0.0000540000
Busqueda Exponencial Paralela,10000,1360839354,0,-1,2,0.0000460148,0.0000610000,0.0000000000
Busqueda Exponencial Paralela,10000,2109248666,0,-1,2,0.0000379086,0.0000550000,0.0000000000
Busqueda Exponencial Paralela,10000,2147470852,0,-1,2,0.0000338554,0.0000510000,0.0000000000
Busqueda Exponencial Paralela,10000,0,0,-1,2,0.0000400543,0.0000550000,0.0000000000
Busqueda Exponencial Paralela,10000,322486,0,-1,4,0.0001430511,0.0002590000,0.0000000000
Busqueda Exponencial Paralela,10000,14700764,0,-1,4,0.0000820160,0.0001350000,0.0000000000
Busqueda Exponencial Paralela,10000,3128036,0,-1,4,0.0000848770,0.0001440000,0.0000000000
Busqueda Exponencial Paralela,10000,6337399,0,-1,4,0.0000967979,0.0000000000,0.0001340000
Busqueda Exponencial Paralela,10000,61396,0,-1,4,0.0001428127,0.0000000000,0.0001480000
Busqueda Exponencial Paralela,10000,10393545,0,-1,4,0.0001380444,0.0000000000,0.0001410000
Busqueda Exponencial Paralela,10000,2147445644,0,-1,4,0.0001080036,0.0000000000,0.0001720000
Busqueda Exponencial Paralela,10000,1295390003,0,-1,4,0.0000739098,0.0000000000,0.0001280000
Busqueda Exponencial Paralela,10000,450057883,0,-1,4,0.0000660419,0.0000000000,0.0001180000
Busqueda Exponencial Paralela,10000,187645041,0,-1,4,0.0000789165,0.0000000000,0.0001260000
Busqueda Exponencial Paralela,10000,1980098116,0,-1,4,0.0000679493,0.0000000000,0.0001230000
Busqueda Exponencial Paralela,10000,152503,0,-1,4,0.0000650883,0.0000450000,0.0000650000
Busqueda Exponencial Paralela,10000,5000,0,-1,4,0.0001008511,0.0000000000,0.0001270000
Busqueda Exponencial Paralela,10000,1493283650,0,-1,4,0.0000770092,0.0000000000,0.0001350000
Busqueda Exponencial Paralela,10000,214826,0,-1,4,0.0000770092,0.0000000000,0.0001340000
Busqueda Exponencial Paralela,10000,1843349527,0,-1,4,0.0001211166,0.0000000000,0.0001530000
Busqueda Exponencial Paralela,10000,1360839354,0,-1,4,0.0000729561,0.0000840000,0.0000420000
Busqueda Exponencial Paralela,10000,2109248666,0,-1,4,0.0000839233,0.0000920000,0.0000470000
Busqueda Exponencial Paralela,10000,2147470852,0,-1,4,0.0000798702,0.0001030000,0.0000510000
Busqueda Exponencial Paralela,10000,0,0,-1,4,0.0011320114,0.0001270000,0.0000630000
Busqueda Exponencial Paralela,10000,322486,0,-1,8,0.0003981590,0.0000000000,0.0005020000
Busqueda Exponencial Paralela,10000,14700764,0,-1,8,0.0002050400,0.0000000000,0.0003740000
Busqueda Exponencial Paralela,10000,3128036,0,-1,8,0.0001320839,0.0000000000,0.0002730000
Busqueda Exponencial Paralela,10000,6337399,0,-1,8,0.0001270771,0.0000000000,0.0002460000
Busqueda Exponencial Paralela,10000,61396,0,-1,8,0.0001261234,0.0000000000,0.0002410000
Busqueda Exponencial Paralela,10000,10393545,0,-1,8,0.0001189709,0.0000000000,0.0002370000
Busqueda Exponencial Paralela,10000,2147445644,0,-1,8,0.0001671314,0.0000000000,0.0002150000
Busqueda Exponencial Paralela,10000,1295390003,0,-1,8,0.0001678467,0.0000090000,0.0003450000
Busqueda Exponencial Paralela,10000,450057883,0,-1,8,0.0001299381,0.0001230000,0.0001230000
Busqueda Exponencial Paralela,10000,187645041,0,-1,8,0.0001139641,0.0001050000,0.0001060000
Busqueda Exponencial Paralela,10000,1980098116,0,-1,8,0.0001077652,0.0001020000,0.0001010000
Busqueda Exponencial Paralela,10000,152503,0,-1,8,0.0001370907,0.0001150000,0.0001150000
Busqueda Exponencial Paralela,10000,5000,0,-1,8,0.0001170635,0.0001110000,0.0001110000
Busqueda Exponencial Paralela,10000,1493283650,0,-1,8,0.0001568794,0.0000000000,0.0002970000
Busqueda Exponencial Paralela,10000,214826,0,-1,8,0.0001230240,0.0000000000,0.0002380000
Busqueda Exponencial Paralela,10000,1843349527,0,-1,8,0.0001270771,0.0000000000,0.0002370000
Busqueda Exponencial Paralela,10000,1360839354,0,-1,8,0.0001220703,0.0000000000,0.0002290000
Busqueda Exponencial Paralela,10000,2109248666,0,-1,8,0.0001349449,0.0001050000,0.0001400000
Busqueda Exponencial Paralela,10000,2147470852,0,-1,8,0.0001580715,0.0001140000,0.0001530000
Busqueda Exponencial Paralela,10000,0,0,-1,8,0.0001220703,0.0000000000,0.0002220000
Busqueda Exponencial Paralela,50000,322486,0,-1,1,0.0001370907,0.0001680000,0.0000000000
Busqueda Exponencial Paralela,50000,14700764,0,-1,1,0.0000400543,0.0000440000,0.0000000000
Busqueda Exponencial Paralela,50000,3128036,0,-1,1,0.0000889301,0.0001150000,0.0000000000
Busqueda Exponencial Paralela,50000,6337399,0,-1,1,0.0000481606,0.0000480000,0.0000000000
Busqueda Exponencial Paralela,50000,61396,0,-1,1,0.0000329018,0.0000410000,0.0000000000
Busqueda Exponencial Paralela,50000,10393545,0,-1,1,0.0000500679,0.0000000000,0.0000540000
Busqueda Exponencial Paralela,50000,2147445644,0,-1,1,0.0000820160,0.0000000000,0.0000890000
Busqueda Exponencial Paralela,50000,1295390003,0,-1,1,0.0000860691,0.0000000000,0.0000950000
Busqueda Exponencial Paralela,50000,450057883,0,-1,1,0.0000839233,0.0000000000,0.0000920000
Busqueda Exponencial Paralela,50000,187645041,0,-1,1,0.0000839233,0.0000000000,0.0000920000
Busqueda Exponencial Paralela,50000,1980098116,0,-1,1,0.0000309944,0.0000000000,0.0000370000
Busqueda Exponencial Paralela,50000,152503,0,-1,1,0.0000288486,0.0000000000,0.0000360000
Busqueda Exponencial Paralela,50000,5000,0,-1,1,0.0000278950,0.0000000000,0.0000340000
Busqueda Exponencial Paralela,50000,1493283650,0,-1,1,0.0000429153,0.0000000000,0.0000490000
Busqueda Exponencial Paralela,50000,214826,0,-1,1,0.0000340939,0.0000000000,0.0000420000
Busqueda Exponencial Paralela,50000,1843349527,0,-1,1,0.0000309944,0.0000000000,0.0000390000
Busqueda Exponencial Paralela,50000,1360839354,0,-1,1,0.0000319481,0.0000000000,0.0000390000
Busqueda Exponencial Paralela,50000,2109248666,0,-1,1,0.0000300407,0.0000000000,0.0000370000
Busqueda Exponencial Paralela,50000,2147470852,0,-1,1,0.0000269413,0.0000000000,0.0000320000
Busqueda Exponencial Paralela,50000,0,0,-1,1,0.0000319481,0.0000100000,0.0000260000
Busqueda Exponencial Paralela,50000,322486,0,-1,2,0.0001130104,0.0001830000,0.0000000000
Busqueda Exponencial Paralela,50000,14700764,0,-1,2,0.0001020432,0.0001620000,0.0000000000
Busqueda Exponencial Paralela,50000,3128036,0,-1,2,0.0000529289,0.0000740000,0.0000000000
Busqueda Exponencial Paralela,50000,6337399,0,-1,2,0.0000760555,0.0000950000,0.0000000000
Busqueda Exponencial Paralela,50000,61396,0,-1,2,0.0000731945,0.0001360000,0.0000000000
Busqueda Exponencial Paralela,50000,10393545,0,-1,2,0.0001330376,0.0002000000,0.0000000000
Busqueda Exponencial Paralela,50000,2147445644,0,-1,2,0.0000510216,0.0000670000,0.0000000000
Busqueda Exponencial Paralela,50000,1295390003,0,-1,2,0.0000441074,0.0000620000,0.0000000000
Busqueda Exponencial Paralela,50000,450057883,0,-1,2,0.0000431538,0.0000640000,0.0000000000
Busqueda Exponencial Paralela,50000,187645041,0,-1,2,0.0000531673,0.0000000000,0.0000660000
Busqueda Exponencial Paralela,50000,1980098116,0,-1,2,0.0000939369,0.0000000000,0.0001480000
Busqueda Exponencial Paralela,50000,152503,0,-1,2,0.0000369549,0.0000000000,0.0000560000
Busqueda Exponencial Paralela,50000,5000,0,-1,2,0.0000360012,0.0000000000,0.0000530000
Busqueda Exponencial Paralela,50000,1493283650,0,-1,2,0.0000338554,0.0000000000,0.0000530000
Busqueda Exponencial Paralela,50000,214826,0,-1,2,0.0000309944,0.0000000000,0.0000490000
Busqueda Exponencial Paralela,50000,1843349527,0,-1,2,0.0000331402,0.0000000000,0.0000510000
Busqueda Exponencial Paralela,50000,1360839354,0,-1,2,0.0000338554,0.0000000000,0.0000510000
Busqueda Exponencial Paralela,50000,2109248666,0,-1,2,0.0000329018,0.0000000000,0.0000500000
Busqueda Exponencial Paralela,50000,2147470852,0,-1,2,0.0000331402,0.0000000000,0.0000500000
Busqueda Exponencial Paralela,50000,0,0,-1,2,0.0000319481,0.0000000000,0.0000490000
Busqueda Exponencial Paralela,50000,322486,0,-1,4,0.0002000332,0.0000000000,0.0003710000
Busqueda Exponencial Paralela,50000,14700764,0,-1,4,0.0001578331,0.0000000000,0.0004170000
Busqueda Exponencial Paralela,50000,3128036,0,-1,4,0.0001192093,0.0000000000,0.0002260000
Busqueda Exponencial Paralela,50000,6337399,0,-1,4,0.0000948906,0.0000000000,0.0002220000
Busqueda Exponencial Paralela,50000,61396,0,-1,4,0.0000779629,0.0000000000,0.0001420000
Busqueda Exponencial Paralela,50000,10393545,0,-1,4,0.0001878738,0.0000000000,0.0001220000
Busqueda Exponencial Paralela,50000,2147445644,0,-1,4,0.0000600815,0.0000750000,0.0000270000
Busqueda Exponencial Paralela,50000,1295390003,0,-1,4,0.0000550747,0.0000720000,0.0000260000
Busqueda Exponencial Paralela,50000,450057883,0,-1,4,0.0000710487,0.0001200000,0.0000000000
Busqueda Exponencial Paralela,50000,187645041,0,-1,4,0.0000519753,0.0000950000,0.0000000000
Busqueda Exponencial Paralela,50000,1980098116,0,-1,4,0.0000548363,0.0000960000,0.0000000000
Busqueda Exponencial Paralela,50000,152503,0,-1,4,0.0000610352,0.0001140000,0.0000000000
Busqueda Exponencial Paralela,50000,5000,0,-1,4,0.0000541210,0.0000980000,0.0000000000
Busqueda Exponencial Paralela,50000,1493283650,0,-1,4,0.0000550747,0.0001000000,0.0000000000
Busqueda Exponencial Paralela,50000,214826,0,-1,4,0.0000519753,0.0000930000,0.0000000000
Busqueda Exponencial Paralela,50000,1843349527,0,-1,4,0.0000538826,0.0000950000,0.0000000000
Busqueda Exponencial Paralela,50000,1360839354,0,-1,4,0.0000610352,0.0000940000,0.0000210000
Busqueda Exponencial Paralela,50000,2109248666,0,-1,4,0.0000548363,0.0000730000,0.0000240000
Busqueda Exponencial Paralela,50000,2147470852,0,-1,4,0.0000529289,0.0000710000,0.0000230000
Busqueda Exponencial Paralela,50000,0,0,-1,4,0.0000619888,0.0000840000,0.0000280000
Busqueda Exponencial Paralela,50000,322486,0,-1,8,0.0003719330,0.0000000000,0.0008520000
Busqueda Exponencial Paralela,50000,14700764,0,-1,8,0.0001621246,0.0000000000,0.0003690000
Busqueda Exponencial Paralela,50000,3128036,0,-1,8,0.0001881123,0.0000000000,0.0004200000
Busqueda Exponencial Paralela,50000,6337399,0,-1,8,0.0001370907,0.0000000000,0.0002570000
Busqueda Exponencial Paralela,50000,61396,0,-1,8,0.0001080036,0.0001100000,0.0000970000
Busqueda Exponencial Paralela,50000,10393545,0,-1,8,0.0001230240,0.0000000000,0.0002410000
Busqueda Exponencial Paralela,50000,2147445644,0,-1,8,0.0001180172,0.0000000000,0.0002150000
Busqueda Exponencial Paralela,50000,1295390003,0,-1,8,0.0001149178,0.0000000000,0.0002210000
Busqueda Exponencial Paralela,50000,450057883,0,-1,8,0.0001268387,0.0000000000,0.0002540000
Busqueda Exponencial Paralela,50000,187645041,0,-1,8,0.0001199245,0.0001220000,0.0001110000
Busqueda Exponencial Paralela,50000,1980098116,0,-1,8,0.0001242161,0.0001770000,0.0000480000
Busqueda Exponencial Paralela,50000,152503,0,-1,8,0.0001249313,0.0001850000,0.0000500000
Busqueda Exponencial Paralela,50000,5000,0,-1,8,0.0001227856,0.0000000000,0.0002280000
Busqueda Exponencial Paralela,50000,1493283650,0,-1,8,0.0001778603,0.0000000000,0.0003320000
Busqueda Exponencial Paralela,50000,214826,0,-1,8,0.0001652241,0.0001140000,0.0001880000
Busqueda Exponencial Paralela,50000,1843349527,0,-1,8,0.0001070499,0.0001510000,0.0000500000
Busqueda Exponencial Paralela,50000,1360839354,0,-1,8,0.0001339912,0.0001920000,0.0000630000
Busqueda Exponencial Paralela,50000,2109248666,0,-1,8,0.0001499653,0.0002200000,0.0000730000
Busqueda Exponencial Paralela,50000,2147470852,0,-1,8,0.0000998974,0.0001470000,0.0000480000
Busqueda Exponencial Paralela,50000,0,0,-1,8,0.0001020432,0.0000000000,0.0001920000
Busqueda Exponencial Paralela,100000,322486,0,-1,1,0.0001380444,0.0001440000,0.0000000000
Busqueda Exponencial Paralela,100000,14700764,0,-1,1,0.0001180172,0.0000900000,0.0000000000
Busqueda Exponencial Paralela,100000,3128036,0,-1,1,0.0000939369,0.0000510000,0.0000000000
Busqueda Exponencial Paralela,100000,6337399,0,-1,1,0.0001370907,0.0001040000,0.0000000000
Busqueda Exponencial Paralela,100000,61396,0,-1,1,0.0000379086,0.0000420000,0.0000000000
Busqueda Exponencial Paralela,100000,10393545,0,-1,1,0.0000851154,0.0000890000,0.0000000000
Busqueda Exponencial Paralela,100000,2147445644,0,-1,1,0.0000271797,0.0000300000,0.0000000000
Busqueda Exponencial Paralela,100000,1295390003,0,-1,1,0.0000600815,0.0000640000,0.0000000000
Busqueda Exponencial Paralela,100000,450057883,0,-1,1,0.0000259876,0.0000280000,0.0000000000
Busqueda Exponencial Paralela,100000,187645041,0,-1,1,0.0000660419,0.0000690000,0.0000000000
Busqueda Exponencial Paralela,100000,1980098116,0,-1,1,0.0000259876,0.0000310000,0.0000000000
Busqueda Exponencial Paralela,100000,152503,0,-1,1,0.0000278950,0.0000350000,0.0000000000
Busqueda Exponencial Paralela,100000,5000,0,-1,1,0.0000240803,0.0000270000,0.0000000000
Busqueda Exponencial Paralela,100000,1493283650,0,-1,1,0.0000600815,0.0000620000,0.0000000000
Busqueda Exponencial Paralela,100000,214826,0,-1,1,0.0000250340,0.0000280000,0.0000000000
Busqueda Exponencial Paralela,100000,1843349527,0,-1,1,0.0000250340,0.0000290000,0.0000000000
Busqueda Exponencial Paralela,100000,1360839354,0,-1,1,0.0000247955,0.0000280000,0.0000000000
Busqueda Exponencial Paralela,100000,2109248666,0,-1,1,0.0000259876,0.0000320000,0.0000000000
Busqueda Exponencial Paralela,100000,2147470852,0,-1,1,0.0000247955,0.0000280000,0.0000000000
Busqueda Exponencial Paralela,100000,0,0,-1,1,0.0000259876,0.0000290000,0.0000000000
Busqueda Exponencial Paralela,100000,322486,0,-1,2,0.0001430511,0.0002410000,0.0000000000
Busqueda Exponencial Paralela,100000,14700764,0,-1,2,0.0000860691,0.0001390000,0.0000060000
Busqueda Exponencial Paralela,100000,3128036,0,-1,2,0.0000760555,0.0000970000,0.0000050000
Busqueda Exponencial Paralela,100000,6337399,0,-1,2,0.0000681877,0.0000870000,0.0000040000
Busqueda Exponencial Paralela,100000,61396,0,-1,2,0.0000429153,0.0000610000,0.0000030000
Busqueda Exponencial Paralela,100000,10393545,0,-1,2,0.0000469685,0.0000640000,0.0000030000
Busqueda Exponencial Paralela,100000,2147445644,0,-1,2,0.0000460148,0.0000610000,0.0000030000
Busqueda Exponencial Paralela,100000,1295390003,0,-1,2,0.0000481606,0.0000000000,0.0000690000
Busqueda Exponencial Paralela,100000,450057883,0,-1,2,0.0000479221,0.0000000000,0.0000720000
Busqueda Exponencial Paralela,100000,187645041,0,-1,2,0.0000388622,0.0000000000,0.0000600000
Busqueda Exponencial Paralela,100000,1980098116,0,-1,2,0.0000340939,0.0000000000,0.0000530000
Busqueda Exponencial Paralela,100000,152503,0,-1,2,0.0000500679,0.0000000000,0.0000660000
Busqueda Exponencial Paralela,100000,5000,0,-1,2,0.0000369549,0.0000000000,0.0000540000
Busqueda Exponencial Paralela,100000,1493283650,0,-1,2,0.0000400543,0.0000000000,0.0000570000
Busqueda Exponencial Paralela,100000,214826,0,-1,2,0.0000388622,0.0000000000,0.0000580000
Busqueda Exponencial Paralela,100000,1843349527,0,-1,2,0.0000391006,0.0000000000,0.0000570000
Busqueda Exponencial Paralela,100000,1360839354,0,-1,2,0.0000379086,0.0000000000,0.0000580000
Busqueda Exponencial Paralela,100000,2109248666,0,-1,2,0.0000381470,0.0000000000,0.0000580000
Busqueda Exponencial Paralela,100000,2147470852,0,-1,2,0.0000369549,0.0000000000,0.0000590000
Busqueda Exponencial Paralela,100000,0,0,-1,2,0.0000369549,0.0000000000,0.0000570000
Busqueda Exponencial Paralela,100000,322486,0,-1,4,0.0001749992,0.0003280000,0.0000290000
Busqueda Exponencial Paralela,100000,14700764,0,-1,4,0.0000720024,0.0001400000,0.0000120000
Busqueda Exponencial Paralela,100000,3128036,0,-1,4,0.0000572205,0.0000910000,0.0000080000
Busqueda Exponencial Paralela,100000,6337399,0,-1,4,0.0000851154,0.0000000000,0.0002180000
Busqueda Exponencial Paralela,100000,61396,0,-1,4,0.0001280308,0.0000000000,0.0001580000
Busqueda Exponencial Paralela,100000,10393545,0,-1,4,0.0000600815,0.0000000000,0.0001120000
Busqueda Exponencial Paralela,100000,2147445644,0,-1,4,0.0001308918,0.0000000000,0.0001410000
Busqueda Exponencial Paralela,100000,1295390003,0,-1,4,0.0000779629,0.0000000000,0.0001320000
Busqueda Exponencial Paralela,100000,450057883,0,-1,4,0.0000538826,0.0000000000,0.0000980000
Busqueda Exponencial Paralela,100000,187645041,0,-1,4,0.0000588894,0.0000440000,0.0000580000
Busqueda Exponencial Paralela,100000,1980098116,0,-1,4,0.0000560284,0.0000880000,0.0000120000
Busqueda Exponencial Paralela,100000,152503,0,-1,4,0.0000541210,0.0000850000,0.0000120000
Busqueda Exponencial Paralela,100000,5000,0,-1,4,0.0000569820,0.0000880000,0.0000120000
Busqueda Exponencial Paralela,100000,1493283650,0,-1,4,0.0000541210,0.0000850000,0.0000110000
Busqueda Exponencial Paralela,100000,214826,0,-1,4,0.0000607967,0.0000000000,0.0001000000
Busqueda Exponencial Paralela,100000,1843349527,0,-1,4,0.0000550747,0.0000000000,0.0001000000
Busqueda Exponencial Paralela,100000,1360839354,0,-1,4,0.0000500679,0.0000000000,0.0000910000
Busqueda Exponencial Paralela,100000,2109248666,0,-1,4,0.0000641346,0.0000000000,0.0001040000
Busqueda Exponencial Paralela,100000,2147470852,0,-1,4,0.0000498295,0.0000000000,0.0000920000
Busqueda Exponencial Paralela,100000,0,0,-1,4,0.0000510216,0.0000000000,0.0000920000
Busqueda Exponencial Paralela,100000,322486,0,-1,8,0.0002830029,0.0000000000,0.0006250000
Busqueda Exponencial Paralela,100000,14700764,0,-1,8,0.0001239777,0.0000610000,0.0003540000
Busqueda Exponencial Paralela,100000,3128036,0,-1,8,0.0001549721,0.0003380000,0.0000150000
Busqueda Exponencial Paralela,100000,6337399,0,-1,8,0.0001080036,0.0003430000,0.0000150000
Busqueda Exponencial Paralela,100000,61396,0,-1,8,0.0000951290,0.0001840000,0.0000080000
Busqueda Exponencial Paralela,100000,10393545,0,-1,8,0.0001029968,0.0001920000,0.0000090000
Busqueda Exponencial Paralela,100000,2147445644,0,-1,8,0.0001039505,0.0000000000,0.0001910000
Busqueda Exponencial Paralela,100000,1295390003,0,-1,8,0.0000960827,0.0000000000,0.0001800000
Busqueda Exponencial Paralela,100000,450057883,0,-1,8,0.0001058578,0.0000000000,0.0001950000
Busqueda Exponencial Paralela,100000,187645041,0,-1,8,0.0000939369,0.0000000000,0.0001820000
Busqueda Exponencial Paralela,100000,1980098116,0,-1,8,0.0000970364,0.0000000000,0.0001900000
Busqueda Exponencial Paralela,100000,152503,0,-1,8,0.0001120567,0.0000000000,0.0002140000
Busqueda Exponencial Paralela,100000,5000,0,-1,8,0.0001192093,0.0000000000,0.0002210000
Busqueda Exponencial Paralela,100000,1493283650,0,-1,8,0.0001251698,0.0000000000,0.0002460000
Busqueda Exponencial Paralela,100000,214826,0,-1,8,0.0001270771,0.0000000000,0.0002170000
Busqueda Exponencial Paralela,100000,1843349527,0,-1,8,0.0001380444,0.0000000000,0.0002390000
Busqueda Exponencial Paralela,100000,1360839354,0,-1,8,0.0001308918,0.0000000000,0.0002510000
Busqueda Exponencial Paralela,100000,2109248666,0,-1,8,0.0001349449,0.0000000000,0.0002570000
Busqueda Exponencial Paralela,100000,2147470852,0,-1,8,0.0001549721,0.0000000000,0.0002570000
Busqueda Exponencial Paralela,100000,0,0,-1,8,0.0001149178,0.0000590000,0.0001610000
Busqueda Exponencial Paralela,500000,322486,0,-1,1,0.0001549721,0.0001340000,0.0000010000
Busqueda Exponencial Paralela,500000,14700764,0,-1,1,0.0000860691,0.0000930000,0.0000010000
Busqueda Exponencial Paralela,500000,3128036,0,-1,1,0.0001308918,0.0001080000,0.0000010000
Busqueda Exponencial Paralela,500000,6337399,0,-1,1,0.0001389980,0.0000940000,0.0000010000
Busqueda Exponencial Paralela,500000,61396,0,-1,1,0.0000832081,0.0000870000,0.0000010000
Busqueda Exponencial Paralela,500000,10393545,0,-1,1,0.0000379086,0.0000460000,0.0000010000
Busqueda Exponencial Paralela,500000,2147445644,0,-1,1,0.0001010895,0.0001050000,0.0000010000
Busqueda Exponencial Paralela,500000,1295390003,0,-1,1,0.0000739098,0.0000820000,0.0000000000
Busqueda Exponencial Paralela,500000,450057883,0,-1,1,0.0000329018,0.0000400000,0.0000000000
Busqueda Exponencial Paralela,500000,187645041,0,-1,1,0.0000319481,0.0000380000,0.0000010000
Busqueda Exponencial Paralela,500000,1980098116,0,-1,1,0.0000288486,0.0000350000,0.0000000000
Busqueda Exponencial Paralela,500000,152503,0,-1,1,0.0000469685,0.0000000000,0.0000490000
Busqueda Exponencial Paralela,500000,5000,0,-1,1,0.0000629425,0.0000000000,0.0000480000
Busqueda Exponencial Paralela,500000,1493283650,0,-1,1,0.0000369549,0.0000000000,0.0000450000
Busqueda Exponencial Paralela,500000,214826,0,-1,1,0.0000300407,0.0000000000,0.0000340000
Busqueda Exponencial Paralela,500000,1843349527,0,-1,1,0.0000309944,0.0000000000,0.0000390000
Busqueda Exponencial Paralela,500000,1360839354,0,-1,1,0.0000300407,0.0000000000,0.0000370000
Busqueda Exponencial Paralela,500000,2109248666,0,-1,1,0.0000710487,0.0000000000,0.0000790000
Busqueda Exponencial Paralela,500000,2147470852,0,-1,1,0.0000410080,0.0000000000,0.0000480000
Busqueda Exponencial Paralela,500000,0,0,-1,1,0.0000381470,0.0000000000,0.0000440000
Busqueda Exponencial Paralela,500000,322486,0,-1,2,0.0001230240,0.0002030000,0.0000000000
Busqueda Exponencial Paralela,500000,14700764,0,-1,2,0.0000891685,0.0001510000,0.0000000000
Busqueda Exponencial Paralela,500000,3128036,0,-1,2,0.0000710487,0.0000000000,0.0001080000
Busqueda Exponencial Paralela,500000,6337399,0,-1,2,0.0001249313,0.0000000000,0.0002060000
Busqueda Exponencial Paralela,500000,61396,0,-1,2,0.0001149178,0.0000000000,0.0002170000
Busqueda Exponencial Paralela,500000,10393545,0,-1,2,0.0001380444,0.0000000000,0.0002750000
Busqueda Exponencial Paralela,500000,2147445644,0,-1,2,0.0000829697,0.0000000000,0.0001500000
Busqueda Exponencial Paralela,500000,1295390003,0,-1,2,0.0000948906,0.0000000000,0.0001640000
Busqueda Exponencial Paralela,500000,450057883,0,-1,2,0.0000882149,0.0000000000,0.0001510000
Busqueda Exponencial Paralela,500000,187645041,0,-1,2,0.0000438690,0.0000000000,0.0000650000
Busqueda Exponencial Paralela,500000,1980098116,0,-1,2,0.0000450611,0.0000000000,0.0000600000
Busqueda Exponencial Paralela,500000,152503,0,-1,2,0.0000410080,0.0000000000,0.0000610000
Busqueda Exponencial Paralela,500000,5000,0,-1,2,0.0000510216,0.0000000000,0.0000670000
Busqueda Exponencial Paralela,500000,1493283650,0,-1,2,0.0000500679,0.0000000000,0.0000690000
Busqueda Exponencial Paralela,500000,214826,0,-1,2,0.0000410080,0.0000000000,0.0000610000
Busqueda Exponencial Paralela,500000,1843349527,0,-1,2,0.0000410080,0.0000000000,0.0000590000
Busqueda Exponencial Paralela,500000,1360839354,0,-1,2,0.0000391006,0.0000000000,0.0000570000
Busqueda Exponencial Paralela,500000,2109248666,0,-1,2,0.0000441074,0.0000000000,0.0000620000
Busqueda Exponencial Paralela,500000,2147470852,0,-1,2,0.0000391006,0.0000000000,0.0000560000
Busqueda Exponencial Paralela,500000,0,0,-1,2,0.0000419617,0.0000000000,0.0000580000
Busqueda Exponencial Paralela,500000,322486,0,-1,4,0.0001490116,0.0000000000,0.0003250000
Busqueda Exponencial Paralela,500000,14700764,0,-1,4,0.0001070499,0.0000000000,0.0003030000
Busqueda Exponencial Paralela,500000,3128036,0,-1,4,0.0000989437,0.0000000000,0.0002140000
Busqueda Exponencial Paralela,500000,6337399,0,-1,4,0.0000782013,0.0000000000,0.0002390000
Busqueda Exponencial Paralela,500000,61396,0,-1,4,0.0001420975,0.0000000000,0.0002930000
Busqueda Exponencial Paralela,500000,10393545,0,-1,4,0.0000920296,0.0000000000,0.0001900000
Busqueda Exponencial Paralela,500000,2147445644,0,-1,4,0.0000610352,0.0000000000,0.0001110000
Busqueda Exponencial Paralela,500000,1295390003,0,-1,4,0.0000610352,0.0000000000,0.0001090000
Busqueda Exponencial Paralela,500000,450057883,0,-1,4,0.0000751019,0.0000000000,0.0001230000
Busqueda Exponencial Paralela,500000,187645041,0,-1,4,0.0000710487,0.0000000000,0.0001200000
Busqueda Exponencial Paralela,500000,1980098116,0,-1,4,0.0000729561,0.0000000000,0.0001360000
Busqueda Exponencial Paralela,500000,152503,0,-1,4,0.0000929832,0.0000000000,0.0001870000
Busqueda Exponencial Paralela,500000,5000,0,-1,4,0.0001380444,0.0000000000,0.0002180000
Busqueda Exponencial Paralela,500000,1493283650,0,-1,4,0.0000801086,0.0000000000,0.0001670000
Busqueda Exponencial Paralela,500000,214826,0,-1,4,0.0000550747,0.0000000000,0.0000970000
Busqueda Exponencial Paralela,500000,1843349527,0,-1,4,0.0000581741,0.0000000000,0.0000990000
Busqueda Exponencial Paralela,500000,1360839354,0,-1,4,0.0000569820,0.0000000000,0.0000960000
Busqueda Exponencial Paralela,500000,2109248666,0,-1,4,0.0000550747,0.0000000000,0.0000920000
Busqueda Exponencial Paralela,500000,2147470852,0,-1,4,0.0000581741,0.0000000000,0.0000950000
Busqueda Exponencial Paralela,500000,0,0,-1,4,0.0000538826,0.0000000000,0.0000930000
Busqueda Exponencial Paralela,500000,322486,0,-1,8,0.0002448559,0.0006310000,0.0000000000
Busqueda Exponencial Paralela,500000,14700764,0,-1,8,0.0002279282,0.0000000000,0.0006310000
Busqueda Exponencial Paralela,500000,3128036,0,-1,8,0.0001449585,0.0000000000,0.0003010000
Busqueda Exponencial Paralela,500000,6337399,0,-1,8,0.0001089573,0.0001840000,0.0000200000
Busqueda Exponencial Paralela,500000,61396,0,-1,8,0.0001080036,0.0002130000,0.0000060000
Busqueda Exponencial Paralela,500000,10393545,0,-1,8,0.0001111031,0.0001980000,0.0000050000
Busqueda Exponencial Paralela,500000,2147445644,0,-1,8,0.0001130104,0.0002000000,0.0000050000
Busqueda Exponencial Paralela,500000,1295390003,0,-1,8,0.0000970364,0.0001760000,0.0000040000
Busqueda Exponencial Paralela,500000,450057883,0,-1,8,0.0001299381,0.0002460000,0.0000000000
Busqueda Exponencial Paralela,500000,187645041,0,-1,8,0.0001020432,0.0002010000,0.0000000000
Busqueda Exponencial Paralela,500000,1980098116,0,-1,8,0.0000960827,0.0001880000,0.0000000000
Busqueda Exponencial Paralela,500000,152503,0,-1,8,0.0000948906,0.0001940000,0.0000000000
Busqueda Exponencial Paralela,500000,5000,0,-1,8,0.0000898838,0.0001840000,0.0000020000
Busqueda Exponencial Paralela,500000,1493283650,0,-1,8,0.0000939369,0.0001800000,0.0000050000
Busqueda Exponencial Paralela,500000,214826,0,-1,8,0.0000901222,0.0001760000,0.0000050000
Busqueda Exponencial Paralela,500000,1843349527,0,-1,8,0.0001080036,0.0002130000,0.0000060000
Busqueda Exponencial Paralela,500000,1360839354,0,-1,8,0.0001049042,0.0000000000,0.0001970000
Busqueda Exponencial Paralela,500000,2109248666,0,-1,8,0.0001008511,0.0000000000,0.0001910000
Busqueda Exponencial Paralela,500000,2147470852,0,-1,8,0.0000979900,0.0000000000,0.0001900000
Busqueda Exponencial Paralela,500000,0,0,-1,8,0.0000970364,0.0000000000,0.0001920000
Busqueda Exponencial Paralela,1000000,322486,0,-1,1,0.0001759529,0.0000000000,0.0002020000
Busqueda Exponencial Paralela,1000000,14700764,0,-1,1,0.0000691414,0.0000000000,0.0000770000
Busqueda Exponencial Paralela,1000000,3128036,0,-1,1,0.0001151562,0.0000000000,0.0001240000
Busqueda Exponencial Paralela,1000000,6337399,0,-1,1,0.0001080036,0.0000000000,0.0001160000
Busqueda Exponencial Paralela,1000000,61396,0,-1,1,0.0000751019,0.0000000000,0.0000820000
Busqueda Exponencial Paralela,1000000,10393545,0,-1,1,0.0001010895,0.0000000000,0.0001050000
Busqueda Exponencial Paralela,1000000,2147445644,0,-1,1,0.0000600815,0.0000000000,0.0000670000
Busqueda Exponencial Paralela,1000000,1295390003,0,-1,1,0.0000319481,0.0000130000,0.0000260000
Busqueda Exponencial Paralela,1000000,450057883,0,-1,1,0.0000989437,0.0000370000,0.0000010000
Busqueda Exponencial Paralela,1000000,187645041,0,-1,1,0.0000391006,0.0000000000,0.0000420000
Busqueda Exponencial Paralela,1000000,1980098116,0,-1,1,0.0000438690,0.0000000000,0.0000640000
Busqueda Exponencial Paralela,1000000,152503,0,-1,1,0.0000338554,0.0000000000,0.0000400000
Busqueda Exponencial Paralela,1000000,5000,0,-1,1,0.0000350475,0.0000000000,0.0000440000
Busqueda Exponencial Paralela,1000000,1493283650,1,694431,1,0.0000329018,0.0000000000,0.0000400000
Busqueda Exponencial Paralela,1000000,214826,0,-1,1,0.0000288486,0.0000000000,0.0000360000
Busqueda Exponencial Paralela,1000000,1843349527,0,-1,1,0.0000319481,0.0000000000,0.0000390000
Busqueda Exponencial Paralela,1000000,1360839354,0,-1,1,0.0000309944,0.0000000000,0.0000380000
Busqueda Exponencial Paralela,1000000,2109248666,0,-1,1,0.0000309944,0.0000000000,0.0000380000
Busqueda Exponencial Paralela,1000000,2147470852,0,-1,1,0.0000300407,0.0000000000,0.0000360000
Busqueda Exponencial Paralela,1000000,0,0,-1,1,0.0000309944,0.0000000000,0.0000380000
Busqueda Exponencial Paralela,1000000,322486,0,-1,2,0.0001161098,0.0001940000,0.0000040000
Busqueda Exponencial Paralela,1000000,14700764,0,-1,2,0.0000910759,0.0001080000,0.0000020000
Busqueda Exponencial Paralela,1000000,3128036,0,-1,2,0.0001130104,0.0001990000,0.0000040000
Busqueda Exponencial Paralela,1000000,6337399,0,-1,2,0.0000848770,0.0001390000,0.0000030000
Busqueda Exponencial Paralela,1000000,61396,0,-1,2,0.0001378059,0.0002730000,0.0000060000
Busqueda Exponencial Paralela,1000000,10393545,0,-1,2,0.0000641346,0.0000850000,0.0000020000
Busqueda Exponencial Paralela,1000000,2147445644,0,-1,2,0.0000472069,0.0000650000,0.0000010000
Busqueda Exponencial Paralela,1000000,1295390003,0,-1,2,0.0000817776,0.0001210000,0.0000000000
Busqueda Exponencial Paralela,1000000,450057883,0,-1,2,0.0000469685,0.0000690000,0.0000000000
Busqueda Exponencial Paralela,1000000,187645041,0,-1,2,0.0000429153,0.0000630000,0.0000000000
Busqueda Exponencial Paralela,1000000,1980098116,0,-1,2,0.0000431538,0.0000630000,0.0000000000
Busqueda Exponencial Paralela,1000000,152503,0,-1,2,0.0000648499,0.0000880000,0.0000000000
Busqueda Exponencial Paralela,1000000,5000,0,-1,2,0.0000619888,0.0000830000,0.0000000000
Busqueda Exponencial Paralela,1000000,1493283650,1,694431,2,0.0000438690,0.0000640000,0.0000000000
Busqueda Exponencial Paralela,1000000,214826,0,-1,2,0.0000438690,0.0000640000,0.0000000000
Busqueda Exponencial Paralela,1000000,1843349527,0,-1,2,0.0000450611,0.0000650000,0.0000000000
Busqueda Exponencial Paralela,1000000,1360839354,0,-1,2,0.0000429153,0.0000640000,0.0000000000
Busqueda Exponencial Paralela,1000000,2109248666,0,-1,2,0.0000450611,0.0000650000,0.0000000000
Busqueda Exponencial Paralela,1000000,2147470852,0,-1,2,0.0000438690,0.0000640000,0.0000020000
Busqueda Exponencial Paralela,1000000,0,0,-1,2,0.0000441074,0.0000640000,0.0000010000
Busqueda Exponencial Paralela,1000000,322486,0,-1,4,0.0001761913,0.0004300000,0.0000080000
Busqueda Exponencial Paralela,1000000,14700764,0,-1,4,0.0001921654,0.0000000000,0.0002120000
Busqueda Exponencial Paralela,1000000,3128036,0,-1,4,0.0002579689,0.0000000000,0.0004730000
Busqueda Exponencial Paralela,1000000,6337399,0,-1,4,0.0001978874,0.0001070000,0.0002540000
Busqueda Exponencial Paralela,1000000,61396,0,-1,4,0.0001361370,0.0002750000,0.0000060000
Busqueda Exponencial Paralela,1000000,10393545,0,-1,4,0.0000600815,0.0001040000,0.0000020000
Busqueda Exponencial Paralela,1000000,2147445644,0,-1,4,0.0000560284,0.0000960000,0.0000020000
Busqueda Exponencial Paralela,1000000,1295390003,0,-1,4,0.0000588894,0.0000000000,0.0000940000
Busqueda Exponencial Paralela,1000000,450057883,0,-1,4,0.0000958443,0.0000000000,0.0001930000
Busqueda Exponencial Paralela,1000000,187645041,0,-1,4,0.0000519753,0.0000000000,0.0000960000
Busqueda Exponencial Paralela,1000000,1980098116,0,-1,4,0.0000531673,0.0000000000,0.0000950000
Busqueda Exponencial Paralela,1000000,152503,0,-1,4,0.0000531673,0.0000000000,0.0000930000
Busqueda Exponencial Paralela,1000000,5000,0,-1,4,0.0000519753,0.0000000000,0.0000930000
Busqueda Exponencial Paralela,1000000,1493283650,1,694431,4,0.0000529289,0.0000000000,0.0000930000
Busqueda Exponencial Paralela,1000000,214826,0,-1,4,0.0000519753,0.0000000000,0.0000920000
Busqueda Exponencial Paralela,1000000,1843349527,0,-1,4,0.0000529289,0.0000220000,0.0000720000
Busqueda Exponencial Paralela,1000000,1360839354,0,-1,4,0.0000519753,0.0000910000,0.0000020000
Busqueda Exponencial Paralela,1000000,2109248666,0,-1,4,0.0000529289,0.0000910000,0.0000030000
Busqueda Exponencial Paralela,1000000,2147470852,0,-1,4,0.0000500679,0.0000890000,0.0000020000
Busqueda Exponencial Paralela,1000000,0,0,-1,4,0.0000529289,0.0000900000,0.0000020000
Busqueda Exponencial Paralela,1000000,322486,0,-1,8,0.0003468990,0.0009870000,0.0000140000
Busqueda Exponencial Paralela,1000000,14700764,0,-1,8,0.0002419949,0.0007350000,0.0000100000
Busqueda Exponencial Paralela,1000000,3128036,0,-1,8,0.0002009869,0.0000000000,0.0003940000
Busqueda Exponencial Paralela,1000000,6337399,0,-1,8,0.0001871586,0.0000000000,0.0004630000
Busqueda Exponencial Paralela,1000000,61396,0,-1,8,0.0002441406,0.0004760000,0.0000880000
Busqueda Exponencial Paralela,1000000,10393545,0,-1,8,0.0001850128,0.0003970000,0.0000070000
Busqueda Exponencial Paralela,1000000,2147445644,0,-1,8,0.0001211166,0.0002170000,0.0000040000
Busqueda Exponencial Paralela,1000000,1295390003,0,-1,8,0.0001478195,0.0000000000,0.0002500000
Busqueda Exponencial Paralela,1000000,450057883,0,-1,8,0.0000882149,0.0000000000,0.0001820000
Busqueda Exponencial Paralela,1000000,187645041,0,-1,8,0.0000932217,0.0000000000,0.0001830000
Busqueda Exponencial Paralela,1000000,1980098116,0,-1,8,0.0000929832,0.0000000000,0.0001780000
Busqueda Exponencial Paralela,1000000,152503,0,-1,8,0.0000929832,0.0000000000,0.0001850000
Busqueda Exponencial Paralela,1000000,5000,0,-1,8,0.0000948906,0.0000000000,0.0001830000
Busqueda Exponencial Paralela,1000000,1493283650,1,694431,8,0.0000920296,0.0000000000,0.0001940000
Busqueda Exponencial Paralela,1000000,214826,0,-1,8,0.0000908375,0.0000000000,0.0001810000
Busqueda Exponencial Paralela,1000000,1843349527,0,-1,8,0.0000951290,0.0000000000,0.0001840000
Busqueda Exponencial Paralela,1000000,1360839354,0,-1,8,0.0001151562,0.0000000000,0.0002130000
Busqueda Exponencial Paralela,1000000,2109248666,0,-1,8,0.0001959801,0.0000000000,0.0003810000
Busqueda Exponencial Paralela,1000000,2147470852,0,-1,8,0.0001068115,0.0000000000,0.0002330000
Busqueda Exponencial Paralela,1000000,0,0,-1,8,0.0001530647,0.0000000000,0.0001910000
Busqueda Exponencial Paralela,5000000,322486,0,-1,1,0.0001468658,0.0000000000,0.0001280000
Busqueda Exponencial Paralela,5000000,14700764,0,-1,1,0.0001339912,0.0000000000,0.0000890000
Busqueda Exponencial Paralela,5000000,3128036,1,7394,1,0.0001111031,0.0000000000,0.0001320000
Busqueda Exponencial Paralela,5000000,6337399,0,-1,1,0.0002038479,0.0000000000,0.0002060000
Busqueda Exponencial Paralela,5000000,61396,0,-1,1,0.0001280308,0.0000000000,0.0001320000
Busqueda Exponencial Paralela,5000000,10393545,0,-1,1,0.0000798702,0.0000000000,0.0000830000
Busqueda Exponencial Paralela,5000000,2147445644,0,-1,1,0.0000450611,0.0000260000,0.0000250000
Busqueda Exponencial Paralela,5000000,1295390003,0,-1,1,0.0000238419,0.0000290000,0.0000000000
Busqueda Exponencial Paralela,5000000,450057883,0,-1,1,0.0000309944,0.0000000000,0.0000310000
Busqueda Exponencial Paralela,5000000,187645041,0,-1,1,0.0000238419,0.0000000000,0.0000290000
Busqueda Exponencial Paralela,5000000,1980098116,0,-1,1,0.0000231266,0.0000000000,0.0000280000
Busqueda Exponencial Paralela,5000000,152503,0,-1,1,0.0000221729,0.0000000000,0.0000280000
Busqueda Exponencial Paralela,5000000,5000,0,-1,1,0.0000221729,0.0000000000,0.0000280000
Busqueda Exponencial Paralela,5000000,1493283650,1,3475906,1,0.0000231266,0.0000000000,0.0000270000
Busqueda Exponencial Paralela,5000000,214826,0,-1,1,0.0000209808,0.0000000000,0.0000270000
Busqueda Exponencial Paralela,5000000,1843349527,1,4291037,1,0.0000219345,0.0000000000,0.0000270000
Busqueda Exponencial Paralela,5000000,1360839354,0,-1,1,0.0000219345,0.0000000000,0.0000270000
Busqueda Exponencial Paralela,5000000,2109248666,0,-1,1,0.0000209808,0.0000000000,0.0000270000
Busqueda Exponencial Paralela,5000000,2147470852,0,-1,1,0.0000238419,0.0000000000,0.0000290000
Busqueda Exponencial Paralela,5000000,0,0,-1,1,0.0000219345,0.0000000000,0.0000270000
Busqueda Exponencial Paralela,5000000,322486,0,-1,2,0.0002028942,0.0003270000,0.0000060000
Busqueda Exponencial Paralela,5000000,14700764,0,-1,2,0.0001349449,0.0002410000,0.0000050000
Busqueda Exponencial Paralela,5000000,3128036,1,7394,2,0.0000579357,0.0000000000,0.0001020000
Busqueda Exponencial Paralela,5000000,6337399,0,-1,2,0.0001819134,0.0000000000,0.0003070000
Busqueda Exponencial Paralela,5000000,61396,0,-1,2,0.0001561642,0.0000000000,0.0002790000
Busqueda Exponencial Paralela,5000000,10393545,0,-1,2,0.0001459122,0.0000460000,0.0002160000
Busqueda Exponencial Paralela,5000000,2147445644,0,-1,2,0.0000782013,0.0001040000,0.0000020000
Busqueda Exponencial Paralela,5000000,1295390003,0,-1,2,0.0000519753,0.0000800000,0.0000010000
Busqueda Exponencial Paralela,5000000,450057883,0,-1,2,0.0001258850,0.0001510000,0.0000030000
Busqueda Exponencial Paralela,5000000,187645041,0,-1,2,0.0000360012,0.0000540000,0.0000010000
Busqueda Exponencial Paralela,5000000,1980098116,0,-1,2,0.0000388622,0.0000590000,0.0000010000
Busqueda Exponencial Paralela,5000000,152503,0,-1,2,0.0001058578,0.0000000000,0.0001160000
Busqueda Exponencial Paralela,5000000,5000,0,-1,2,0.0000410080,0.0000000000,0.0000590000
Busqueda Exponencial Paralela,5000000,1493283650,1,3475906,2,0.0000498295,0.0000000000,0.0000660000
Busqueda Exponencial Paralela,5000000,214826,0,-1,2,0.0000560284,0.0000000000,0.0000730000
Busqueda Exponencial Paralela,5000000,1843349527,1,4291037,2,0.0000798702,0.0000000000,0.0001110000
Busqueda Exponencial Paralela,5000000,1360839354,0,-1,2,0.0000350475,0.0000000000,0.0000520000
Busqueda Exponencial Paralela,5000000,2109248666,0,-1,2,0.0000331402,0.0000000000,0.0000500000
Busqueda Exponencial Paralela,5000000,2147470852,0,-1,2,0.0000329018,0.0000000000,0.0000500000
Busqueda Exponencial Paralela,5000000,0,0,-1,2,0.0000329018,0.0000000000,0.0000500000
Busqueda Exponencial Paralela,5000000,322486,0,-1,4,0.0002648830,0.0000000000,0.0006400000
Busqueda Exponencial Paralela,5000000,14700764,0,-1,4,0.0002229214,0.0002700000,0.0003240000
Busqueda Exponencial Paralela,5000000,3128036,1,7394,4,0.0001668930,0.0004200000,0.0000050000
Busqueda Exponencial Paralela,5000000,6337399,0,-1,4,0.0001401901,0.0002650000,0.0000040000
Busqueda Exponencial Paralela,5000000,61396,0,-1,4,0.0000569820,0.0001100000,0.0000010000
Busqueda Exponencial Paralela,5000000,10393545,0,-1,4,0.0001661777,0.0000000000,0.0003500000
Busqueda Exponencial Paralela,5000000,2147445644,0,-1,4,0.0001370907,0.0000000000,0.0002330000
Busqueda Exponencial Paralela,5000000,1295390003,0,-1,4,0.0001919270,0.0000000000,0.0003170000
Busqueda Exponencial Paralela,5000000,450057883,0,-1,4,0.0001020432,0.0000000000,0.0002240000
Busqueda Exponencial Paralela,5000000,187645041,0,-1,4,0.0001230240,0.0000000000,0.0002610000
Busqueda Exponencial Paralela,5000000,1980098116,0,-1,4,0.0000991821,0.0000000000,0.0003130000
Busqueda Exponencial Paralela,5000000,152503,0,-1,4,0.0000548363,0.0000000000,0.0000990000
Busqueda Exponencial Paralela,5000000,5000,0,-1,4,0.0001220703,0.0000000000,0.0002620000
Busqueda Exponencial Paralela,5000000,1493283650,1,3475906,4,0.0000550747,0.0000000000,0.0001010000
Busqueda Exponencial Paralela,5000000,214826,0,-1,4,0.0000507832,0.0000000000,0.0000910000
Busqueda Exponencial Paralela,5000000,1843349527,1,4291037,4,0.0000519753,0.0000000000,0.0000930000
Busqueda Exponencial Paralela,5000000,1360839354,0,-1,4,0.0000500679,0.0000000000,0.0000910000
Busqueda Exponencial Paralela,5000000,2109248666,0,-1,4,0.0000538826,0.0000000000,0.0000940000
Busqueda Exponencial Paralela,5000000,2147470852,0,-1,4,0.0000519753,0.0000000000,0.0000920000
Busqueda Exponencial Paralela,5000000,0,0,-1,4,0.0000519753,0.0000000000,0.0000920000
Busqueda Exponencial Paralela,5000000,322486,0,-1,8,0.0002818108,0.0006680000,0.0000090000
Busqueda Exponencial Paralela,5000000,14700764,0,-1,8,0.0002629757,0.0007530000,0.0000000000
Busqueda Exponencial Paralela,5000000,3128036,1,7394,8,0.0002369881,0.0005190000,0.0000050000
Busqueda Exponencial Paralela,5000000,6337399,0,-1,8,0.0001749992,0.0003860000,0.0000050000
Busqueda Exponencial Paralela,5000000,61396,0,-1,8,0.0001289845,0.0002160000,0.0000030000
Busqueda Exponencial Paralela,5000000,10393545,0,-1,8,0.0001790524,0.0000000000,0.0003720000
Busqueda Exponencial Paralela,5000000,2147445644,0,-1,8,0.0002450943,0.0000000000,0.0003610000
Busqueda Exponencial Paralela,5000000,1295390003,0,-1,8,0.0001490116,0.0000000000,0.0002800000
Busqueda Exponencial Paralela,5000000,450057883,0,-1,8,0.0001211166,0.0000000000,0.0002160000
Busqueda Exponencial Paralela,5000000,187645041,0,-1,8,0.0001189709,0.0000000000,0.0002110000
Busqueda Exponencial Paralela,5000000,1980098116,0,-1,8,0.0001220703,0.0000000000,0.0002130000
Busqueda Exponencial Paralela,5000000,152503,0,-1,8,0.0002009869,0.0000000000,0.0003930000
Busqueda Exponencial Paralela,5000000,5000,0,-1,8,0.0001480579,0.0000000000,0.0002670000
Busqueda Exponencial Paralela,5000000,1493283650,1,3475906,8,0.0001189709,0.0000000000,0.0002110000
Busqueda Exponencial Paralela,5000000,214826,0,-1,8,0.0001170635,0.0000000000,0.0002080000
Busqueda Exponencial Paralela,5000000,1843349527,1,4291037,8,0.0001161098,0.0000000000,0.0002070000
Busqueda Exponencial Paralela,5000000,1360839354,0,-1,8,0.0001239777,0.0000000000,0.0002160000
Busqueda Exponencial Paralela,5000000,2109248666,0,-1,8,0.0001218319,0.0000000000,0.0002150000
Busqueda Exponencial Paralela,5000000,2147470852,0,-1,8,0.0001258850,0.0000000000,0.0002260000
Busqueda Exponencial Paralela,5000000,0,0,-1,8,0.0001339912,0.0000000000,0.0002410000
Busqueda Exponencial Paralela,10000000,322486,1,1611,1,0.0002911091,0.0000000000,0.0002600000
Busqueda Exponencial Paralela,10000000,14700764,0,-1,1,0.0001640320,0.0000000000,0.0001050000
Busqueda Exponencial Paralela,10000000,3128036,1,14725,1,0.0002119541,0.0000000000,0.0001740000
Busqueda Exponencial Paralela,10000000,6337399,1,29544,1,0.0001480579,0.0000000000,0.0001550000
Busqueda Exponencial Paralela,10000000,61396,0,-1,1,0.0000329018,0.0000000000,0.0000390000
Busqueda Exponencial Paralela,10000000,10393545,1,48374,1,0.0000541210,0.0000000000,0.0000490000
Busqueda Exponencial Paralela,10000000,2147445644,0,-1,1,0.0001409054,0.0001120000,0.0000120000
Busqueda Exponencial Paralela,10000000,1295390003,1,6031093,1,0.0001020432,0.0000620000,0.0000010000
Busqueda Exponencial Paralela,10000000,450057883,0,-1,1,0.0000290871,0.0000360000,0.0000000000
Busqueda Exponencial Paralela,10000000,187645041,0,-1,1,0.0000491142,0.0000530000,0.0000010000
Busqueda Exponencial Paralela,10000000,1980098116,0,-1,1,0.0000600815,0.0000650000,0.0000010000
Busqueda Exponencial Paralela,10000000,152503,0,-1,1,0.0000591278,0.0000630000,0.0000010000
Busqueda Exponencial Paralela,10000000,5000,0,-1,1,0.0000529289,0.0000730000,0.0000000000
Busqueda Exponencial Paralela,10000000,1493283650,1,6952607,1,0.0000250340,0.0000310000,0.0000000000
Busqueda Exponencial Paralela,10000000,214826,0,-1,1,0.0000240803,0.0000290000,0.0000010000
Busqueda Exponencial Paralela,10000000,1843349527,1,8582390,1,0.0000250340,0.0000290000,0.0000000000
Busqueda Exponencial Paralela,10000000,1360839354,0,-1,1,0.0000259876,0.0000320000,0.0000010000
Busqueda Exponencial Paralela,10000000,2109248666,1,9822539,1,0.0000240803,0.0000290000,0.0000000000
Busqueda Exponencial Paralela,10000000,2147470852,1,9999942,1,0.0000240803,0.0000300000,0.0000010000
Busqueda Exponencial Paralela,10000000,0,0,-1,1,0.0000290871,0.0000000000,0.0000320000
Busqueda Exponencial Paralela,10000000,322486,1,1611,2,0.0001821518,0.0003140000,0.0000040000
Busqueda Exponencial Paralela,10000000,14700764,0,-1,2,0.0001759529,0.0002650000,0.0000040000
Busqueda Exponencial Paralela,10000000,3128036,1,14725,2,0.0001149178,0.0001760000,0.0000020000
Busqueda Exponencial Paralela,10000000,6337399,1,29544,2,0.0000369549,0.0000590000,0.0000010000
Busqueda Exponencial Paralela,10000000,61396,0,-1,2,0.0000469685,0.0000600000,0.0000000000
Busqueda Exponencial Paralela,10000000,10393545,1,48374,2,0.0000851154,0.0001320000,0.0000000000
Busqueda Exponencial Paralela,10000000,2147445644,0,-1,2,0.0000488758,0.0000640000,0.0000000000
Busqueda Exponencial Paralela,10000000,1295390003,1,6031093,2,0.0000510216,0.0000840000,0.0000000000
Busqueda Exponencial Paralela,10000000,450057883,0,-1,2,0.0000500679,0.0000680000,0.0000000000
Busqueda Exponencial Paralela,10000000,187645041,0,-1,2,0.0000660419,0.0001040000,0.0000000000
Busqueda Exponencial Paralela,10000000,1980098116,0,-1,2,0.0000441074,0.0000600000,0.0000000000
Busqueda Exponencial Paralela,10000000,152503,0,-1,2,0.0000360012,0.0000540000,0.0000000000
Busqueda Exponencial Paralela,10000000,5000,0,-1,2,0.0000360012,0.0000580000,0.0000000000
Busqueda Exponencial Paralela,10000000,1493283650,1,6952607,2,0.0000360012,0.0000540000,0.0000000000
Busqueda Exponencial Paralela,10000000,214826,0,-1,2,0.0000381470,0.0000550000,0.0000000000
Busqueda Exponencial Paralela,10000000,1843349527,1,8582390,2,0.0000360012,0.0000520000,0.0000000000
Busqueda Exponencial Paralela,10000000,1360839354,0,-1,2,0.0000369549,0.0000540000,0.0000000000
Busqueda Exponencial Paralela,10000000,2109248666,1,9822539,2,0.0000348091,0.0000510000,0.0000010000
Busqueda Exponencial Paralela,10000000,2147470852,1,9999942,2,0.0000350475,0.0000510000,0.0000010000
Busqueda Exponencial Paralela,10000000,0,0,-1,2,0.0000350475,0.0000510000,0.0000010000
Busqueda Exponencial Paralela,10000000,322486,1,1611,4,0.0002970695,0.0005540000,0.0000070000
Busqueda Exponencial Paralela,10000000,14700764,0,-1,4,0.0001740456,0.0000000000,0.0001840000
Busqueda Exponencial Paralela,10000000,3128036,1,14725,4,0.0001499653,0.0000000000,0.0003180000
Busqueda Exponencial Paralela,10000000,6337399,1,29544,4,0.0001370907,0.0000000000,0.0003830000
Busqueda Exponencial Paralela,10000000,61396,0,-1,4,0.0001649857,0.0000000000,0.0003410000
Busqueda Exponencial Paralela,10000000,10393545,1,48374,4,0.0001900196,0.0000000000,0.0004030000
Busqueda Exponencial Paralela,10000000,2147445644,0,-1,4,0.0000541210,0.0000000000,0.0000980000
Busqueda Exponencial Paralela,10000000,1295390003,1,6031093,4,0.0000519753,0.0000000000,0.0000970000
Busqueda Exponencial Paralela,10000000,450057883,0,-1,4,0.0000958443,0.0000000000,0.0001880000
Busqueda Exponencial Paralela,10000000,187645041,0,-1,4,0.0000720024,0.0000000000,0.0001480000
Busqueda Exponencial Paralela,10000000,1980098116,0,-1,4,0.0000550747,0.0000000000,0.0000960000
Busqueda Exponencial Paralela,10000000,152503,0,-1,4,0.0000529289,0.0000000000,0.0000920000
Busqueda Exponencial Paralela,10000000,5000,0,-1,4,0.0000519753,0.0000000000,0.0000910000
Busqueda Exponencial Paralela,10000000,1493283650,1,6952607,4,0.0000510216,0.0000000000,0.0000920000
Busqueda Exponencial Paralela,10000000,214826,0,-1,4,0.0000529289,0.0000000000,0.0000920000
Busqueda Exponencial Paralela,10000000,1843349527,1,8582390,4,0.0000519753,0.0000000000,0.0000900000
Busqueda Exponencial Paralela,10000000,1360839354,0,-1,4,0.0000519753,0.0000860000,0.0000110000
Busqueda Exponencial Paralela,10000000,2109248666,1,9822539,4,0.0000538826,0.0000930000,0.0000010000
Busqueda Exponencial Paralela,10000000,2147470852,1,9999942,4,0.0000529289,0.0000920000,0.0000020000
Busqueda Exponencial Paralela,10000000,0,0,-1,4,0.0000510216,0.0000910000,0.0000010000
Busqueda Exponencial Paralela,10000000,322486,1,1611,8,0.0004739761,0.0011440000,0.0000100000
Busqueda Exponencial Paralela,10000000,14700764,0,-1,8,0.0002729893,0.0000000000,0.0004570000
Busqueda Exponencial Paralela,10000000,3128036,1,14725,8,0.0002000332,0.0000000000,0.0003990000
Busqueda Exponencial Paralela,10000000,6337399,1,29544,8,0.0001621246,0.0000000000,0.0004100000
Busqueda Exponencial Paralela,10000000,61396,0,-1,8,0.0002338886,0.0000000000,0.0004480000
Busqueda Exponencial Paralela,10000000,10393545,1,48374,8,0.0000998974,0.0000000000,0.0001920000
Busqueda Exponencial Paralela,10000000,2147445644,0,-1,8,0.0001161098,0.0000000000,0.0002300000
Busqueda Exponencial Paralela,10000000,1295390003,1,6031093,8,0.0000958443,0.0000000000,0.0001980000
Busqueda Exponencial Paralela,10000000,450057883,0,-1,8,0.0001251698,0.0000000000,0.0002460000
Busqueda Exponencial Paralela,10000000,187645041,0,-1,8,0.0001730919,0.0000000000,0.0004400000
Busqueda Exponencial Paralela,10000000,1980098116,0,-1,8,0.0001859665,0.0000000000,0.0003530000
Busqueda Exponencial Paralela,10000000,152503,0,-1,8,0.0001239777,0.0000000000,0.0002970000
Busqueda Exponencial Paralela,10000000,5000,0,-1,8,0.0000970364,0.0001080000,0.0000810000
Busqueda Exponencial Paralela,10000000,1493283650,1,6952607,8,0.0001380444,0.0000000000,0.0003200000
Busqueda Exponencial Paralela,10000000,214826,0,-1,8,0.0001080036,0.0000000000,0.0002170000
Busqueda Exponencial Paralela,10000000,1843349527,1,8582390,8,0.0001020432,0.0000000000,0.0001970000
Busqueda Exponencial Paralela,10000000,1360839354,0,-1,8,0.0000979900,0.0000000000,0.0001910000
Busqueda Exponencial Paralela,10000000,2109248666,1,9822539,8,0.0001039505,0.0000000000,0.0001960000
Busqueda Exponencial Paralela,10000000,2147470852,1,9999942,8,0.0001008511,0.0000000000,0.0001950000
Busqueda Exponencial Paralela,10000000,0,0,-1,8,0.0000991821,0.0000000000,0.0001910000
Busqueda Fibonacci Paralela,1000,322486,0,-1,1,0.0000970364,0.0001150000,0.0000000000
Busqueda Fibonacci Paralela,1000,14700764,0,-1,1,0.0000441074,0.0000470000,0.0000000000
Busqueda Fibonacci Paralela,1000,3128036,0,-1,1,0.0000369549,0.0000420000,0.0000000000
Busqueda Fibonacci Paralela,1000,6337399,0,-1,1,0.0000460148,0.0000370000,0.0000000000
Busqueda Fibonacci Paralela,1000,61396,0,-1,1,0.0000309944,0.0000340000,0.0000000000
Busqueda Fibonacci Paralela,1000,10393545,0,-1,1,0.0000228882,0.0000290000,0.0000000000
Busqueda Fibonacci Paralela,1000,2147445644,0,-1,1,0.0000259876,0.0000340000,0.0000000000
Busqueda Fibonacci Paralela,1000,1295390003,0,-1,1,0.0000240803,0.0000290000,0.0000000000
Busqueda Fibonacci Paralela,1000,450057883,0,-1,1,0.0000309944,0.0000360000,0.0000000000
Busqueda Fibonacci Paralela,1000,187645041,0,-1,1,0.0000219345,0.0000280000,0.0000000000
Busqueda Fibonacci Paralela,1000,1980098116,0,-1,1,0.0000500679,0.0000000000,0.0000550000
Busqueda Fibonacci Paralela,1000,152503,0,-1,1,0.0000729561,0.0000000000,0.0000770000
Busqueda Fibonacci Paralela,1000,5000,0,-1,1,0.0000429153,0.0000000000,0.0000510000
Busqueda Fibonacci Paralela,1000,1493283650,0,-1,1,0.0000240803,0.0000000000,0.0000300000
Busqueda Fibonacci Paralela,1000,214826,0,-1,1,0.0000238419,0.0000000000,0.0000300000
Busqueda Fibonacci Paralela,1000,1843349527,0,-1,1,0.0000541210,0.0000000000,0.0000580000
Busqueda Fibonacci Paralela,1000,1360839354,0,-1,1,0.0000758171,0.0000000000,0.0000790000
Busqueda Fibonacci Paralela,1000,2109248666,0,-1,1,0.0000789165,0.0000000000,0.0000820000
Busqueda Fibonacci Paralela,1000,2147470852,0,-1,1,0.0000400543,0.0000000000,0.0000610000
Busqueda Fibonacci Paralela,1000,0,0,-1,1,0.0000228882,0.0000000000,0.0000290000
Busqueda Fibonacci Paralela,1000,322486,0,-1,2,0.0000998974,0.0000000000,0.0001020000
Busqueda Fibonacci Paralela,1000,14700764,0,-1,2,0.0000519753,0.0000000000,0.0000770000
Busqueda Fibonacci Paralela,1000,3128036,0,-1,2,0.0000510216,0.0000000000,0.0000760000
Busqueda Fibonacci Paralela,1000,6337399,0,-1,2,0.0000469685,0.0000000000,0.0000680000
Busqueda Fibonacci Paralela,1000,61396,0,-1,2,0.0000422001,0.0000000000,0.0000620000
Busqueda Fibonacci Paralela,1000,10393545,0,-1,2,0.0000479221,0.0000000000,0.0000650000
Busqueda Fibonacci Paralela,1000,2147445644,0,-1,2,0.0000410080,0.0000000000,0.0000640000
Busqueda Fibonacci Paralela,1000,1295390003,0,-1,2,0.0001251698,0.0000000000,0.0001490000
Busqueda Fibonacci Paralela,1000,450057883,0,-1,2,0.0000748634,0.0000000000,0.0001160000
Busqueda Fibonacci Paralela,1000,187645041,0,-1,2,0.0000870228,0.0000000000,0.0001060000
Busqueda Fibonacci Paralela,1000,1980098116,0,-1,2,0.0000569820,0.0000000000,0.0000790000
Busqueda Fibonacci Paralela,1000,152503,0,-1,2,0.0000739098,0.0000000000,0.0000920000
Busqueda Fibonacci Paralela,1000,5000,0,-1,2,0.0000760555,0.0000000000,0.0001010000
Busqueda Fibonacci Paralela,1000,1493283650,0,-1,2,0.0000779629,0.0000000000,0.0001500000
Busqueda Fibonacci Paralela,1000,214826,0,-1,2,0.0000529289,0.0000000000,0.0000760000
Busqueda Fibonacci Paralela,1000,1843349527,0,-1,2,0.0000450611,0.0000000000,0.0000660000
Busqueda Fibonacci Paralela,1000,1360839354,0,-1,2,0.0000410080,0.0000000000,0.0000590000
Busqueda Fibonacci Paralela,1000,2109248666,0,-1,2,0.0000469685,0.0000000000,0.0000690000
Busqueda Fibonacci Paralela,1000,2147470852,0,-1,2,0.0000400543,0.0000000000,0.0000600000
Busqueda Fibonacci Paralela,1000,0,0,-1,2,0.0000460148,0.0000000000,0.0000660000
Busqueda Fibonacci Paralela,1000,322486,0,-1,4,0.0002939701,0.0005140000,0.0000000000
Busqueda Fibonacci Paralela,1000,14700764,0,-1,4,0.0001120567,0.0002390000,0.0000000000
Busqueda Fibonacci Paralela,1000,3128036,0,-1,4,0.0000720024,0.0001150000,0.0000000000
Busqueda Fibonacci Paralela,1000,6337399,0,-1,4,0.0000760555,0.0001150000,0.0000000000
Busqueda Fibonacci Paralela,1000,61396,0,-1,4,0.0000720024,0.0001140000,0.0000000000
Busqueda Fibonacci Paralela,1000,10393545,0,-1,4,0.0000820160,0.0000000000,0.0001100000
Busqueda Fibonacci Paralela,1000,2147445644,0,-1,4,0.0000720024,0.0000000000,0.0001180000
Busqueda Fibonacci Paralela,1000,1295390003,0,-1,4,0.0000689030,0.0000000000,0.0001100000
Busqueda Fibonacci Paralela,1000,450057883,0,-1,4,0.0000679493,0.0000000000,0.0001100000
Busqueda Fibonacci Paralela,1000,187645041,0,-1,4,0.0000679493,0.0000000000,0.0001080000
Busqueda Fibonacci Paralela,1000,1980098116,0,-1,4,0.0000679493,0.0000000000,0.0001070000
Busqueda Fibonacci Paralela,1000,152503,0,-1,4,0.0000691414,0.0000000000,0.0001110000
Busqueda Fibonacci Paralela,1000,5000,0,-1,4,0.0000698566,0.0000000000,0.0001090000
Busqueda Fibonacci Paralela,1000,1493283650,0,-1,4,0.0000669956,0.0000000000,0.0001080000
Busqueda Fibonacci Paralela,1000,214826,0,-1,4,0.0000669956,0.0000000000,0.0001070000
Busqueda Fibonacci Paralela,1000,1843349527,0,-1,4,0.0000669956,0.0000000000,0.0001070000
Busqueda Fibonacci Paralela,1000,1360839354,0,-1,4,0.0000731945,0.0000000000,0.0001130000
Busqueda Fibonacci Paralela,1000,2109248666,0,-1,4,0.0000841618,0.0000000000,0.0001350000
Busqueda Fibonacci Paralela,1000,2147470852,0,-1,4,0.0000720024,0.0000000000,0.0001200000
Busqueda Fibonacci Paralela,1000,0,0,-1,4,0.0000879765,0.0000000000,0.0001390000
Busqueda Fibonacci Paralela,1000,322486,0,-1,8,0.0001788139,0.0000000000,0.0003300000
Busqueda Fibonacci Paralela,1000,14700764,0,-1,8,0.0001111031,0.0000000000,0.0002160000
Busqueda Fibonacci Paralela,1000,3128036,0,-1,8,0.0001089573,0.0000000000,0.0002040000
Busqueda Fibonacci Paralela,1000,6337399,0,-1,8,0.0001070499,0.0000000000,0.0001960000
Busqueda Fibonacci Paralela,1000,61396,0,-1,8,0.0001080036,0.0000000000,0.0001970000
Busqueda Fibonacci Paralela,1000,10393545,0,-1,8,0.0001101494,0.0000000000,0.0002090000
Busqueda Fibonacci Paralela,1000,2147445644,0,-1,8,0.0001199245,0.0000000000,0.0002420000
Busqueda Fibonacci Paralela,1000,1295390003,0,-1,8,0.0001142025,0.0000000000,0.0002120000
Busqueda Fibonacci Paralela,1000,450057883,0,-1,8,0.0001091957,0.0000000000,0.0001990000
Busqueda Fibonacci Paralela,1000,187645041,0,-1,8,0.0001089573,0.0000000000,0.0002010000
Busqueda Fibonacci Paralela,1000,1980098116,0,-1,8,0.0001080036,0.0000000000,0.0002000000
Busqueda Fibonacci Paralela,1000,152503,0,-1,8,0.0001099110,0.0000000000,0.0001980000
Busqueda Fibonacci Paralela,1000,5000,0,-1,8,0.0001199245,0.0000000000,0.0002070000
Busqueda Fibonacci Paralela,1000,1493283650,0,-1,8,0.0001180172,0.0000000000,0.0002180000
Busqueda Fibonacci Paralela,1000,214826,0,-1,8,0.0001029968,0.0000000000,0.0001970000
Busqueda Fibonacci Paralela,1000,1843349527,0,-1,8,0.0001049042,0.0000000000,0.0002010000
Busqueda Fibonacci Paralela,1000,1360839354,0,-1,8,0.0000979900,0.0000000000,0.0001970000
Busqueda Fibonacci Paralela,1000,2109248666,0,-1,8,0.0001070499,0.0000000000,0.0002090000
Busqueda Fibonacci Paralela,1000,2147470852,0,-1,8,0.0001051426,0.0000000000,0.0001990000
Busqueda Fibonacci Paralela,1000,0,0,-1,8,0.0001099110,0.0000000000,0.0002190000
Busqueda Fibonacci Paralela,5000,322486,0,-1,1,0.0000729561,0.0000810000,0.0000000000
Busqueda Fibonacci Paralela,5000,14700764,0,-1,1,0.0000710487,0.0000000000,0.0000530000
Busqueda Fibonacci Paralela,5000,3128036,0,-1,1,0.0000469685,0.0000000000,0.0000530000
Busqueda Fibonacci Paralela,5000,6337399,0,-1,1,0.0000350475,0.0000000000,0.0000410000
Busqueda Fibonacci Paralela,5000,61396,0,-1,1,0.0000271797,0.0000000000,0.0000340000
Busqueda Fibonacci Paralela,5000,10393545,0,-1,1,0.0000259876,0.0000000000,0.0000310000
Busqueda Fibonacci Paralela,5000,2147445644,0,-1,1,0.0000278950,0.0000000000,0.0000350000
Busqueda Fibonacci Paralela,5000,1295390003,0,-1,1,0.0000259876,0.0000000000,0.0000320000
Busqueda Fibonacci Paralela,5000,450057883,0,-1,1,0.0000851154,0.0000000000,0.0000900000
Busqueda Fibonacci Paralela,5000,187645041,0,-1,1,0.0000419617,0.0000000000,0.0000650000
Busqueda Fibonacci Paralela,5000,1980098116,0,-1,1,0.0000438690,0.0000000000,0.0000500000
Busqueda Fibonacci Paralela,5000,152503,0,-1,1,0.0000298023,0.0000000000,0.0000350000
Busqueda Fibonacci Paralela,5000,5000,0,-1,1,0.0000300407,0.0000000000,0.0000340000
Busqueda Fibonacci Paralela,5000,1493283650,0,-1,1,0.0000300407,0.0000000000,0.0000330000
Busqueda Fibonacci Paralela,5000,214826,0,-1,1,0.0000309944,0.0000000000,0.0000350000
Busqueda Fibonacci Paralela,5000,1843349527,0,-1,1,0.0000400543,0.0000000000,0.0000420000
Busqueda Fibonacci Paralela,5000,1360839354,0,-1,1,0.0000338554,0.0000000000,0.0000420000
Busqueda Fibonacci Paralela,5000,2109248666,0,-1,1,0.0000329018,0.0000000000,0.0000380000
Busqueda Fibonacci Paralela,5000,2147470852,0,-1,1,0.0000259876,0.0000000000,0.0000300000
Busqueda Fibonacci Paralela,5000,0,0,-1,1,0.0000259876,0.0000000000,0.0000320000
Busqueda Fibonacci Paralela,5000,322486,0,-1,2,0.0000720024,0.0001060000,0.0000000000
Busqueda Fibonacci Paralela,5000,14700764,0,-1,2,0.0001029968,0.0000000000,0.0001880000
Busqueda Fibonacci Paralela,5000,3128036,0,-1,2,0.0001099110,0.0000000000,0.0001720000
Busqueda Fibonacci Paralela,5000,6337399,0,-1,2,0.0000360012,0.0000000000,0.0000590000
Busqueda Fibonacci Paralela,5000,61396,0,-1,2,0.0000398159,0.0000000000,0.0000590000
Busqueda Fibonacci Paralela,5000,10393545,0,-1,2,0.0000350475,0.0000000000,0.0000540000
Busqueda Fibonacci Paralela,5000,2147445644,0,-1,2,0.0000340939,0.0000000000,0.0000530000
Busqueda Fibonacci Paralela,5000,1295390003,0,-1,2,0.0000400543,0.0000000000,0.0000580000
Busqueda Fibonacci Paralela,5000,450057883,0,-1,2,0.0000369549,0.0000000000,0.0000540000
Busqueda Fibonacci Paralela,5000,187645041,0,-1,2,0.0000360012,0.0000000000,0.0000540000
Busqueda Fibonacci Paralela,5000,1980098116,0,-1,2,0.0000369549,0.0000000000,0.0000550000
Busqueda Fibonacci Paralela,5000,152503,0,-1,2,0.0000360012,0.0000000000,0.0000530000
Busqueda Fibonacci Paralela,5000,5000,0,-1,2,0.0000350475,0.0000000000,0.0000540000
Busqueda Fibonacci Paralela,5000,1493283650,0,-1,2,0.0000348091,0.0000000000,0.0000530000
Busqueda Fibonacci Paralela,5000,214826,0,-1,2,0.0000350475,0.0000000000,0.0000540000
Busqueda Fibonacci Paralela,5000,1843349527,0,-1,2,0.0000369549,0.0000000000,0.0000550000
Busqueda Fibonacci Paralela,5000,1360839354,0,-1,2,0.0000450611,0.0000000000,0.0000610000
Busqueda Fibonacci Paralela,5000,2109248666,0,-1,2,0.0000510216,0.0000000000,0.0000610000
Busqueda Fibonacci Paralela,5000,2147470852,0,-1,2,0.0000360012,0.0000000000,0.0000550000
Busqueda Fibonacci Paralela,5000,0,0,-1,2,0.0000360012,0.0000000000,0.0000580000
Busqueda Fibonacci Paralela,5000,322486,0,-1,4,0.0002729893,0.0000000000,0.0004250000
Busqueda Fibonacci Paralela,5000,14700764,0,-1,4,0.0001111031,0.0000000000,0.0001800000
Busqueda Fibonacci Paralela,5000,3128036,0,-1,4,0.0000810623,0.0000000000,0.0001410000
Busqueda Fibonacci Paralela,5000,6337399,0,-1,4,0.0000710487,0.0000000000,0.0001210000
Busqueda Fibonacci Paralela,5000,61396,0,-1,4,0.0000801086,0.0000000000,0.0001230000
Busqueda Fibonacci Paralela,5000,10393545,0,-1,4,0.0000720024,0.0000000000,0.0001230000
Busqueda Fibonacci Paralela,5000,2147445644,0,-1,4,0.0000700951,0.0000000000,0.0001260000
Busqueda Fibonacci Paralela,5000,1295390003,0,-1,4,0.0000700951,0.0000000000,0.0001240000
Busqueda Fibonacci Paralela,5000,450057883,0,-1,4,0.0000860691,0.0000270000,0.0001030000
Busqueda Fibonacci Paralela,5000,187645041,0,-1,4,0.0000689030,0.0000570000,0.0000570000
Busqueda Fibonacci Paralela,5000,1980098116,0,-1,4,0.0000700951,0.0000570000,0.0000570000
Busqueda Fibonacci Paralela,5000,152503,0,-1,4,0.0000710487,0.0000570000,0.0000560000
Busqueda Fibonacci Paralela,5000,5000,0,-1,4,0.0000879765,0.0000670000,0.0000660000
Busqueda Fibonacci Paralela,5000,1493283650,0,-1,4,0.0000741482,0.0000690000,0.0000680000
Busqueda Fibonacci Paralela,5000,214826,0,-1,4,0.0000729561,0.0000680000,0.0000680000
Busqueda Fibonacci Paralela,5000,1843349527,0,-1,4,0.0000939369,0.0000780000,0.0000780000
Busqueda Fibonacci Paralela,5000,1360839354,0,-1,4,0.0000720024,0.0000680000,0.0000680000
Busqueda Fibonacci Paralela,5000,2109248666,0,-1,4,0.0000679493,0.0000610000,0.0000620000
Busqueda Fibonacci Paralela,5000,2147470852,0,-1,4,0.0000557899,0.0000530000,0.0000530000
Busqueda Fibonacci Paralela,5000,0,0,-1,4,0.0000970364,0.0000000000,0.0001070000
Busqueda Fibonacci Paralela,5000,322486,0,-1,8,0.0002348423,0.0004750000,0.0000000000
Busqueda Fibonacci Paralela,5000,14700764,0,-1,8,0.0001120567,0.0002220000,0.0000000000
Busqueda Fibonacci Paralela,5000,3128036,0,-1,8,0.0001060963,0.0002160000,0.0000000000
Busqueda Fibonacci Paralela,5000,6337399,0,-1,8,0.0001070499,0.0002100000,0.0000000000
Busqueda Fibonacci Paralela,5000,61396,0,-1,8,0.0001130104,0.0002150000,0.0000000000
Busqueda Fibonacci Paralela,5000,10393545,0,-1,8,0.0001490116,0.0000000000,0.0003230000
Busqueda Fibonacci Paralela,5000,2147445644,0,-1,8,0.0001227856,0.0000000000,0.0002330000
Busqueda Fibonacci Paralela,5000,1295390003,0,-1,8,0.0001318455,0.0000000000,0.0002400000
Busqueda Fibonacci Paralela,5000,450057883,0,-1,8,0.0001280308,0.0000000000,0.0002340000
Busqueda Fibonacci Paralela,5000,187645041,0,-1,8,0.0001189709,0.0000000000,0.0002260000
Busqueda Fibonacci Paralela,5000,1980098116,0,-1,8,0.0001099110,0.0000000000,0.0002100000
Busqueda Fibonacci Paralela,5000,152503,0,-1,8,0.0001091957,0.0000000000,0.0002100000
Busqueda Fibonacci Paralela,5000,5000,0,-1,8,0.0001299381,0.0000000000,0.0002410000
Busqueda Fibonacci Paralela,5000,1493283650,0,-1,8,0.0001270771,0.0000000000,0.0002530000
Busqueda Fibonacci Paralela,5000,214826,0,-1,8,0.0001270771,0.0000000000,0.0002450000
Busqueda Fibonacci Paralela,5000,1843349527,0,-1,8,0.0001039505,0.0000000000,0.0001990000
Busqueda Fibonacci Paralela,5000,1360839354,0,-1,8,0.0001161098,0.0000000000,0.0002110000
Busqueda Fibonacci Paralela,5000,2109248666,0,-1,8,0.0001308918,0.0000000000,0.0002460000
Busqueda Fibonacci Paralela,5000,2147470852,0,-1,8,0.0001139641,0.0000000000,0.0002240000
Busqueda Fibonacci Paralela,5000,0,0,-1,8,0.0001201630,0.0000000000,0.0002230000
Busqueda Fibonacci Paralela,10000,322486,0,-1,1,0.0001368523,0.0000000000,0.0001430000
Busqueda Fibonacci Paralela,10000,14700764,0,-1,1,0.0001068115,0.0000000000,0.0001090000
Busqueda Fibonacci Paralela,10000,3128036,0,-1,1,0.0000429153,0.0000000000,0.0000490000
Busqueda Fibonacci Paralela,10000,6337399,0,-1,1,0.0000689030,0.0000000000,0.0000920000
Busqueda Fibonacci Paralela,10000,61396,0,-1,1,0.0000309944,0.0000000000,0.0000380000
Busqueda Fibonacci Paralela,10000,10393545,0,-1,1,0.0000309944,0.0000000000,0.0000340000
Busqueda Fibonacci Paralela,10000,2147445644,0,-1,1,0.0000648499,0.0000000000,0.0000860000
Busqueda Fibonacci Paralela,10000,1295390003,0,-1,1,0.0000278950,0.0000000000,0.0000310000
Busqueda Fibonacci Paralela,10000,450057883,0,-1,1,0.0000329018,0.0000000000,0.0000400000
Busqueda Fibonacci Paralela,10000,187645041,0,-1,1,0.0000309944,0.0000000000,0.0000350000
Busqueda Fibonacci Paralela,10000,1980098116,0,-1,1,0.0000247955,0.0000000000,0.0000280000
Busqueda Fibonacci Paralela,10000,152503,0,-1,1,0.0000231266,0.0000000000,0.0000290000
Busqueda Fibonacci Paralela,10000,5000,0,-1,1,0.0000238419,0.0000000000,0.0000300000
Busqueda Fibonacci Paralela,10000,1493283650,0,-1,1,0.0000240803,0.0000000000,0.0000300000
Busqueda Fibonacci Paralela,10000,214826,0,-1,1,0.0000319481,0.0000000000,0.0000400000
Busqueda Fibonacci Paralela,10000,1843349527,0,-1,1,0.0000281334,0.0000000000,0.0000320000
Busqueda Fibonacci Paralela,10000,1360839354,0,-1,1,0.0000278950,0.0000000000,0.0000320000
Busqueda Fibonacci Paralela,10000,2109248666,0,-1,1,0.0000350475,0.0000000000,0.0000390000
Busqueda Fibonacci Paralela,10000,2147470852,0,-1,1,0.0000228882,0.0000000000,0.0000290000
Busqueda Fibonacci Paralela,10000,0,0,-1,1,0.0000221729,0.0000000000,0.0000270000
Busqueda Fibonacci Paralela,10000,322486,0,-1,2,0.0001242161,0.0002150000,0.0000000000
Busqueda Fibonacci Paralela,10000,14700764,0,-1,2,0.0001029968,0.0000970000,0.0000000000
Busqueda Fibonacci Paralela,10000,3128036,0,-1,2,0.0000510216,0.0000760000,0.0000000000
Busqueda Fibonacci Paralela,10000,6337399,0,-1,2,0.0000429153,0.0000650000,0.0000000000
Busqueda Fibonacci Paralela,10000,61396,0,-1,2,0.0000410080,0.0000670000,0.0000000000
Busqueda Fibonacci Paralela,10000,10393545,0,-1,2,0.0000770092,0.0000960000,0.0000000000
Busqueda Fibonacci Paralela,10000,2147445644,0,-1,2,0.0000388622,0.0000550000,0.0000000000
Busqueda Fibonacci Paralela,10000,1295390003,0,-1,2,0.0000391006,0.0000530000,0.0000000000
Busqueda Fibonacci Paralela,10000,450057883,0,-1,2,0.0000340939,0.0000520000,0.0000000000
Busqueda Fibonacci Paralela,10000,187645041,0,-1,2,0.0000460148,0.0000000000,0.0000580000
Busqueda Fibonacci Paralela,10000,1980098116,0,-1,2,0.0000357628,0.0000000000,0.0000530000
Busqueda Fibonacci Paralela,10000,152503,0,-1,2,0.0000379086,0.0000000000,0.0000530000
Busqueda Fibonacci Paralela,10000,5000,0,-1,2,0.0000560284,0.0000000000,0.0000800000
Busqueda Fibonacci Paralela,10000,1493283650,0,-1,2,0.0000500679,0.0000000000,0.0000750000
Busqueda Fibonacci Paralela,10000,214826,0,-1,2,0.0000450611,0.0000000000,0.0000700000
Busqueda Fibonacci Paralela,10000,1843349527,0,-1,2,0.0000391006,0.0000000000,0.0000570000
Busqueda Fibonacci Paralela,10000,1360839354,0,-1,2,0.0000350475,0.0000000000,0.0000530000
Busqueda Fibonacci Paralela,10000,2109248666,0,-1,2,0.0000340939,0.0000000000,0.0000510000
Busqueda Fibonacci Paralela,10000,2147470852,0,-1,2,0.0000350475,0.0000000000,0.0000530000
Busqueda Fibonacci Paralela,10000,0,0,-1,2,0.0000340939,0.0000000000,0.0000520000
Busqueda Fibonacci Paralela,10000,322486,0,-1,4,0.0001270771,0.0001700000,0.0000860000
Busqueda Fibonacci Paralela,10000,14700764,0,-1,4,0.0000779629,0.0001040000,0.0000530000
Busqueda Fibonacci Paralela,10000,3128036,0,-1,4,0.0000829697,0.0000000000,0.0001520000
Busqueda Fibonacci Paralela,10000,6337399,0,-1,4,0.0001478195,0.0000000000,0.0002960000
Busqueda Fibonacci Paralela,10000,61396,0,-1,4,0.0001149178,0.0000000000,0.0002170000
Busqueda Fibonacci Paralela,10000,10393545,0,-1,4,0.0001051426,0.0000000000,0.0002070000
Busqueda Fibonacci Paralela,10000,2147445644,0,-1,4,0.0000669956,0.0000000000,0.0001230000
Busqueda Fibonacci Paralela,10000,1295390003,0,-1,4,0.0000669956,0.0000420000,0.0000790000
Busqueda Fibonacci Paralela,10000,450057883,0,-1,4,0.0000610352,0.0000520000,0.0000530000
Busqueda Fibonacci Paralela,10000,187645041,0,-1,4,0.0000720024,0.0000570000,0.0000570000
Busqueda Fibonacci Paralela,10000,1980098116,0,-1,4,0.0000660419,0.0000590000,0.0000600000
Busqueda Fibonacci Paralela,10000,152503,0,-1,4,0.0000739098,0.0000590000,0.0000590000
Busqueda Fibonacci Paralela,10000,5000,0,-1,4,0.0001201630,0.0000820000,0.0000740000
Busqueda Fibonacci Paralela,10000,1493283650,0,-1,4,0.0000710487,0.0000610000,0.0000610000
Busqueda Fibonacci Paralela,10000,214826,0,-1,4,0.0000739098,0.0000660000,0.0000670000
Busqueda Fibonacci Paralela,10000,1843349527,0,-1,4,0.0000739098,0.0000600000,0.0000610000
Busqueda Fibonacci Paralela,10000,1360839354,0,-1,4,0.0000619888,0.0000540000,0.0000550000
Busqueda Fibonacci Paralela,10000,2109248666,0,-1,4,0.0000791550,0.0000630000,0.0000650000
Busqueda Fibonacci Paralela,10000,2147470852,0,-1,4,0.0000641346,0.0000520000,0.0000530000
Busqueda Fibonacci Paralela,10000,0,0,-1,4,0.0000619888,0.0000510000,0.0000510000
Busqueda Fibonacci Paralela,10000,322486,0,-1,8,0.0003001690,0.0005770000,0.0000000000
Busqueda Fibonacci Paralela,10000,14700764,0,-1,8,0.0001671314,0.0004750000,0.0000000000
Busqueda Fibonacci Paralela,10000,3128036,0,-1,8,0.0001399517,0.0002490000,0.0000000000
Busqueda Fibonacci Paralela,10000,6337399,0,-1,8,0.0000960827,0.0001920000,0.0000000000
Busqueda Fibonacci Paralela,10000,61396,0,-1,8,0.0001449585,0.0000000000,0.0002830000
Busqueda Fibonacci Paralela,10000,10393545,0,-1,8,0.0001809597,0.0000000000,0.0003780000
Busqueda Fibonacci Paralela,10000,2147445644,0,-1,8,0.0000939369,0.0000000000,0.0001900000
Busqueda Fibonacci Paralela,10000,1295390003,0,-1,8,0.0000958443,0.0000000000,0.0002000000
Busqueda Fibonacci Paralela,10000,450057883,0,-1,8,0.0000891685,0.0000610000,0.0001170000
Busqueda Fibonacci Paralela,10000,187645041,0,-1,8,0.0001149178,0.0001780000,0.0000440000
Busqueda Fibonacci Paralela,10000,1980098116,0,-1,8,0.0000970364,0.0001520000,0.0000380000
Busqueda Fibonacci Paralela,10000,152503,0,-1,8,0.0000920296,0.0001470000,0.0000370000
Busqueda Fibonacci Paralela,10000,5000,0,-1,8,0.0000960827,0.0000000000,0.0001840000
Busqueda Fibonacci Paralela,10000,1493283650,0,-1,8,0.0001080036,0.0000000000,0.0002250000
Busqueda Fibonacci Paralela,10000,214826,0,-1,8,0.0001029968,0.0000000000,0.0002050000
Busqueda Fibonacci Paralela,10000,1843349527,0,-1,8,0.0001280308,0.0000000000,0.0002530000
Busqueda Fibonacci Paralela,10000,1360839354,0,-1,8,0.0001099110,0.0000000000,0.0002050000
Busqueda Fibonacci Paralela,10000,2109248666,0,-1,8,0.0001020432,0.0000000000,0.0001980000
Busqueda Fibonacci Paralela,10000,2147470852,0,-1,8,0.0001270771,0.0000000000,0.0002490000
Busqueda Fibonacci Paralela,10000,0,0,-1,8,0.0001199245,0.0000000000,0.0002360000
Busqueda Fibonacci Paralela,50000,322486,0,-1,1,0.0000748634,0.0000810000,0.0000000000
Busqueda Fibonacci Paralela,50000,14700764,0,-1,1,0.0000832081,0.0000000000,0.0000540000
Busqueda Fibonacci Paralela,50000,3128036,0,-1,1,0.0000848770,0.0000000000,0.0000930000
Busqueda Fibonacci Paralela,50000,6337399,0,-1,1,0.0001060963,0.0000000000,0.0001280000
Busqueda Fibonacci Paralela,50000,61396,0,-1,1,0.0000970364,0.0000000000,0.0001000000
Busqueda Fibonacci Paralela,50000,10393545,0,-1,1,0.0000729561,0.0000000000,0.0000760000
Busqueda Fibonacci Paralela,50000,2147445644,0,-1,1,0.0000510216,0.0000000000,0.0000370000
Busqueda Fibonacci Paralela,50000,1295390003,0,-1,1,0.0000569820,0.0000000000,0.0000630000
Busqueda Fibonacci Paralela,50000,450057883,0,-1,1,0.0000619888,0.0000000000,0.0000680000
Busqueda Fibonacci Paralela,50000,187645041,0,-1,1,0.0000278950,0.0000000000,0.0000330000
Busqueda Fibonacci Paralela,50000,1980098116,0,-1,1,0.0000340939,0.0000000000,0.0000430000
Busqueda Fibonacci Paralela,50000,152503,0,-1,1,0.0000250340,0.0000000000,0.0000320000
Busqueda Fibonacci Paralela,50000,5000,0,-1,1,0.0000231266,0.0000000000,0.0000280000
Busqueda Fibonacci Paralela,50000,1493283650,0,-1,1,0.0000259876,0.0000000000,0.0000320000
Busqueda Fibonacci Paralela,50000,214826,0,-1,1,0.0000309944,0.0000000000,0.0000340000
Busqueda Fibonacci Paralela,50000,1843349527,0,-1,1,0.0000319481,0.0000230000,0.0000120000
Busqueda Fibonacci Paralela,50000,1360839354,0,-1,1,0.0000259876,0.0000290000,0.0000030000
Busqueda Fibonacci Paralela,50000,2109248666,0,-1,1,0.0000329018,0.0000000000,0.0000360000
Busqueda Fibonacci Paralela,50000,2147470852,0,-1,1,0.0000281334,0.0000000000,0.0000340000
Busqueda Fibonacci Paralela,50000,0,0,-1,1,0.0000259876,0.0000000000,0.0000310000
Busqueda Fibonacci Paralela,50000,322486,0,-1,2,0.0001208782,0.0001790000,0.0000170000
Busqueda Fibonacci Paralela,50000,14700764,0,-1,2,0.0000879765,0.0001690000,0.0000170000
Busqueda Fibonacci Paralela,50000,3128036,0,-1,2,0.0000429153,0.0000570000,0.0000060000
Busqueda Fibonacci Paralela,50000,6337399,0,-1,2,0.0001239777,0.0000000000,0.0001940000
Busqueda Fibonacci Paralela,50000,61396,0,-1,2,0.0001041889,0.0000000000,0.0002000000
Busqueda Fibonacci Paralela,50000,10393545,0,-1,2,0.0000581741,0.0000000000,0.0000790000
Busqueda Fibonacci Paralela,50000,2147445644,0,-1,2,0.0000410080,0.0000000000,0.0000590000
Busqueda Fibonacci Paralela,50000,1295390003,0,-1,2,0.0000619888,0.0000000000,0.0000780000
Busqueda Fibonacci Paralela,50000,450057883,0,-1,2,0.0000419617,0.0000000000,0.0000700000
Busqueda Fibonacci Paralela,50000,187645041,0,-1,2,0.0000660419,0.0000000000,0.0001240000
Busqueda Fibonacci Paralela,50000,1980098116,0,-1,2,0.0000700951,0.0000000000,0.0001050000
Busqueda Fibonacci Paralela,50000,152503,0,-1,2,0.0000550747,0.0000480000,0.0000380000
Busqueda Fibonacci Paralela,50000,5000,0,-1,2,0.0000519753,0.0000700000,0.0000140000
Busqueda Fibonacci Paralela,50000,1493283650,0,-1,2,0.0000538826,0.0000710000,0.0000140000
Busqueda Fibonacci Paralela,50000,214826,0,-1,2,0.0000381470,0.0000470000,0.0000100000
Busqueda Fibonacci Paralela,50000,1843349527,0,-1,2,0.0000391006,0.0000480000,0.0000090000
Busqueda Fibonacci Paralela,50000,1360839354,0,-1,2,0.0000479221,0.0000000000,0.0000720000
Busqueda Fibonacci Paralela,50000,2109248666,0,-1,2,0.0000407696,0.0000000000,0.0000650000
Busqueda Fibonacci Paralela,50000,2147470852,0,-1,2,0.0000469685,0.0000000000,0.0000650000
Busqueda Fibonacci Paralela,50000,0,0,-1,2,0.0000469685,0.0000000000,0.0000770000
Busqueda Fibonacci Paralela,50000,322486,0,-1,4,0.0001480579,0.0003760000,0.0000000000
Busqueda Fibonacci Paralela,50000,14700764,0,-1,4,0.0001688004,0.0003400000,0.0000000000
Busqueda Fibonacci Paralela,50000,3128036,0,-1,4,0.0001039505,0.0002060000,0.0000000000
Busqueda Fibonacci Paralela,50000,6337399,0,-1,4,0.0000660419,0.0001190000,0.0000000000
Busqueda Fibonacci Paralela,50000,61396,0,-1,4,0.0000629425,0.0001070000,0.0000000000
Busqueda Fibonacci Paralela,50000,10393545,0,-1,4,0.0000879765,0.0000000000,0.0001710000
Busqueda Fibonacci Paralela,50000,2147445644,0,-1,4,0.0000607967,0.0000000000,0.0001120000
Busqueda Fibonacci Paralela,50000,1295390003,0,-1,4,0.0000588894,0.0000000000,0.0001030000
Busqueda Fibonacci Paralela,50000,450057883,0,-1,4,0.0001080036,0.0000000000,0.0001860000
Busqueda Fibonacci Paralela,50000,187645041,0,-1,4,0.0000851154,0.0000000000,0.0001680000
Busqueda Fibonacci Paralela,50000,1980098116,0,-1,4,0.0000560284,0.0000000000,0.0001000000
Busqueda Fibonacci Paralela,50000,152503,0,-1,4,0.0000770092,0.0000110000,0.0001330000
Busqueda Fibonacci Paralela,50000,5000,0,-1,4,0.0000979900,0.0001530000,0.0000130000
Busqueda Fibonacci Paralela,50000,1493283650,0,-1,4,0.0000870228,0.0001290000,0.0000110000
Busqueda Fibonacci Paralela,50000,214826,0,-1,4,0.0000698566,0.0001100000,0.0000100000
Busqueda Fibonacci Paralela,50000,1843349527,0,-1,4,0.0000860691,0.0000000000,0.0001270000
Busqueda Fibonacci Paralela,50000,1360839354,0,-1,4,0.0000751019,0.0000000000,0.0001340000
Busqueda Fibonacci Paralela,50000,2109248666,0,-1,4,0.0001161098,0.0000000000,0.0002650000
Busqueda Fibonacci Paralela,50000,2147470852,0,-1,4,0.0001239777,0.0000000000,0.0002480000
Busqueda Fibonacci Paralela,50000,0,0,-1,4,0.0000629425,0.0000000000,0.0001060000
Busqueda Fibonacci Paralela,50000,322486,0,-1,8,0.0002789497,0.0005700000,0.0001900000
Busqueda Fibonacci Paralela,50000,14700764,0,-1,8,0.0001220703,0.0002130000,0.0000720000
Busqueda Fibonacci Paralela,50000,3128036,0,-1,8,0.0000920296,0.0001320000,0.0000440000
Busqueda Fibonacci Paralela,50000,6337399,0,-1,8,0.0001151562,0.0000000000,0.0002160000
Busqueda Fibonacci Paralela,50000,61396,0,-1,8,0.0001649857,0.0000000000,0.0003440000
Busqueda Fibonacci Paralela,50000,10393545,0,-1,8,0.0001919270,0.0000000000,0.0004720000
Busqueda Fibonacci Paralela,50000,2147445644,0,-1,8,0.0001430511,0.0000000000,0.0002890000
Busqueda Fibonacci Paralela,50000,1295390003,0,-1,8,0.0001091957,0.0000000000,0.0002170000
Busqueda Fibonacci Paralela,50000,450057883,0,-1,8,0.0001029968,0.0000000000,0.0002020000
Busqueda Fibonacci Paralela,50000,187645041,0,-1,8,0.0001130104,0.0000000000,0.0002150000
Busqueda Fibonacci Paralela,50000,1980098116,0,-1,8,0.0002388954,0.0000000000,0.0004090000
Busqueda Fibonacci Paralela,50000,152503,0,-1,8,0.0001552105,0.0000000000,0.0002940000
Busqueda Fibonacci Paralela,50000,5000,0,-1,8,0.0001249313,0.0000000000,0.0002380000
Busqueda Fibonacci Paralela,50000,1493283650,0,-1,8,0.0001370907,0.0000000000,0.0002530000
Busqueda Fibonacci Paralela,50000,214826,0,-1,8,0.0001068115,0.0000000000,0.0002020000
Busqueda Fibonacci Paralela,50000,1843349527,0,-1,8,0.0001149178,0.0000000000,0.0002150000
Busqueda Fibonacci Paralela,50000,1360839354,0,-1,8,0.0001180172,0.0000000000,0.0002100000
Busqueda Fibonacci Paralela,50000,2109248666,0,-1,8,0.0001130104,0.0000000000,0.0002110000
Busqueda Fibonacci Paralela,50000,2147470852,0,-1,8,0.0001220703,0.0000000000,0.0002180000
Busqueda Fibonacci Paralela,50000,0,0,-1,8,0.0001060963,0.0000000000,0.0002030000
Busqueda Fibonacci Paralela,100000,322486,0,-1,1,0.0001320839,0.0001000000,0.0000100000
Busqueda Fibonacci Paralela,100000,14700764,0,-1,1,0.0001139641,0.0000830000,0.0000080000
Busqueda Fibonacci Paralela,100000,3128036,0,-1,1,0.0000958443,0.0000710000,0.0000070000
Busqueda Fibonacci Paralela,100000,6337399,0,-1,1,0.0000669956,0.0000690000,0.0000070000
Busqueda Fibonacci Paralela,100000,61396,0,-1,1,0.0000739098,0.0000730000,0.0000070000
Busqueda Fibonacci Paralela,100000,10393545,0,-1,1,0.0001001358,0.0000950000,0.0000090000
Busqueda Fibonacci Paralela,100000,2147445644,0,-1,1,0.0000581741,0.0000590000,0.0000060000
Busqueda Fibonacci Paralela,100000,1295390003,0,-1,1,0.0000607967,0.0000610000,0.0000060000
Busqueda Fibonacci Paralela,100000,450057883,0,-1,1,0.0000309944,0.0000340000,0.0000030000
Busqueda Fibonacci Paralela,100000,187645041,0,-1,1,0.0000288486,0.0000320000,0.0000040000
Busqueda Fibonacci Paralela,100000,1980098116,0,-1,1,0.0000360012,0.0000400000,0.0000040000
Busqueda Fibonacci Paralela,100000,152503,0,-1,1,0.0000288486,0.0000320000,0.0000030000
Busqueda Fibonacci Paralela,100000,5000,0,-1,1,0.0000329018,0.0000000000,0.0000390000
Busqueda Fibonacci Paralela,100000,1493283650,0,-1,1,0.0000300407,0.0000000000,0.0000370000
Busqueda Fibonacci Paralela,100000,214826,0,-1,1,0.0000290871,0.0000000000,0.0000350000
Busqueda Fibonacci Paralela,100000,1843349527,0,-1,1,0.0000290871,0.0000000000,0.0000350000
Busqueda Fibonacci Paralela,100000,1360839354,0,-1,1,0.0000288486,0.0000000000,0.0000360000
Busqueda Fibonacci Paralela,100000,2109248666,0,-1,1,0.0000278950,0.0000000000,0.0000350000
Busqueda Fibonacci Paralela,100000,2147470852,0,-1,1,0.0000278950,0.0000000000,0.0000350000
Busqueda Fibonacci Paralela,100000,0,0,-1,1,0.0000300407,0.0000000000,0.0000360000
Busqueda Fibonacci Paralela,100000,322486,0,-1,2,0.0001020432,0.0001640000,0.0000000000
Busqueda Fibonacci Paralela,100000,14700764,0,-1,2,0.0000998974,0.0001340000,0.0000000000
Busqueda Fibonacci Paralela,100000,3128036,0,-1,2,0.0000960827,0.0001770000,0.0000000000
Busqueda Fibonacci Paralela,100000,6337399,0,-1,2,0.0001089573,0.0001630000,0.0000000000
Busqueda Fibonacci Paralela,100000,61396,0,-1,2,0.0000889301,0.0000990000,0.0000000000
Busqueda Fibonacci Paralela,100000,10393545,0,-1,2,0.0000619888,0.0000890000,0.0000000000
Busqueda Fibonacci Paralela,100000,2147445644,0,-1,2,0.0000550747,0.0000860000,0.0000030000
Busqueda Fibonacci Paralela,100000,1295390003,0,-1,2,0.0000579357,0.0000960000,0.0000040000
Busqueda Fibonacci Paralela,100000,450057883,0,-1,2,0.0000531673,0.0000730000,0.0000030000
Busqueda Fibonacci Paralela,100000,187645041,0,-1,2,0.0000510216,0.0000720000,0.0000040000
Busqueda Fibonacci Paralela,100000,1980098116,0,-1,2,0.0000588894,0.0000770000,0.0000000000
Busqueda Fibonacci Paralela,100000,152503,0,-1,2,0.0000469685,0.0000710000,0.0000000000
Busqueda Fibonacci Paralela,100000,5000,0,-1,2,0.0000748634,0.0001120000,0.0000000000
Busqueda Fibonacci Paralela,100000,1493283650,0,-1,2,0.0000400543,0.0000640000,0.0000000000
Busqueda Fibonacci Paralela,100000,214826,0,-1,2,0.0000388622,0.0000570000,0.0000000000
Busqueda Fibonacci Paralela,100000,1843349527,0,-1,2,0.0000369549,0.0000550000,0.0000000000
Busqueda Fibonacci Paralela,100000,1360839354,0,-1,2,0.0000360012,0.0000520000,0.0000000000
Busqueda Fibonacci Paralela,100000,2109248666,0,-1,2,0.0000360012,0.0000520000,0.0000000000
Busqueda Fibonacci Paralela,100000,2147470852,0,-1,2,0.0000510216,0.0000690000,0.0000000000
Busqueda Fibonacci Paralela,100000,0,0,-1,2,0.0000369549,0.0000550000,0.0000000000
Busqueda Fibonacci Paralela,100000,322486,0,-1,4,0.0001499653,0.0000000000,0.0003460000
Busqueda Fibonacci Paralela,100000,14700764,0,-1,4,0.0000929832,0.0000000000,0.0002230000
Busqueda Fibonacci Paralela,100000,3128036,0,-1,4,0.0001139641,0.0000000000,0.0002590000
Busqueda Fibonacci Paralela,100000,6337399,0,-1,4,0.0000979900,0.0001420000,0.0001230000
Busqueda Fibonacci Paralela,100000,61396,0,-1,4,0.0000939369,0.0001710000,0.0000250000
Busqueda Fibonacci Paralela,100000,10393545,0,-1,4,0.0001010895,0.0001770000,0.0000270000
Busqueda Fibonacci Paralela,100000,2147445644,0,-1,4,0.0000679493,0.0001000000,0.0000150000
Busqueda Fibonacci Paralela,100000,1295390003,0,-1,4,0.0000770092,0.0001270000,0.0000190000
Busqueda Fibonacci Paralela,100000,450057883,0,-1,4,0.0000689030,0.0001030000,0.0000160000
Busqueda Fibonacci Paralela,100000,187645041,0,-1,4,0.0001070499,0.0000000000,0.0001780000
Busqueda Fibonacci Paralela,100000,1980098116,0,-1,4,0.0001151562,0.0000000000,0.0001670000
Busqueda Fibonacci Paralela,100000,152503,0,-1,4,0.0000641346,0.0000000000,0.0001080000
Busqueda Fibonacci Paralela,100000,5000,0,-1,4,0.0000698566,0.0000000000,0.0001120000
Busqueda Fibonacci Paralela,100000,1493283650,0,-1,4,0.0000758171,0.0000000000,0.0001400000
Busqueda Fibonacci Paralela,100000,214826,0,-1,4,0.0000648499,0.0000500000,0.0000800000
Busqueda Fibonacci Paralela,100000,1843349527,0,-1,4,0.0000650883,0.0000890000,0.0000170000
Busqueda Fibonacci Paralela,100000,1360839354,0,-1,4,0.0000629425,0.0000870000,0.0000160000
Busqueda Fibonacci Paralela,100000,2109248666,0,-1,4,0.0000638962,0.0000870000,0.0000170000
Busqueda Fibonacci Paralela,100000,2147470852,0,-1,4,0.0000641346,0.0000870000,0.0000170000
Busqueda Fibonacci Paralela,100000,0,0,-1,4,0.0000648499,0.0000890000,0.0000170000
Busqueda Fibonacci Paralela,100000,322486,0,-1,8,0.0002250671,0.0006400000,0.0000000000
Busqueda Fibonacci Paralela,100000,14700764,0,-1,8,0.0001239777,0.0002940000,0.0000000000
Busqueda Fibonacci Paralela,100000,3128036,0,-1,8,0.0002188683,0.0000000000,0.0003290000
Busqueda Fibonacci Paralela,100000,6337399,0,-1,8,0.0001571178,0.0000000000,0.0003140000
Busqueda Fibonacci Paralela,100000,61396,0,-1,8,0.0001399517,0.0000000000,0.0003300000
Busqueda Fibonacci Paralela,100000,10393545,0,-1,8,0.0001471043,0.0002580000,0.0000110000
Busqueda Fibonacci Paralela,100000,2147445644,0,-1,8,0.0001420975,0.0002420000,0.0000100000
Busqueda Fibonacci Paralela,100000,1295390003,0,-1,8,0.0001289845,0.0002130000,0.0000090000
Busqueda Fibonacci Paralela,100000,450057883,0,-1,8,0.0001518726,0.0000000000,0.0002380000
Busqueda Fibonacci Paralela,100000,187645041,0,-1,8,0.0001280308,0.0000000000,0.0002210000
Busqueda Fibonacci Paralela,100000,1980098116,0,-1,8,0.0001342297,0.0000000000,0.0002260000
Busqueda Fibonacci Paralela,100000,152503,0,-1,8,0.0001261234,0.0000000000,0.0002200000
Busqueda Fibonacci Paralela,100000,5000,0,-1,8,0.0001239777,0.0001840000,0.0000660000
Busqueda Fibonacci Paralela,100000,1493283650,0,-1,8,0.0001270771,0.0002060000,0.0000180000
Busqueda Fibonacci Paralela,100000,214826,0,-1,8,0.0001242161,0.0001990000,0.0000170000
Busqueda Fibonacci Paralela,100000,1843349527,0,-1,8,0.0001409054,0.0000000000,0.0002360000
Busqueda Fibonacci Paralela,100000,1360839354,0,-1,8,0.0001289845,0.0000000000,0.0002210000
Busqueda Fibonacci Paralela,100000,2109248666,0,-1,8,0.0001339912,0.0000000000,0.0002290000
Busqueda Fibonacci Paralela,100000,2147470852,0,-1,8,0.0001339912,0.0000000000,0.0002540000
Busqueda Fibonacci Paralela,100000,0,0,-1,8,0.0001299381,0.0000000000,0.0002270000
Busqueda Fibonacci Paralela,500000,322486,0,-1,1,0.0001161098,0.0001230000,0.0000000000
Busqueda Fibonacci Paralela,500000,14700764,0,-1,1,0.0000710487,0.0000470000,0.0000000000
Busqueda Fibonacci Paralela,500000,3128036,0,-1,1,0.0000770092,0.0000820000,0.0000000000
Busqueda Fibonacci Paralela,500000,6337399,0,-1,1,0.0000851154,0.0000920000,0.0000000000
Busqueda Fibonacci Paralela,500000,61396,0,-1,1,0.0000829697,0.0000800000,0.0000000000
Busqueda Fibonacci Paralela,500000,10393545,0,-1,1,0.0000579357,0.0000670000,0.0000000000
Busqueda Fibonacci Paralela,500000,2147445644,0,-1,1,0.0000371933,0.0000460000,0.0000000000
Busqueda Fibonacci Paralela,500000,1295390003,0,-1,1,0.0000321865,0.0000400000,0.0000000000
Busqueda Fibonacci Paralela,500000,450057883,0,-1,1,0.0000290871,0.0000360000,0.0000000000
Busqueda Fibonacci Paralela,500000,187645041,0,-1,1,0.0000791550,0.0000000000,0.0000840000
Busqueda Fibonacci Paralela,500000,1980098116,0,-1,1,0.0000660419,0.0000000000,0.0000700000
Busqueda Fibonacci Paralela,500000,152503,0,-1,1,0.0000269413,0.0000000000,0.0000330000
Busqueda Fibonacci Paralela,500000,5000,0,-1,1,0.0000269413,0.0000000000,0.0000340000
Busqueda Fibonacci Paralela,500000,1493283650,0,-1,1,0.0000238419,0.0000000000,0.0000300000
Busqueda Fibonacci Paralela,500000,214826,0,-1,1,0.0000410080,0.0000000000,0.0000480000
Busqueda Fibonacci Paralela,500000,1843349527,0,-1,1,0.0000507832,0.0000000000,0.0000570000
Busqueda Fibonacci Paralela,500000,1360839354,0,-1,1,0.0000472069,0.0000000000,0.0000540000
Busqueda Fibonacci Paralela,500000,2109248666,0,-1,1,0.0000419617,0.0000000000,0.0000500000
Busqueda Fibonacci Paralela,500000,2147470852,0,-1,1,0.0000407696,0.0000000000,0.0000610000
Busqueda Fibonacci Paralela,500000,0,0,-1,1,0.0000438690,0.0000000000,0.0000510000
Busqueda Fibonacci Paralela,500000,322486,0,-1,2,0.0001208782,0.0000000000,0.0001980000
Busqueda Fibonacci Paralela,500000,14700764,0,-1,2,0.0000798702,0.0000000000,0.0001390000
Busqueda Fibonacci Paralela,500000,3128036,0,-1,2,0.0001080036,0.0000000000,0.0002060000
Busqueda Fibonacci Paralela,500000,6337399,0,-1,2,0.0000948906,0.0000000000,0.0001290000
Busqueda Fibonacci Paralela,500000,61396,0,-1,2,0.0001230240,0.0000000000,0.0002350000
Busqueda Fibonacci Paralela,500000,10393545,0,-1,2,0.0000858307,0.0001550000,0.0000030000
Busqueda Fibonacci Paralela,500000,2147445644,0,-1,2,0.0000710487,0.0001280000,0.0000020000
Busqueda Fibonacci Paralela,500000,1295390003,0,-1,2,0.0000848770,0.0001410000,0.0000020000
Busqueda Fibonacci Paralela,500000,450057883,0,-1,2,0.0000350475,0.0000500000,0.0000010000
Busqueda Fibonacci Paralela,500000,187645041,0,-1,2,0.0000381470,0.0000530000,0.0000010000
Busqueda Fibonacci Paralela,500000,1980098116,0,-1,2,0.0000388622,0.0000000000,0.0000520000
Busqueda Fibonacci Paralela,500000,152503,0,-1,2,0.0000340939,0.0000000000,0.0000530000
Busqueda Fibonacci Paralela,500000,5000,0,-1,2,0.0000331402,0.0000000000,0.0000520000
Busqueda Fibonacci Paralela,500000,1493283650,0,-1,2,0.0000321865,0.0000000000,0.0000500000
Busqueda Fibonacci Paralela,500000,214826,0,-1,2,0.0000321865,0.0000000000,0.0000500000
Busqueda Fibonacci Paralela,500000,1843349527,0,-1,2,0.0000340939,0.0000000000,0.0000500000
Busqueda Fibonacci Paralela,500000,1360839354,0,-1,2,0.0000329018,0.0000000000,0.0000520000
Busqueda Fibonacci Paralela,500000,2109248666,0,-1,2,0.0000381470,0.0000000000,0.0000540000
Busqueda Fibonacci Paralela,500000,2147470852,0,-1,2,0.0000369549,0.0000000000,0.0000550000
Busqueda Fibonacci Paralela,500000,0,0,-1,2,0.0000321865,0.0000000000,0.0000500000
Busqueda Fibonacci Paralela,500000,322486,0,-1,4,0.0002698898,0.0005570000,0.0000040000
Busqueda Fibonacci Paralela,500000,14700764,0,-1,4,0.0001311302,0.0003760000,0.0000030000
Busqueda Fibonacci Paralela,500000,3128036,0,-1,4,0.0001368523,0.0003710000,0.0000040000
Busqueda Fibonacci Paralela,500000,6337399,0,-1,4,0.0000760555,0.0001180000,0.0000010000
Busqueda Fibonacci Paralela,500000,61396,0,-1,4,0.0000519753,0.0000930000,0.0000010000
Busqueda Fibonacci Paralela,500000,10393545,0,-1,4,0.0000679493,0.0001020000,0.0000000000
Busqueda Fibonacci Paralela,500000,2147445644,0,-1,4,0.0000901222,0.0001680000,0.0000000000
Busqueda Fibonacci Paralela,500000,1295390003,0,-1,4,0.0000820160,0.0001230000,0.0000000000
Busqueda Fibonacci Paralela,500000,450057883,0,-1,4,0.0000810623,0.0001380000,0.0000000000
Busqueda Fibonacci Paralela,500000,187645041,0,-1,4,0.0001158714,0.0002050000,0.0000000000
Busqueda Fibonacci Paralela,500000,1980098116,0,-1,4,0.0000839233,0.0001520000,0.0000000000
Busqueda Fibonacci Paralela,500000,152503,0,-1,4,0.0001211166,0.0001930000,0.0000020000
Busqueda Fibonacci Paralela,500000,5000,0,-1,4,0.0000700951,0.0001120000,0.0000010000
Busqueda Fibonacci Paralela,500000,1493283650,0,-1,4,0.0000710487,0.0001180000,0.0000010000
Busqueda Fibonacci Paralela,500000,214826,0,-1,4,0.0000700951,0.0001080000,0.0000010000
Busqueda Fibonacci Paralela,500000,1843349527,0,-1,4,0.0001308918,0.0000000000,0.0001830000
Busqueda Fibonacci Paralela,500000,1360839354,0,-1,4,0.0001020432,0.0000000000,0.0001810000
Busqueda Fibonacci Paralela,500000,2109248666,0,-1,4,0.0000679493,0.0000000000,0.0001220000
Busqueda Fibonacci Paralela,500000,2147470852,0,-1,4,0.0000948906,0.0000000000,0.0001450000
Busqueda Fibonacci Paralela,500000,0,0,-1,4,0.0001301765,0.0000000000,0.0001890000
Busqueda Fibonacci Paralela,500000,322486,0,-1,8,0.0002601147,0.0008360000,0.0000150000
Busqueda Fibonacci Paralela,500000,14700764,0,-1,8,0.0001900196,0.0000000000,0.0003960000
Busqueda Fibonacci Paralela,500000,3128036,0,-1,8,0.0001580715,0.0000000000,0.0004180000
Busqueda Fibonacci Paralela,500000,6337399,0,-1,8,0.0002000332,0.0005200000,0.0001500000
Busqueda Fibonacci Paralela,500000,61396,0,-1,8,0.0001919270,0.0005360000,0.0000150000
Busqueda Fibonacci Paralela,500000,10393545,0,-1,8,0.0001127720,0.0002440000,0.0000060000
Busqueda Fibonacci Paralela,500000,2147445644,0,-1,8,0.0000979900,0.0001800000,0.0000050000
Busqueda Fibonacci Paralela,500000,1295390003,0,-1,8,0.0000998974,0.0000000000,0.0001890000
Busqueda Fibonacci Paralela,500000,450057883,0,-1,8,0.0000929832,0.0000000000,0.0001780000
Busqueda Fibonacci Paralela,500000,187645041,0,-1,8,0.0000979900,0.0000000000,0.0001890000
Busqueda Fibonacci Paralela,500000,1980098116,0,-1,8,0.0000939369,0.0000000000,0.0001840000
Busqueda Fibonacci Paralela,500000,152503,0,-1,8,0.0000929832,0.0000000000,0.0001790000
Busqueda Fibonacci Paralela,500000,5000,0,-1,8,0.0000958443,0.0000000000,0.0001830000
Busqueda Fibonacci Paralela,500000,1493283650,0,-1,8,0.0000929832,0.0000000000,0.0001800000
Busqueda Fibonacci Paralela,500000,214826,0,-1,8,0.0000910759,0.0000000000,0.0001760000
Busqueda Fibonacci Paralela,500000,1843349527,0,-1,8,0.0000970364,0.0000000000,0.0001880000
Busqueda Fibonacci Paralela,500000,1360839354,0,-1,8,0.0000979900,0.0000000000,0.0001820000
Busqueda Fibonacci Paralela,500000,2109248666,0,-1,8,0.0000989437,0.0000000000,0.0001870000
Busqueda Fibonacci Paralela,500000,2147470852,0,-1,8,0.0001349449,0.0000000000,0.0002750000
Busqueda Fibonacci Paralela,500000,0,0,-1,8,0.0001640320,0.0000000000,0.0004150000
Busqueda Fibonacci Paralela,1000000,322486,0,-1,1,0.0001058578,0.0000000000,0.0001160000
Busqueda Fibonacci Paralela,1000000,14700764,0,-1,1,0.0001058578,0.0000000000,0.0001120000
Busqueda Fibonacci Paralela,1000000,3128036,0,-1,1,0.0000860691,0.0000000000,0.0000910000
Busqueda Fibonacci Paralela,1000000,6337399,0,-1,1,0.0000848770,0.0000000000,0.0000900000
Busqueda Fibonacci Paralela,1000000,61396,0,-1,1,0.0000679493,0.0000000000,0.0000730000
Busqueda Fibonacci Paralela,1000000,10393545,0,-1,1,0.0000758171,0.0000000000,0.0000800000
Busqueda Fibonacci Paralela,1000000,2147445644,0,-1,1,0.0000689030,0.0000000000,0.0000770000
Busqueda Fibonacci Paralela,1000000,1295390003,0,-1,1,0.0000650883,0.0000000000,0.0000920000
Busqueda Fibonacci Paralela,1000000,450057883,0,-1,1,0.0000460148,0.0000000000,0.0000680000
Busqueda Fibonacci Paralela,1000000,187645041,0,-1,1,0.0000441074,0.0000480000,0.0000020000
Busqueda Fibonacci Paralela,1000000,1980098116,0,-1,1,0.0000619888,0.0000680000,0.0000030000
Busqueda Fibonacci Paralela,1000000,152503,0,-1,1,0.0000851154,0.0000000000,0.0000860000
Busqueda Fibonacci Paralela,1000000,5000,0,-1,1,0.0000720024,0.0000000000,0.0000790000
Busqueda Fibonacci Paralela,1000000,1493283650,1,694431,1,0.0000300407,0.0000000000,0.0000370000
Busqueda Fibonacci Paralela,1000000,214826,0,-1,1,0.0000309944,0.0000000000,0.0000380000
Busqueda Fibonacci Paralela,1000000,1843349527,0,-1,1,0.0000290871,0.0000000000,0.0000350000
Busqueda Fibonacci Paralela,1000000,1360839354,0,-1,1,0.0000619888,0.0000000000,0.0000700000
Busqueda Fibonacci Paralela,1000000,2109248666,0,-1,1,0.0000751019,0.0000000000,0.0000820000
Busqueda Fibonacci Paralela,1000000,2147470852,0,-1,1,0.0000448227,0.0000000000,0.0000520000
Busqueda Fibonacci Paralela,1000000,0,0,-1,1,0.0000660419,0.0000000000,0.0000720000
Busqueda Fibonacci Paralela,1000000,322486,0,-1,2,0.0002090931,0.0003090000,0.0000000000
Busqueda Fibonacci Paralela,1000000,14700764,0,-1,2,0.0001070499,0.0002080000,0.0000000000
Busqueda Fibonacci Paralela,1000000,3128036,0,-1,2,0.0001828671,0.0002590000,0.0000000000
Busqueda Fibonacci Paralela,1000000,6337399,0,-1,2,0.0000720024,0.0001160000,0.0000000000
Busqueda Fibonacci Paralela,1000000,61396,0,-1,2,0.0000360012,0.0000580000,0.0000000000
Busqueda Fibonacci Paralela,1000000,10393545,0,-1,2,0.0000331402,0.0000510000,0.0000000000
Busqueda Fibonacci Paralela,1000000,2147445644,0,-1,2,0.0000967979,0.0000000000,0.0001730000
Busqueda Fibonacci Paralela,1000000,1295390003,0,-1,2,0.0000519753,0.0000000000,0.0000760000
Busqueda Fibonacci Paralela,1000000,450057883,0,-1,2,0.0000319481,0.0000000000,0.0000490000
Busqueda Fibonacci Paralela,1000000,187645041,0,-1,2,0.0000648499,0.0000000000,0.0000800000
Busqueda Fibonacci Paralela,1000000,1980098116,0,-1,2,0.0000460148,0.0000000000,0.0000760000
Busqueda Fibonacci Paralela,1000000,152503,0,-1,2,0.0000309944,0.0000000000,0.0000470000
Busqueda Fibonacci Paralela,1000000,5000,0,-1,2,0.0000631809,0.0000000000,0.0000770000
Busqueda Fibonacci Paralela,1000000,1493283650,1,694431,2,0.0000450611,0.0000000000,0.0000750000
Busqueda Fibonacci Paralela,1000000,214826,0,-1,2,0.0000679493,0.0000000000,0.0000820000
Busqueda Fibonacci Paralela,1000000,1843349527,0,-1,2,0.0000460148,0.0000000000,0.0000770000
Busqueda Fibonacci Paralela,1000000,1360839354,0,-1,2,0.0000338554,0.0000000000,0.0000490000
Busqueda Fibonacci Paralela,1000000,2109248666,0,-1,2,0.0000319481,0.0000480000,0.0000000000
Busqueda Fibonacci Paralela,1000000,2147470852,0,-1,2,0.0000510216,0.0000650000,0.0000010000
Busqueda Fibonacci Paralela,1000000,0,0,-1,2,0.0000309944,0.0000470000,0.0000010000
Busqueda Fibonacci Paralela,1000000,322486,0,-1,4,0.0001640320,0.0003630000,0.0000000000
Busqueda Fibonacci Paralela,1000000,14700764,0,-1,4,0.0001170635,0.0003940000,0.0000010000
Busqueda Fibonacci Paralela,1000000,3128036,0,-1,4,0.0000610352,0.0001060000,0.0000010000
Busqueda Fibonacci Paralela,1000000,6337399,0,-1,4,0.0000669956,0.0000000000,0.0001060000
Busqueda Fibonacci Paralela,1000000,61396,0,-1,4,0.0001149178,0.0000000000,0.0002540000
Busqueda Fibonacci Paralela,1000000,10393545,0,-1,4,0.0001590252,0.0000000000,0.0003180000
Busqueda Fibonacci Paralela,1000000,2147445644,0,-1,4,0.0001120567,0.0000000000,0.0002530000
Busqueda Fibonacci Paralela,1000000,1295390003,0,-1,4,0.0000731945,0.0001320000,0.0000020000
Busqueda Fibonacci Paralela,1000000,450057883,0,-1,4,0.0000560284,0.0000980000,0.0000010000
Busqueda Fibonacci Paralela,1000000,187645041,0,-1,4,0.0000638962,0.0001100000,0.0000010000
Busqueda Fibonacci Paralela,1000000,1980098116,0,-1,4,0.0000560284,0.0000970000,0.0000010000
Busqueda Fibonacci Paralela,1000000,152503,0,-1,4,0.0000560284,0.0000950000,0.0000010000
Busqueda Fibonacci Paralela,1000000,5000,0,-1,4,0.0000550747,0.0000950000,0.0000000000
Busqueda Fibonacci Paralela,1000000,1493283650,1,694431,4,0.0000541210,0.0000950000,0.0000000000
Busqueda Fibonacci Paralela,1000000,214826,0,-1,4,0.0000681877,0.0000000000,0.0001050000
Busqueda Fibonacci Paralela,1000000,1843349527,0,-1,4,0.0000569820,0.0000000000,0.0000970000
Busqueda Fibonacci Paralela,1000000,1360839354,0,-1,4,0.0000882149,0.0000000000,0.0001830000
Busqueda Fibonacci Paralela,1000000,2109248666,0,-1,4,0.0000669956,0.0000000000,0.0001120000
Busqueda Fibonacci Paralela,1000000,2147470852,0,-1,4,0.0000541210,0.0000000000,0.0000990000
Busqueda Fibonacci Paralela,1000000,0,0,-1,4,0.0000560284,0.0000000000,0.0000980000
Busqueda Fibonacci Paralela,1000000,322486,0,-1,8,0.0003700256,0.0008600000,0.0000230000
Busqueda Fibonacci Paralela,1000000,14700764,0,-1,8,0.0002710819,0.0008390000,0.0000230000
Busqueda Fibonacci Paralela,1000000,3128036,0,-1,8,0.0002138615,0.0000000000,0.0004690000
Busqueda Fibonacci Paralela,1000000,6337399,0,-1,8,0.0002789497,0.0000000000,0.0005600000
Busqueda Fibonacci Paralela,1000000,61396,0,-1,8,0.0001580715,0.0000000000,0.0002830000
Busqueda Fibonacci Paralela,1000000,10393545,0,-1,8,0.0001621246,0.0000000000,0.0003250000
Busqueda Fibonacci Paralela,1000000,2147445644,0,-1,8,0.0001320839,0.0000000000,0.0002190000
Busqueda Fibonacci Paralela,1000000,1295390003,0,-1,8,0.0001840591,0.0000000000,0.0003050000
Busqueda Fibonacci Paralela,1000000,450057883,0,-1,8,0.0001699924,0.0000000000,0.0003150000
Busqueda Fibonacci Paralela,1000000,187645041,0,-1,8,0.0001430511,0.0000000000,0.0002670000
Busqueda Fibonacci Paralela,1000000,1980098116,0,-1,8,0.0001220703,0.0001010000,0.0001080000
Busqueda Fibonacci Paralela,1000000,152503,0,-1,8,0.0001180172,0.0001960000,0.0000080000
Busqueda Fibonacci Paralela,1000000,5000,0,-1,8,0.0001192093,0.0001970000,0.0000080000
Busqueda Fibonacci Paralela,1000000,1493283650,1,694431,8,0.0001449585,0.0000000000,0.0002380000
Busqueda Fibonacci Paralela,1000000,214826,0,-1,8,0.0001819134,0.0000000000,0.0003550000
Busqueda Fibonacci Paralela,1000000,1843349527,0,-1,8,0.0001559258,0.0000000000,0.0002790000
Busqueda Fibonacci Paralela,1000000,1360839354,0,-1,8,0.0001411438,0.0002490000,0.0000110000
Busqueda Fibonacci Paralela,1000000,2109248666,0,-1,8,0.0001389980,0.0002450000,0.0000110000
Busqueda Fibonacci Paralela,1000000,2147470852,0,-1,8,0.0001358986,0.0002330000,0.0000110000
Busqueda Fibonacci Paralela,1000000,0,0,-1,8,0.0001490116,0.0000000000,0.0002370000
Busqueda Fibonacci Paralela,5000000,322486,0,-1,1,0.0001020432,0.0001090000,0.0000000000
Busqueda Fibonacci Paralela,5000000,14700764,0,-1,1,0.0001010895,0.0001050000,0.0000010000
Busqueda Fibonacci Paralela,5000000,3128036,1,7394,1,0.0000560284,0.0000630000,0.0000010000
Busqueda Fibonacci Paralela,5000000,6337399,0,-1,1,0.0001449585,0.0000000000,0.0001470000
Busqueda Fibonacci Paralela,5000000,61396,0,-1,1,0.0000851154,0.0000000000,0.0000930000
Busqueda Fibonacci Paralela,5000000,10393545,0,-1,1,0.0001029968,0.0000000000,0.0001070000
Busqueda Fibonacci Paralela,5000000,2147445644,0,-1,1,0.0000569820,0.0000000000,0.0000790000
Busqueda Fibonacci Paralela,5000000,1295390003,0,-1,1,0.0000340939,0.0000000000,0.0000370000
Busqueda Fibonacci Paralela,5000000,450057883,0,-1,1,0.0003209114,0.0000000000,0.0003270000
Busqueda Fibonacci Paralela,5000000,187645041,0,-1,1,0.0000360012,0.0000000000,0.0000450000
Busqueda Fibonacci Paralela,5000000,1980098116,0,-1,1,0.0000300407,0.0000360000,0.0000010000
Busqueda Fibonacci Paralela,5000000,152503,0,-1,1,0.0000329018,0.0000000000,0.0000360000
Busqueda Fibonacci Paralela,5000000,5000,0,-1,1,0.0000360012,0.0000000000,0.0000440000
Busqueda Fibonacci Paralela,5000000,1493283650,1,3475906,1,0.0000290871,0.0000000000,0.0000540000
Busqueda Fibonacci Paralela,5000000,214826,0,-1,1,0.0000369549,0.0000000000,0.0000450000
Busqueda Fibonacci Paralela,5000000,1843349527,1,4291037,1,0.0000319481,0.0000000000,0.0000390000
Busqueda Fibonacci Paralela,5000000,1360839354,0,-1,1,0.0000329018,0.0000000000,0.0000400000
Busqueda Fibonacci Paralela,5000000,2109248666,0,-1,1,0.0000419617,0.0000000000,0.0000490000
Busqueda Fibonacci Paralela,5000000,2147470852,0,-1,1,0.0000269413,0.0000000000,0.0000330000
Busqueda Fibonacci Paralela,5000000,0,0,-1,1,0.0000278950,0.0000000000,0.0000330000
Busqueda Fibonacci Paralela,5000000,322486,0,-1,2,0.0001428127,0.0002460000,0.0000010000
Busqueda Fibonacci Paralela,5000000,14700764,0,-1,2,0.0001430511,0.0002830000,0.0000030000
Busqueda Fibonacci Paralela,5000000,3128036,1,7394,2,0.0003740788,0.0004030000,0.0000050000
Busqueda Fibonacci Paralela,5000000,6337399,0,-1,2,0.0000369549,0.0000630000,0.0000010000
Busqueda Fibonacci Paralela,5000000,61396,0,-1,2,0.0000360012,0.0000550000,0.0000010000
Busqueda Fibonacci Paralela,5000000,10393545,0,-1,2,0.0000469685,0.0000000000,0.0000630000
Busqueda Fibonacci Paralela,5000000,2147445644,0,-1,2,0.0000970364,0.0000000000,0.0001350000
Busqueda Fibonacci Paralela,5000000,1295390003,0,-1,2,0.0000700951,0.0000000000,0.0001180000
Busqueda Fibonacci Paralela,5000000,450057883,0,-1,2,0.0000569820,0.0000000000,0.0000960000
Busqueda Fibonacci Paralela,5000000,187645041,0,-1,2,0.0000851154,0.0000000000,0.0001230000
Busqueda Fibonacci Paralela,5000000,1980098116,0,-1,2,0.0000860691,0.0000000000,0.0001150000
Busqueda Fibonacci Paralela,5000000,152503,0,-1,2,0.0000350475,0.0000000000,0.0000530000
Busqueda Fibonacci Paralela,5000000,5000,0,-1,2,0.0000410080,0.0000000000,0.0000550000
Busqueda Fibonacci Paralela,5000000,1493283650,1,3475906,2,0.0000360012,0.0000000000,0.0000590000
Busqueda Fibonacci Paralela,5000000,214826,0,-1,2,0.0000348091,0.0000000000,0.0000540000
Busqueda Fibonacci Paralela,5000000,1843349527,1,4291037,2,0.0000369549,0.0000000000,0.0000550000
Busqueda Fibonacci Paralela,5000000,1360839354,0,-1,2,0.0000360012,0.0000000000,0.0000540000
Busqueda Fibonacci Paralela,5000000,2109248666,0,-1,2,0.0000381470,0.0000000000,0.0000550000
Busqueda Fibonacci Paralela,5000000,2147470852,0,-1,2,0.0000360012,0.0000000000,0.0000540000
Busqueda Fibonacci Paralela,5000000,0,0,-1,2,0.0000457764,0.0000000000,0.0000620000
Busqueda Fibonacci Paralela,5000000,322486,0,-1,4,0.0002870560,0.0000000000,0.0005200000
Busqueda Fibonacci Paralela,5000000,14700764,0,-1,4,0.0002009869,0.0000000000,0.0007110000
Busqueda Fibonacci Paralela,5000000,3128036,1,7394,4,0.0001978874,0.0000000000,0.0003860000
Busqueda Fibonacci Paralela,5000000,6337399,0,-1,4,0.0001549721,0.0000000000,0.0003180000
Busqueda Fibonacci Paralela,5000000,61396,0,-1,4,0.0000998974,0.0000000000,0.0001960000
Busqueda Fibonacci Paralela,5000000,10393545,0,-1,4,0.0000600815,0.0000000000,0.0001030000
Busqueda Fibonacci Paralela,5000000,2147445644,0,-1,4,0.0001389980,0.0000000000,0.0003060000
Busqueda Fibonacci Paralela,5000000,1295390003,0,-1,4,0.0000648499,0.0000000000,0.0001090000
Busqueda Fibonacci Paralela,5000000,450057883,0,-1,4,0.0000550747,0.0000000000,0.0001040000
Busqueda Fibonacci Paralela,5000000,187645041,0,-1,4,0.0000610352,0.0000000000,0.0001010000
Busqueda Fibonacci Paralela,5000000,1980098116,0,-1,4,0.0000948906,0.0000000000,0.0001580000
Busqueda Fibonacci Paralela,5000000,152503,0,-1,4,0.0000588894,0.0000000000,0.0001010000
Busqueda Fibonacci Paralela,5000000,5000,0,-1,4,0.0000591278,0.0000000000,0.0001000000
Busqueda Fibonacci Paralela,5000000,1493283650,1,3475906,4,0.0000569820,0.0000000000,0.0001000000
Busqueda Fibonacci Paralela,5000000,214826,0,-1,4,0.0000579357,0.0000000000,0.0001000000
Busqueda Fibonacci Paralela,5000000,1843349527,1,4291037,4,0.0000579357,0.0000000000,0.0000980000
Busqueda Fibonacci Paralela,5000000,1360839354,0,-1,4,0.0000560284,0.0000000000,0.0000980000
Busqueda Fibonacci Paralela,5000000,2109248666,0,-1,4,0.0000581741,0.0000000000,0.0000980000
Busqueda Fibonacci Paralela,5000000,2147470852,0,-1,4,0.0000710487,0.0000000000,0.0001060000
Busqueda Fibonacci Paralela,5000000,0,0,-1,4,0.0000579357,0.0000000000,0.0001010000
Busqueda Fibonacci Paralela,5000000,322486,0,-1,8,0.0003628731,0.0009500000,0.0000130000
Busqueda Fibonacci Paralela,5000000,14700764,0,-1,8,0.0001871586,0.0006010000,0.0000090000
Busqueda Fibonacci Paralela,5000000,3128036,1,7394,8,0.0000958443,0.0001930000,0.0000030000
Busqueda Fibonacci Paralela,5000000,6337399,0,-1,8,0.0002121925,0.0000000000,0.0004180000
Busqueda Fibonacci Paralela,5000000,61396,0,-1,8,0.0001211166,0.0000000000,0.0002110000
Busqueda Fibonacci Paralela,5000000,10393545,0,-1,8,0.0001149178,0.0000000000,0.0002020000
Busqueda Fibonacci Paralela,5000000,2147445644,0,-1,8,0.0001180172,0.0001210000,0.0000830000
Busqueda Fibonacci Paralela,5000000,1295390003,0,-1,8,0.0001151562,0.0001990000,0.0000030000
Busqueda Fibonacci Paralela,5000000,450057883,0,-1,8,0.0001189709,0.0002030000,0.0000030000
Busqueda Fibonacci Paralela,5000000,187645041,0,-1,8,0.0001111031,0.0001940000,0.0000030000
Busqueda Fibonacci Paralela,5000000,1980098116,0,-1,8,0.0002200603,0.0000000000,0.0003470000
Busqueda Fibonacci Paralela,5000000,152503,0,-1,8,0.0001981258,0.0000000000,0.0002540000
Busqueda Fibonacci Paralela,5000000,5000,0,-1,8,0.0001809597,0.0000000000,0.0001980000
Busqueda Fibonacci Paralela,5000000,1493283650,1,3475906,8,0.0001871586,0.0000790000,0.0001180000
Busqueda Fibonacci Paralela,5000000,214826,0,-1,8,0.0003330708,0.0000000000,0.0003160000
Busqueda Fibonacci Paralela,5000000,1843349527,1,4291037,8,0.0002648830,0.0000280000,0.0002580000
Busqueda Fibonacci Paralela,5000000,1360839354,0,-1,8,0.0001599789,0.0002140000,0.0000030000
Busqueda Fibonacci Paralela,5000000,2109248666,0,-1,8,0.0001249313,0.0002150000,0.0000040000
Busqueda Fibonacci Paralela,5000000,2147470852,0,-1,8,0.0001831055,0.0000000000,0.0003110000
Busqueda Fibonacci Paralela,5000000,0,0,-1,8,0.0001590252,0.0000000000,0.0002830000
Busqueda Fibonacci Paralela,10000000,322486,1,1611,1,0.0001351833,0.0001120000,0.0000010000
Busqueda Fibonacci Paralela,10000000,14700764,0,-1,1,0.0001161098,0.0000000000,0.0001030000
Busqueda Fibonacci Paralela,10000000,3128036,1,14725,1,0.0001502037,0.0000000000,0.0001530000
Busqueda Fibonacci Paralela,10000000,6337399,1,29544,1,0.0002238750,0.0000000000,0.0002550000
Busqueda Fibonacci Paralela,10000000,61396,0,-1,1,0.0000848770,0.0000000000,0.0000930000
Busqueda Fibonacci Paralela,10000000,10393545,1,48374,1,0.0000360012,0.0000000000,0.0000400000
Busqueda Fibonacci Paralela,10000000,2147445644,0,-1,1,0.0000619888,0.0000000000,0.0000700000
Busqueda Fibonacci Paralela,10000000,1295390003,1,6031093,1,0.0000951290,0.0000270000,0.0000920000
Busqueda Fibonacci Paralela,10000000,450057883,0,-1,1,0.0000321865,0.0000380000,0.0000010000
Busqueda Fibonacci Paralela,10000000,187645041,0,-1,1,0.0000431538,0.0000000000,0.0000450000
Busqueda Fibonacci Paralela,10000000,1980098116,0,-1,1,0.0000400543,0.0000000000,0.0000490000
Busqueda Fibonacci Paralela,10000000,152503,0,-1,1,0.0000581741,0.0000000000,0.0000390000
Busqueda Fibonacci Paralela,10000000,5000,0,-1,1,0.0000309944,0.0000000000,0.0000380000
Busqueda Fibonacci Paralela,10000000,1493283650,1,6952607,1,0.0000300407,0.0000000000,0.0000370000
Busqueda Fibonacci Paralela,10000000,214826,0,-1,1,0.0000278950,0.0000000000,0.0000350000
Busqueda Fibonacci Paralela,10000000,1843349527,1,8582390,1,0.0000298023,0.0000000000,0.0000360000
Busqueda Fibonacci Paralela,10000000,1360839354,0,-1,1,0.0000288486,0.0000000000,0.0000350000
Busqueda Fibonacci Paralela,10000000,2109248666,1,9822539,1,0.0000288486,0.0000000000,0.0000340000
Busqueda Fibonacci Paralela,10000000,2147470852,1,9999942,1,0.0000278950,0.0000000000,0.0000340000
Busqueda Fibonacci Paralela,10000000,0,0,-1,1,0.0000271797,0.0000000000,0.0000340000
Busqueda Fibonacci Paralela,10000000,322486,1,1611,2,0.0001358986,0.0000000000,0.0002250000
Busqueda Fibonacci Paralela,10000000,14700764,0,-1,2,0.0001621246,0.0000000000,0.0002600000
Busqueda Fibonacci Paralela,10000000,3128036,1,14725,2,0.0002031326,0.0000000000,0.0002840000
Busqueda Fibonacci Paralela,10000000,6337399,1,29544,2,0.0001571178,0.0002380000,0.0000630000
Busqueda Fibonacci Paralela,10000000,61396,0,-1,2,0.0000660419,0.0000850000,0.0000020000
Busqueda Fibonacci Paralela,10000000,10393545,1,48374,2,0.0000569820,0.0000730000,0.0000010000
Busqueda Fibonacci Paralela,10000000,2147445644,0,-1,2,0.0000360012,0.0000530000,0.0000010000
Busqueda Fibonacci Paralela,10000000,1295390003,1,6031093,2,0.0000348091,0.0000510000,0.0000010000
Busqueda Fibonacci Paralela,10000000,450057883,0,-1,2,0.0000951290,0.0000000000,0.0001450000
Busqueda Fibonacci Paralela,10000000,187645041,0,-1,2,0.0000350475,0.0000000000,0.0000530000
Busqueda Fibonacci Paralela,10000000,1980098116,0,-1,2,0.0000360012,0.0000000000,0.0000540000
Busqueda Fibonacci Paralela,10000000,152503,0,-1,2,0.0000319481,0.0000000000,0.0000510000
Busqueda Fibonacci Paralela,10000000,5000,0,-1,2,0.0000340939,0.0000000000,0.0000510000
Busqueda Fibonacci Paralela,10000000,1493283650,1,6952607,2,0.0000360012,0.0000000000,0.0000540000
Busqueda Fibonacci Paralela,10000000,214826,0,-1,2,0.0000360012,0.0000000000,0.0000540000
Busqueda Fibonacci Paralela,10000000,1843349527,1,8582390,2,0.0000338554,0.0000000000,0.0000520000
Busqueda Fibonacci Paralela,10000000,1360839354,0,-1,2,0.0000331402,0.0000000000,0.0000540000
Busqueda Fibonacci Paralela,10000000,2109248666,1,9822539,2,0.0000400543,0.0000000000,0.0000580000
Busqueda Fibonacci Paralela,10000000,2147470852,1,9999942,2,0.0000319481,0.0000000000,0.0000500000
Busqueda Fibonacci Paralela,10000000,0,0,-1,2,0.0000319481,0.0000000000,0.0000490000
Busqueda Fibonacci Paralela,10000000,322486,1,1611,4,0.0001440048,0.0002160000,0.0000030000
Busqueda Fibonacci Paralela,10000000,14700764,0,-1,4,0.0000739098,0.0001300000,0.0000020000
Busqueda Fibonacci Paralela,10000000,3128036,1,14725,4,0.0000860691,0.0000000000,0.0001360000
Busqueda Fibonacci Paralela,10000000,6337399,1,29544,4,0.0001001358,0.0000000000,0.0001420000
Busqueda Fibonacci Paralela,10000000,61396,0,-1,4,0.0000898838,0.0000000000,0.0001370000
Busqueda Fibonacci Paralela,10000000,10393545,1,48374,4,0.0000898838,0.0000000000,0.0001380000
Busqueda Fibonacci Paralela,10000000,2147445644,0,-1,4,0.0000798702,0.0000000000,0.0001260000
Busqueda Fibonacci Paralela,10000000,1295390003,1,6031093,4,0.0000648499,0.0000000000,0.0001120000
Busqueda Fibonacci Paralela,10000000,450057883,0,-1,4,0.0000648499,0.0000930000,0.0000190000
Busqueda Fibonacci Paralela,10000000,187645041,0,-1,4,0.0000650883,0.0001100000,0.0000020000
Busqueda Fibonacci Paralela,10000000,1980098116,0,-1,4,0.0000760555,0.0001180000,0.0000020000
Busqueda Fibonacci Paralela,10000000,152503,0,-1,4,0.0000760555,0.0001200000,0.0000020000
Busqueda Fibonacci Paralela,10000000,5000,0,-1,4,0.0000720024,0.0000000000,0.0001170000
Busqueda Fibonacci Paralela,10000000,1493283650,1,6952607,4,0.0000689030,0.0000000000,0.0001190000
Busqueda Fibonacci Paralela,10000000,214826,0,-1,4,0.0000720024,0.0000000000,0.0001220000
Busqueda Fibonacci Paralela,10000000,1843349527,1,8582390,4,0.0000700951,0.0000000000,0.0001240000
Busqueda Fibonacci Paralela,10000000,1360839354,0,-1,4,0.0007269382,0.0000000000,0.0001480000
Busqueda Fibonacci Paralela,10000000,2109248666,1,9822539,4,0.0000820160,0.0000000000,0.0001350000
Busqueda Fibonacci Paralela,10000000,2147470852,1,9999942,4,0.0000958443,0.0000000000,0.0001440000
Busqueda Fibonacci Paralela,10000000,0,0,-1,4,0.0001068115,0.0000000000,0.0001740000
Busqueda Fibonacci Paralela,10000000,322486,1,1611,8,0.0003750324,0.0008770000,0.0000000000
Busqueda Fibonacci Paralela,10000000,14700764,0,-1,8,0.0001490116,0.0003300000,0.0000000000
Busqueda Fibonacci Paralela,10000000,3128036,1,14725,8,0.0002460480,0.0000000000,0.0006020000
Busqueda Fibonacci Paralela,10000000,6337399,1,29544,8,0.0001499653,0.0000000000,0.0002980000
Busqueda Fibonacci Paralela,10000000,61396,0,-1,8,0.0001900196,0.0000000000,0.0002640000
Busqueda Fibonacci Paralela,10000000,10393545,1,48374,8,0.0001380444,0.0000000000,0.0002680000
Busqueda Fibonacci Paralela,10000000,2147445644,0,-1,8,0.0001120567,0.0000000000,0.0002220000
Busqueda Fibonacci Paralela,10000000,1295390003,1,6031093,8,0.0001051426,0.0000000000,0.0001990000
Busqueda Fibonacci Paralela,10000000,450057883,0,-1,8,0.0001630783,0.0000000000,0.0003360000
Busqueda Fibonacci Paralela,10000000,187645041,0,-1,8,0.0001728535,0.0000000000,0.0004550000
Busqueda Fibonacci Paralela,10000000,1980098116,0,-1,8,0.0001268387,0.0000870000,0.0001510000
Busqueda Fibonacci Paralela,10000000,152503,0,-1,8,0.0001111031,0.0002150000,0.0000040000
Busqueda Fibonacci Paralela,10000000,5000,0,-1,8,0.0000929832,0.0001790000,0.0000030000
Busqueda Fibonacci Paralela,10000000,1493283650,1,6952607,8,0.0000929832,0.0001800000,0.0000030000
Busqueda Fibonacci Paralela,10000000,214826,0,-1,8,0.0001058578,0.0000000000,0.0001930000
Busqueda Fibonacci Paralela,10000000,1843349527,1,8582390,8,0.0001339912,0.0000000000,0.0002810000
Busqueda Fibonacci Paralela,10000000,1360839354,0,-1,8,0.0001020432,0.0000000000,0.0001880000
Busqueda Fibonacci Paralela,10000000,2109248666,1,9822539,8,0.0001020432,0.0000000000,0.0001870000
Busqueda Fibonacci Paralela,10000000,2147470852,1,9999942,8,0.0000991821,0.0000000000,0.0001850000
Busqueda Fibonacci Paralela,10000000,0,0,-1,8,0.0000989437,0.0000000000,0.0001860000
